STORE_CODE,PRICE_EATIN,STATUS,EFFECTIVE_DATE
1,Not Priced,Inactive,
6,0.45,Active,09/21/26
7,0.3,Active,09/21/26
15,0.25,Active,09/21/26
22,Not Priced,Inactive,
26,0.29,Inactive,09/21/26
28,0.25,Active,09/21/26
29,0.5,Active,09/21/26
32,0.29,Inactive,09/21/26
37,0.39,Active,09/21/26
38,0.29,Inactive,09/21/26
39,0.29,Inactive,09/21/26
40,0.25,Active,09/21/26
47,0.29,Active,09/21/26
49,0.25,Active,09/21/26
52,0.25,Active,09/21/26
53,0.49,Inactive,09/21/26
55,0.29,Active,09/21/26
56,0.25,Inactive,09/21/26
57,0.29,Active,09/21/26
59,0.29,Inactive,09/21/26
61,0.39,Active,09/21/26
63,0.59,Active,09/21/26
66,0,Inactive,09/21/26
68,0.39,Active,09/21/26
70,0.25,Active,09/21/26
71,0.19,Inactive,09/21/26
72,0.39,Active,09/21/26
73,0.29,Inactive,09/21/26
74,0.29,Active,09/21/26
76,0.19,Inactive,09/21/26
77,0.29,Active,09/21/26
78,0.29,Inactive,09/21/26
79,0.39,Inactive,09/21/26
80,0.29,Active,09/21/26
82,0.29,Active,09/21/26
83,0.59,Active,09/21/26
86,0.29,Active,09/21/26
87,0.39,Active,09/21/26
88,0.29,Active,09/21/26
90,0.25,Active,09/21/26
91,0.3,Inactive,09/21/26
93,0.25,Active,09/21/26
94,0.29,Active,09/21/26
95,0.25,Active,09/21/26
97,0.29,Active,09/21/26
100,0.25,Active,09/21/26
101,0.3,Inactive,09/21/26
103,0.25,Inactive,09/21/26
104,0.15,Inactive,09/21/26
108,0.3,Inactive,09/21/26
109,0.25,Inactive,09/21/26
110,0.25,Active,09/21/26
112,0.3,Active,09/21/26
116,0.49,Inactive,09/21/26
117,0.29,Active,09/21/26
119,0.3,Inactive,09/21/26
121,0.39,Active,09/21/26
122,0.29,Inactive,09/21/26
123,0.29,Inactive,09/21/26
124,0.3,Active,09/21/26
128,0.29,Active,09/21/26
132,0.39,Active,09/21/26
134,0.3,Inactive,09/21/26
135,0.29,Active,09/21/26
139,0.3,Active,09/21/26
142,0.5,Active,09/21/26
144,0.29,Active,09/21/26
147,0.19,Active,09/21/26
148,0.29,Inactive,09/21/26
151,0.29,Active,09/21/26
152,0.29,Inactive,09/21/26
154,0.3,Inactive,09/21/26
156,0.29,Active,09/21/26
158,0.3,Active,09/21/26
159,0.29,Active,09/21/26
160,0.49,Inactive,09/21/26
162,0.29,Active,09/21/26
163,0.2,Active,09/21/26
164,0.39,Active,09/21/26
165,0.29,Active,09/21/26
166,0.15,Active,09/21/26
169,0.29,Active,09/21/26
171,0.29,Active,09/21/26
173,0.25,Active,09/21/26
174,0.29,Inactive,09/21/26
179,0.35,Inactive,09/21/26
180,0.25,Active,09/21/26
181,0.29,Active,09/21/26
183,0.25,Inactive,09/21/26
187,0.29,Inactive,09/21/26
188,0.39,Active,09/21/26
189,0.39,Active,09/21/26
190,0.19,Inactive,09/21/26
191,0.29,Active,09/21/26
192,0.35,Active,09/21/26
193,0.25,Inactive,09/21/26
197,0.49,Active,09/21/26
198,0.25,Active,09/21/26
200,0.29,Inactive,09/21/26
201,0.39,Active,09/21/26
202,0.3,Inactive,09/21/26
203,0.3,Inactive,09/21/26
204,0.29,Active,09/21/26
207,0.4,Active,09/21/26
209,0.3,Active,09/21/26
210,0.29,Active,09/21/26
211,0.29,Active,09/21/26
212,0.25,Inactive,09/21/26
216,0.39,Active,09/21/26
217,0.29,Inactive,09/21/26
219,0.29,Active,09/21/26
220,0.35,Active,09/21/26
221,0.25,Active,09/21/26
222,0.29,Active,09/21/26
223,0.25,Active,09/21/26
225,0.25,Active,09/21/26
226,0.29,Active,09/21/26
229,0.3,Active,09/21/26
231,0.29,Inactive,09/21/26
232,0.25,Active,09/21/26
234,0.29,Inactive,09/21/26
235,0.29,Inactive,09/21/26
236,0.25,Inactive,09/21/26
240,0.25,Active,09/21/26
241,0.29,Active,09/21/26
242,0.25,Inactive,09/21/26
248,0.29,Active,09/21/26
249,0.25,Active,09/21/26
250,0.29,Active,09/21/26
252,0.25,Inactive,09/21/26
253,0.29,Active,09/21/26
255,0.25,Inactive,09/21/26
256,0.29,Inactive,09/21/26
258,0.29,Active,09/21/26
260,0.3,Active,09/21/26
261,0.3,Active,09/21/26
262,0.5,Inactive,09/21/26
264,0.29,Active,09/21/26
265,0.29,Active,09/21/26
268,0.25,Active,09/21/26
270,0.29,Active,09/21/26
273,0.3,Inactive,09/21/26
274,0.29,Active,09/21/26
276,0.49,Active,09/21/26
277,0.25,Active,09/21/26
278,0.59,Active,09/21/26
280,0.25,Active,09/21/26
284,0.3,Inactive,09/21/26
287,0.29,Inactive,09/21/26
288,0.59,Active,09/21/26
289,0.35,Active,09/21/26
290,0.39,Inactive,09/21/26
291,0.29,Active,09/21/26
292,0.25,Active,09/21/26
293,0.25,Active,09/21/26
294,0.29,Active,09/21/26
295,0.5,Inactive,09/21/26
301,0.39,Active,09/21/26
302,0.49,Inactive,09/21/26
306,0.25,Inactive,09/21/26
308,0.29,Active,09/21/26
309,0.3,Active,09/21/26
312,0.3,Active,09/21/26
313,0.29,Inactive,09/21/26
315,0.25,Inactive,09/21/26
316,0.29,Active,09/21/26
317,0.15,Active,09/21/26
318,0.29,Active,09/21/26
319,0.29,Active,09/21/26
320,0,Inactive,09/21/26
324,0.39,Active,09/21/26
326,0.29,Active,09/21/26
328,0.3,Inactive,09/21/26
329,0.25,Inactive,09/21/26
330,0.15,Inactive,09/21/26
335,0.39,Active,09/21/26
337,0.29,Active,09/21/26
339,0.25,Active,09/21/26
342,0.25,Active,09/21/26
343,0.19,Active,09/21/26
346,0.29,Active,09/21/26
348,0.39,Inactive,09/21/26
351,0.39,Active,09/21/26
353,0.2,Inactive,09/21/26
356,0.3,Inactive,09/21/26
357,0.29,Active,09/21/26
359,0.25,Inactive,09/21/26
362,0.39,Active,09/21/26
364,0.3,Inactive,09/21/26
366,0.25,Active,09/21/26
368,0.29,Active,09/21/26
371,0,Active,09/21/26
373,0.29,Active,09/21/26
375,0.25,Active,09/21/26
380,0.1,Inactive,09/21/26
381,0.49,Active,09/21/26
383,0.25,Inactive,09/21/26
384,0.3,Inactive,09/21/26
385,0.3,Active,09/21/26
391,0.25,Active,09/21/26
392,0.59,Active,09/21/26
396,Not Priced,Inactive,
398,0.25,Active,09/21/26
400,0.25,Inactive,09/21/26
401,0.29,Active,09/21/26
405,0.19,Active,09/21/26
406,0.29,Active,09/21/26
407,0.29,Inactive,09/21/26
410,0.15,Inactive,09/21/26
411,0.25,Active,09/21/26
415,0.49,Active,09/21/26
416,0.1,Active,09/21/26
420,0.25,Inactive,09/21/26
422,0.29,Active,09/21/26
424,0.25,Active,09/21/26
425,0.3,Inactive,09/21/26
428,0.3,Active,09/21/26
429,0,Active,09/21/26
432,0.29,Active,09/21/26
434,0.29,Active,09/21/26
435,0.69,Active,09/21/26
437,0.29,Active,09/21/26
438,0.25,Active,09/21/26
441,0.29,Inactive,09/21/26
442,0.25,Active,09/21/26
445,0.29,Active,09/21/26
447,0.3,Active,09/21/26
451,0.25,Active,09/21/26
453,0.5,Active,09/21/26
455,0.25,Active,09/21/26
458,0.25,Active,09/21/26
459,0.69,Active,09/21/26
460,0.25,Active,09/21/26
462,Not Priced,Inactive,
463,0.5,Active,09/21/26
465,0.39,Active,09/21/26
466,0.49,Inactive,09/21/26
467,0.19,Active,09/21/26
468,0.25,Active,09/21/26
470,0.45,Active,09/21/26
471,0.5,Inactive,09/21/26
472,0.2,Inactive,09/21/26
475,0.19,Inactive,09/21/26
476,0.29,Active,09/21/26
478,0.25,Active,09/21/26
482,0.29,Active,09/21/26
483,0.25,Active,09/21/26
486,0.29,Active,09/21/26
487,0.29,Active,09/21/26
488,0.29,Active,09/21/26
490,0.35,Active,09/21/26
491,0.3,Inactive,09/21/26
492,0.29,Active,09/21/26
493,0.29,Active,09/21/26
496,0.3,Active,09/21/26
500,0.29,Inactive,09/21/26
501,0.5,Active,09/21/26
503,0.35,Active,09/21/26
504,0.39,Active,09/21/26
505,0,Active,09/21/26
506,0.29,Inactive,09/21/26
512,0,Active,09/21/26
513,0.25,Active,09/21/26
516,0.25,Inactive,09/21/26
521,0,Active,09/21/26
524,0.25,Inactive,09/21/26
525,0.29,Inactive,09/21/26
529,0.3,Active,09/21/26
530,0.29,Active,09/21/26
531,0.39,Active,09/21/26
532,0,Active,09/21/26
534,0.29,Active,09/21/26
536,0.49,Active,09/21/26
538,0.29,Active,09/21/26
540,0.29,Active,09/21/26
543,0.25,Active,09/21/26
549,0.29,Active,09/21/26
550,0.5,Active,09/21/26
551,0.25,Active,09/21/26
552,0.25,Inactive,09/21/26
553,0.26,Inactive,09/21/26
555,0,Active,09/21/26
557,0.3,Active,09/21/26
558,0.25,Inactive,09/21/26
561,0.25,Active,09/21/26
562,0.25,Inactive,09/21/26
563,0.5,Active,09/21/26
565,0.25,Active,09/21/26
566,0,Active,09/21/26
567,0.25,Active,09/21/26
568,0.29,Inactive,09/21/26
569,0.29,Active,09/21/26
570,0.3,Inactive,09/21/26
571,0.5,Active,09/21/26
572,0.25,Active,09/21/26
573,0.25,Inactive,09/21/26
574,0.29,Active,09/21/26
578,0.25,Active,09/21/26
579,0.1,Active,09/21/26
583,0.25,Active,09/21/26
585,0.25,Inactive,09/21/26
589,0.29,Active,09/21/26
590,0.29,Inactive,09/21/26
592,0.29,Active,09/21/26
593,0.25,Inactive,09/21/26
594,0.25,Inactive,09/21/26
595,0.29,Inactive,09/21/26
596,0.25,Active,09/21/26
597,Not Priced,Inactive,
599,0.29,Active,09/21/26
600,0.29,Active,09/21/26
603,0.39,Active,09/21/26
604,0.5,Inactive,09/21/26
605,0.29,Inactive,09/21/26
609,0.39,Active,09/21/26
611,0.59,Active,09/21/26
612,0.29,Active,09/21/26
613,0.29,Inactive,09/21/26
616,0.25,Active,09/21/26
618,0.29,Inactive,09/21/26
621,0.39,Active,09/21/26
623,0,Active,09/21/26
625,0.25,Active,09/21/26
626,0.49,Active,09/21/26
627,0.29,Inactive,09/21/26
629,0.25,Active,09/21/26
632,0.29,Active,09/21/26
633,0.29,Active,09/21/26
634,0.29,Inactive,09/21/26
641,0.3,Active,09/21/26
643,0.42,Active,09/21/26
644,0.25,Active,09/21/26
645,0.29,Active,09/21/26
647,0,Active,09/21/26
648,0.3,Inactive,09/21/26
649,0.29,Active,09/21/26
650,0.25,Inactive,09/21/26
652,0.39,Active,09/21/26
653,0.25,Inactive,09/21/26
654,0.39,Active,09/21/26
655,0.3,Active,09/21/26
658,0.25,Active,09/21/26
660,0.15,Inactive,09/21/26
661,0.25,Active,09/21/26
662,0.29,Active,09/21/26
666,0.5,Inactive,09/21/26
668,0.3,Active,09/21/26
669,0.25,Inactive,09/21/26
670,0.19,Inactive,09/21/26
671,0,Active,09/21/26
672,0.5,Inactive,09/21/26
677,0.25,Inactive,09/21/26
678,0.25,Active,09/21/26
681,0.25,Active,09/21/26
682,0.25,Inactive,09/21/26
683,0.25,Active,09/21/26
684,0.29,Active,09/21/26
685,0.25,Inactive,09/21/26
688,0.49,Active,09/21/26
690,0.3,Active,09/21/26
691,0.25,Active,09/21/26
693,0.29,Active,09/21/26
695,0.29,Active,09/21/26
697,0.25,Active,09/21/26
701,0.29,Active,09/21/26
702,0.59,Active,09/21/26
705,0.33,Active,09/21/26
706,0.3,Active,09/21/26
708,0.29,Inactive,09/21/26
711,0.29,Active,09/21/26
713,0.29,Active,09/21/26
714,0.25,Active,09/21/26
715,0.29,Active,09/21/26
717,0.29,Active,09/21/26
719,0.3,Active,09/21/26
723,0.25,Active,09/21/26
724,0.29,Inactive,09/21/26
726,0.39,Inactive,09/21/26
728,0.25,Active,09/21/26
729,0.29,Active,09/21/26
731,0.39,Inactive,09/21/26
735,0.25,Active,09/21/26
736,0.29,Active,09/21/26
737,0.3,Inactive,09/21/26
738,0.29,Inactive,09/21/26
739,0.29,Active,09/21/26
740,0.29,Active,09/21/26
741,0.29,Inactive,09/21/26
742,0.29,Inactive,09/21/26
744,0.29,Inactive,09/21/26
748,0.25,Inactive,09/21/26
749,0.25,Active,09/21/26
750,0.29,Inactive,09/21/26
751,0.15,Active,09/21/26
752,0.29,Active,09/21/26
753,0.39,Active,09/21/26
754,0.25,Active,09/21/26
757,0.29,Active,09/21/26
758,0.25,Active,09/21/26
761,0.5,Active,09/21/26
762,0.29,Inactive,09/21/26
763,0.32,Inactive,09/21/26
764,0.25,Inactive,09/21/26
766,0.29,Active,09/21/26
767,0.3,Inactive,09/21/26
768,0.25,Inactive,09/21/26
769,0.39,Inactive,09/21/26
770,0.29,Inactive,09/21/26
772,0.25,Active,09/21/26
773,0.25,Active,09/21/26
775,0.29,Active,09/21/26
776,0.29,Active,09/21/26
777,0.25,Active,09/21/26
778,0.39,Active,09/21/26
779,0.29,Inactive,09/21/26
780,0.39,Inactive,09/21/26
781,0.29,Active,09/21/26
782,0.25,Inactive,09/21/26
787,0.25,Active,09/21/26
788,0.29,Active,09/21/26
789,0.25,Active,09/21/26
791,0.49,Inactive,09/21/26
792,0.29,Inactive,09/21/26
793,0.29,Inactive,09/21/26
794,0.39,Active,09/21/26
795,0.29,Active,09/21/26
799,0.29,Active,09/21/26
801,0.39,Inactive,09/21/26
802,0.25,Active,09/21/26
803,0.25,Active,09/21/26
804,0.3,Active,09/21/26
805,0.35,Active,09/21/26
806,0.29,Inactive,09/21/26
807,0.25,Active,09/21/26
809,0.25,Active,09/21/26
812,0.25,Active,09/21/26
813,0.29,Inactive,09/21/26
814,0.29,Active,09/21/26
815,0.29,Inactive,09/21/26
816,0.39,Active,09/21/26
817,0.29,Inactive,09/21/26
818,0.19,Active,09/21/26
820,0.25,Inactive,09/21/26
821,0.25,Active,09/21/26
823,0.29,Active,09/21/26
825,0.3,Inactive,09/21/26
826,0.49,Inactive,09/21/26
830,0.3,Inactive,09/21/26
832,0.25,Active,09/21/26
833,0.29,Active,09/21/26
834,0.29,Active,09/21/26
837,0.19,Inactive,09/21/26
839,0.29,Active,09/21/26
841,0.25,Active,09/21/26
842,0.29,Active,09/21/26
843,0.39,Active,09/21/26
844,0.25,Active,09/21/26
846,0.4,Active,09/21/26
847,0.15,Inactive,09/21/26
849,0.35,Active,09/21/26
850,0.29,Active,09/21/26
851,0.29,Inactive,09/21/26
852,0.29,Active,09/21/26
853,0.49,Active,09/21/26
854,0.29,Inactive,09/21/26
855,0.25,Active,09/21/26
856,0.29,Active,09/21/26
857,0.35,Inactive,09/21/26
858,0.15,Inactive,09/21/26
860,0.5,Active,09/21/26
862,0.29,Inactive,09/21/26
863,0.29,Active,09/21/26
864,0.29,Active,09/21/26
865,0.29,Active,09/21/26
866,0.29,Inactive,09/21/26
867,0.29,Active,09/21/26
870,0.29,Inactive,09/21/26
871,0.15,Inactive,09/21/26
872,0.5,Active,09/21/26
874,0.29,Active,09/21/26
875,0.29,Active,09/21/26
876,0.29,Active,09/21/26
877,0.25,Inactive,09/21/26
881,0.25,Inactive,09/21/26
882,0.29,Active,09/21/26
883,0.29,Active,09/21/26
885,0.25,Active,09/21/26
886,0.25,Active,09/21/26
887,0.2,Active,09/21/26
888,0.29,Active,09/21/26
890,0.25,Inactive,09/21/26
891,0.19,Inactive,09/21/26
892,0.29,Active,09/21/26
894,0.49,Active,09/21/26
897,0.59,Active,09/21/26
898,0.39,Active,09/21/26
900,0.29,Inactive,09/21/26
901,0.29,Active,09/21/26
903,0.39,Inactive,09/21/26
904,0.29,Inactive,09/21/26
905,0.39,Inactive,09/21/26
908,0.29,Active,09/21/26
909,0.3,Active,09/21/26
910,0.39,Active,09/21/26
911,0.15,Inactive,09/21/26
912,0.29,Active,09/21/26
916,0.4,Inactive,09/21/26
917,0.29,Active,09/21/26
918,0.29,Active,09/21/26
919,0.15,Active,09/21/26
921,0.25,Inactive,09/21/26
922,0.29,Inactive,09/21/26
924,0.19,Active,09/21/26
925,0.3,Active,09/21/26
927,0.29,Active,09/21/26
930,0.29,Active,09/21/26
932,0.29,Active,09/21/26
933,0,Inactive,09/21/26
935,0.25,Active,09/21/26
936,0.5,Inactive,09/21/26
938,0.25,Active,09/21/26
939,0.29,Active,09/21/26
940,0.25,Inactive,09/21/26
941,0.25,Active,09/21/26
942,0.3,Active,09/21/26
943,0.29,Active,09/21/26
944,0.25,Inactive,09/21/26
945,0.25,Inactive,09/21/26
947,0.25,Inactive,09/21/26
948,0.39,Inactive,09/21/26
949,0.25,Inactive,09/21/26
951,0.29,Active,09/21/26
952,0.39,Active,09/21/26
953,0.29,Active,09/21/26
958,0.3,Active,09/21/26
959,0.29,Active,09/21/26
961,0.29,Active,09/21/26
962,0.29,Active,09/21/26
965,0.29,Active,09/21/26
966,0.39,Inactive,09/21/26
967,0.29,Inactive,09/21/26
968,0.29,Active,09/21/26
969,0.25,Active,09/21/26
970,0.25,Active,09/21/26
971,0.29,Active,09/21/26
973,0.25,Active,09/21/26
974,0.29,Inactive,09/21/26
975,0.29,Inactive,09/21/26
976,0.29,Active,09/21/26
979,0.3,Active,09/21/26
983,0.25,Active,09/21/26
987,0.39,Inactive,09/21/26
988,0.29,Active,09/21/26
989,0.29,Inactive,09/21/26
990,0.29,Active,09/21/26
993,0.39,Active,09/21/26
995,0.15,Active,09/21/26
996,0.3,Inactive,09/21/26
998,0.59,Inactive,09/21/26
999,0.49,Active,09/21/26
1000,0.29,Active,09/21/26
1001,0.39,Inactive,09/21/26
1005,0.29,Active,09/21/26
1006,0.49,Active,09/21/26
1007,0.25,Active,09/21/26
1008,0.39,Active,09/21/26
1009,0.25,Inactive,09/21/26
1010,0.25,Inactive,09/21/26
1013,0.25,Active,09/21/26
1014,0.45,Active,09/21/26
1018,0.3,Inactive,09/21/26
1020,0.25,Inactive,09/21/26
1021,0.39,Inactive,09/21/26
1022,0.69,Active,09/21/26
1023,0.29,Active,09/21/26
1024,0.39,Active,09/21/26
1026,0.39,Active,09/21/26
1027,0.29,Active,09/21/26
1030,0.3,Active,09/21/26
1032,0.25,Inactive,09/21/26
1033,0.29,Active,09/21/26
1034,0.29,Active,09/21/26
1035,0.38,Active,09/21/26
1039,0.5,Inactive,09/21/26
1043,0.5,Active,09/21/26
1044,0.29,Inactive,09/21/26
1045,0.29,Active,09/21/26
1047,0.25,Active,09/21/26
1048,0.3,Active,09/21/26
1049,0.49,Inactive,09/21/26
1051,0.29,Active,09/21/26
1052,0.2,Inactive,09/21/26
1053,0.25,Inactive,09/21/26
1055,0,Active,09/21/26
1057,0.29,Active,09/21/26
1058,0.35,Inactive,09/21/26
1059,0.5,Inactive,09/21/26
1061,0.29,Inactive,09/21/26
1063,0.39,Inactive,09/21/26
1064,0.29,Active,09/21/26
1065,0.25,Inactive,09/21/26
1072,0.25,Active,09/21/26
1073,0.19,Inactive,09/21/26
1074,0.25,Inactive,09/21/26
1075,0.29,Inactive,09/21/26
1076,0.29,Active,09/21/26
1077,0.29,Inactive,09/21/26
1079,0.29,Active,09/21/26
1080,0.25,Active,09/21/26
1081,0.45,Active,09/21/26
1083,0.6,Active,09/21/26
1084,0.5,Inactive,09/21/26
1085,0.25,Inactive,09/21/26
1086,0.29,Active,09/21/26
1087,0.3,Active,09/21/26
1090,0.29,Active,09/21/26
1092,0.29,Active,09/21/26
1093,0.45,Active,09/21/26
1095,0.19,Active,09/21/26
1096,0.25,Inactive,09/21/26
1098,0.29,Active,09/21/26
1099,0.29,Active,09/21/26
1100,0.4,Active,09/21/26
1102,0.25,Inactive,09/21/26
1103,0.25,Active,09/21/26
1105,0.25,Active,09/21/26
1107,0.25,Active,09/21/26
1108,0.29,Active,09/21/26
1109,0.29,Active,09/21/26
1110,0.45,Active,09/21/26
1111,0.44,Active,09/21/26
1113,0.29,Active,09/21/26
1114,0.29,Active,09/21/26
1115,0.59,Active,09/21/26
1116,0.5,Active,09/21/26
1118,0.29,Active,09/21/26
1119,0.25,Active,09/21/26
1120,0.39,Inactive,09/21/26
1121,0.39,Inactive,09/21/26
1122,0.25,Active,09/21/26
1123,0.25,Active,09/21/26
1124,0.29,Active,09/21/26
1125,0.59,Active,09/21/26
1126,0.39,Inactive,09/21/26
1127,0.25,Active,09/21/26
1132,0.29,Active,09/21/26
1133,0.35,Active,09/21/26
1135,0.39,Inactive,09/21/26
1136,0.29,Inactive,09/21/26
1146,0.29,Active,09/21/26
1147,0.29,Active,09/21/26
1148,0.25,Active,09/21/26
1149,0.25,Active,09/21/26
1150,0.39,Inactive,09/21/26
1152,0.29,Active,09/21/26
1154,0.29,Active,09/21/26
1155,0.29,Active,09/21/26
1157,0.29,Active,09/21/26
1158,0.29,Active,09/21/26
1159,0.4,Active,09/21/26
1161,0.19,Active,09/21/26
1162,0.29,Inactive,09/21/26
1163,0.39,Inactive,09/21/26
1166,0.29,Active,09/21/26
1167,0.29,Inactive,09/21/26
1168,0.29,Inactive,09/21/26
1169,0.25,Active,09/21/26
1170,0.29,Active,09/21/26
1171,0.25,Active,09/21/26
1172,0.59,Active,09/21/26
1174,0.29,Active,09/21/26
1175,0.29,Inactive,09/21/26
1179,0.39,Active,09/21/26
1180,0.29,Inactive,09/21/26
1181,0,Active,09/21/26
1182,0.39,Active,09/21/26
1183,0.2,Inactive,09/21/26
1190,0.5,Active,09/21/26
1195,0.39,Active,09/21/26
1199,0.3,Active,09/21/26
1200,0.25,Active,09/21/26
1201,0.29,Active,09/21/26
1203,0.29,Inactive,09/21/26
1205,0.25,Inactive,09/21/26
1206,0.19,Active,09/21/26
1207,0.29,Active,09/21/26
1208,0.29,Active,09/21/26
1209,0.19,Inactive,09/21/26
1212,0.3,Inactive,09/21/26
1213,0.29,Active,09/21/26
1215,0.35,Active,09/21/26
1216,0.35,Active,09/21/26
1218,0.29,Inactive,09/21/26
1219,0.29,Inactive,09/21/26
1220,0.29,Active,09/21/26
1221,0.25,Inactive,09/21/26
1223,0.29,Active,09/21/26
1224,0.15,Inactive,09/21/26
1225,0.39,Active,09/21/26
1226,0.3,Inactive,09/21/26
1228,0.25,Inactive,09/21/26
1229,0.29,Active,09/21/26
1230,0.29,Active,09/21/26
1231,0.29,Inactive,09/21/26
1233,0.25,Inactive,09/21/26
1235,0.29,Active,09/21/26
1239,0.59,Active,09/21/26
1240,0.39,Active,09/21/26
1243,0.25,Active,09/21/26
1246,0.29,Active,09/21/26
1247,0.29,Inactive,09/21/26
1248,0.3,Inactive,09/21/26
1249,0.25,Active,09/21/26
1250,0.25,Active,09/21/26
1252,0.5,Active,09/21/26
1255,0.39,Active,09/21/26
1257,0.39,Active,09/21/26
1258,0.39,Active,09/21/26
1259,0.29,Active,09/21/26
1260,0.59,Active,09/21/26
1263,0.49,Active,09/21/26
1264,0.29,Active,09/21/26
1265,0.29,Active,09/21/26
1266,0.29,Inactive,09/21/26
1267,0.49,Active,09/21/26
1270,0.49,Inactive,09/21/26
1272,0.3,Inactive,09/21/26
1273,0.25,Active,09/21/26
1274,0.33,Active,09/21/26
1276,0.29,Active,09/21/26
1278,0.25,Active,09/21/26
1281,0.3,Active,09/21/26
1284,0.29,Active,09/21/26
1288,0.29,Active,09/21/26
1289,0.25,Inactive,09/21/26
1291,0.29,Active,09/21/26
1293,0.39,Active,09/21/26
1294,0.29,Inactive,09/21/26
1296,0.29,Active,09/21/26
1298,0.3,Active,09/21/26
1300,0.29,Active,09/21/26
1301,0.1,Inactive,09/21/26
1302,0.29,Inactive,09/21/26
1304,0.29,Inactive,09/21/26
1305,0.55,Active,09/21/26
1308,0.25,Active,09/21/26
1309,0.25,Active,09/21/26
1310,0.25,Active,09/21/26
1312,0.2,Active,09/21/26
1313,0.29,Active,09/21/26
1314,0.29,Active,09/21/26
1316,0.39,Active,09/21/26
1318,0.25,Active,09/21/26
1322,0.25,Active,09/21/26
1323,0.49,Inactive,09/21/26
1325,0.29,Active,09/21/26
1327,0.2,Active,09/21/26
1328,0.29,Active,09/21/26
1329,0.29,Active,09/21/26
1330,0.39,Active,09/21/26
1337,0.29,Active,09/21/26
1339,0.25,Inactive,09/21/26
1340,0.3,Active,09/21/26
1341,0.3,Active,09/21/26
1343,0.5,Inactive,09/21/26
1345,0.5,Inactive,09/21/26
1346,0.39,Active,09/21/26
1349,0,Active,09/21/26
1350,0.3,Active,09/21/26
1351,0.25,Inactive,09/21/26
1352,Not Priced,Inactive,
1353,0.29,Active,09/21/26
1355,0.25,Active,09/21/26
1356,0.39,Active,09/21/26
1357,0.29,Active,09/21/26
1359,0.29,Inactive,09/21/26
1360,0.29,Active,09/21/26
1361,0.44,Active,09/21/26
1362,0.2,Active,09/21/26
1363,0.29,Active,09/21/26
1364,0.59,Active,09/21/26
1365,0.1,Active,09/21/26
1366,0.3,Inactive,09/21/26
1367,0.25,Inactive,09/21/26
1369,0.3,Active,09/21/26
1370,0.35,Active,09/21/26
1373,0.29,Active,09/21/26
1377,0.29,Inactive,09/21/26
1379,0.29,Active,09/21/26
1380,0.25,Inactive,09/21/26
1381,0.29,Inactive,09/21/26
1382,0.39,Active,09/21/26
1384,0.39,Active,09/21/26
1385,0.29,Active,09/21/26
1386,0.27,Active,09/21/26
1387,0.29,Active,09/21/26
1388,0.5,Active,09/21/26
1389,0.39,Active,09/21/26
1391,0.39,Inactive,09/21/26
1392,0.25,Inactive,09/21/26
1393,0.29,Active,09/21/26
1394,0.29,Active,09/21/26
1395,0.29,Active,09/21/26
1396,0.25,Active,09/21/26
1398,0.25,Inactive,09/21/26
1399,0.29,Active,09/21/26
1402,0.19,Active,09/21/26
1403,0.29,Active,09/21/26
1405,0.1,Inactive,09/21/26
1406,0.59,Active,09/21/26
1408,0.5,Inactive,09/21/26
1409,0.25,Active,09/21/26
1411,0.29,Active,09/21/26
1412,0.45,Active,09/21/26
1413,0.29,Active,09/21/26
1416,0.29,Active,09/21/26
1417,0.39,Active,09/21/26
1418,0.39,Inactive,09/21/26
1420,0.29,Active,09/21/26
1421,0.13,Active,09/21/26
1422,0.13,Active,09/21/26
1423,0.35,Active,09/21/26
1424,0.35,Active,09/21/26
1426,0.35,Inactive,09/21/26
1429,0.15,Active,09/21/26
1432,0.25,Active,09/21/26
1433,0.29,Active,09/21/26
1435,0.25,Inactive,09/21/26
1437,0.29,Active,09/21/26
1438,0.39,Active,09/21/26
1439,0.29,Active,09/21/26
1440,0.25,Active,09/21/26
1442,0.25,Active,09/21/26
1443,0.29,Active,09/21/26
1444,0.29,Inactive,09/21/26
1446,0.15,Inactive,09/21/26
1447,0.2,Active,09/21/26
1453,0.25,Active,09/21/26
1459,0.29,Active,09/21/26
1460,0.25,Active,09/21/26
1461,0.3,Inactive,09/21/26
1462,0.44,Active,09/21/26
1465,0.25,Active,09/21/26
1466,0.39,Active,09/21/26
1468,0.5,Inactive,09/21/26
1471,Not Priced,Inactive,
1472,0.5,Inactive,09/21/26
1473,0.5,Inactive,09/21/26
1474,0.25,Inactive,09/21/26
1475,0.29,Active,09/21/26
1476,0.29,Inactive,09/21/26
1477,0.29,Active,09/21/26
1478,0.25,Active,09/21/26
1479,0.29,Active,09/21/26
1480,0,Active,09/21/26
1481,0.3,Active,09/21/26
1482,0.25,Active,09/21/26
1485,0.19,Active,09/21/26
1488,0.29,Inactive,09/21/26
1489,0.29,Inactive,09/21/26
1490,0.49,Inactive,09/21/26
1491,0.25,Active,09/21/26
1492,0.35,Active,09/21/26
1493,0.3,Active,09/21/26
1494,0.25,Inactive,09/21/26
1496,0.29,Active,09/21/26
1498,0.25,Inactive,09/21/26
1500,0.29,Active,09/21/26
1502,0.49,Active,09/21/26
1503,0.25,Inactive,09/21/26
1504,0.29,Active,09/21/26
1505,0.25,Active,09/21/26
1508,0.29,Active,09/21/26
1509,0.6,Active,09/21/26
1510,0.29,Active,09/21/26
1511,0.15,Inactive,09/21/26
1512,0.25,Active,09/21/26
1515,0.15,Inactive,09/21/26
1517,0.29,Inactive,09/21/26
1518,0.25,Active,09/21/26
1519,0.79,Active,09/21/26
1525,0.2,Active,09/21/26
1527,0.59,Inactive,09/21/26
1528,0.1,Active,09/21/26
1529,0.39,Inactive,09/21/26
1531,0.29,Active,09/21/26
1532,0.29,Active,09/21/26
1533,0,Active,09/21/26
1534,0.15,Active,09/21/26
1538,0.1,Active,09/21/26
1540,0.19,Active,09/21/26
1541,0.25,Active,09/21/26
1543,0.29,Inactive,09/21/26
1545,0.3,Inactive,09/21/26
1546,0.3,Active,09/21/26
1547,0.49,Active,09/21/26
1548,0.29,Inactive,09/21/26
1549,0.29,Active,09/21/26
1550,0.39,Active,09/21/26
1552,0.29,Active,09/21/26
1553,0,Active,09/21/26
1554,0.29,Inactive,09/21/26
1555,0.29,Active,09/21/26
1556,0.25,Inactive,09/21/26
1557,0.35,Active,09/21/26
1560,0.29,Inactive,09/21/26
1561,0.25,Active,09/21/26
1564,0.5,Inactive,09/21/26
1565,0.29,Active,09/21/26
1567,0.25,Inactive,09/21/26
1568,0.25,Active,09/21/26
1569,0.29,Active,09/21/26
1570,0.45,Active,09/21/26
1572,0.3,Active,09/21/26
1576,0.25,Inactive,09/21/26
1577,0.25,Active,09/21/26
1581,0.59,Active,09/21/26
1582,0.25,Active,09/21/26
1583,0.49,Inactive,09/21/26
1585,0.25,Active,09/21/26
1587,0.29,Active,09/21/26
1588,0.5,Active,09/21/26
1589,0.39,Active,09/21/26
1591,0.25,Inactive,09/21/26
1592,0.25,Active,09/21/26
1593,0.4,Inactive,09/21/26
1594,0.1,Active,09/21/26
1595,0.49,Active,09/21/26
1596,0.29,Active,09/21/26
1599,0.39,Active,09/21/26
1601,0.25,Inactive,09/21/26
1603,0.25,Active,09/21/26
1605,0.29,Active,09/21/26
1611,0.3,Active,09/21/26
1612,0.3,Active,09/21/26
1613,0.29,Active,09/21/26
1616,0.25,Inactive,09/21/26
1620,0.5,Inactive,09/21/26
1621,0.39,Active,09/21/26
1624,0.49,Inactive,09/21/26
1625,0.3,Inactive,09/21/26
1626,0.29,Active,09/21/26
1627,0.39,Inactive,09/21/26
1629,0.29,Active,09/21/26
1630,0.39,Inactive,09/21/26
1631,0.39,Inactive,09/21/26
1632,0,Inactive,09/21/26
1633,0.49,Active,09/21/26
1634,0.5,Inactive,09/21/26
1636,0.29,Active,09/21/26
1638,0.29,Inactive,09/21/26
1641,0.29,Active,09/21/26
1643,0.29,Active,09/21/26
1644,0.23,Active,09/21/26
1645,0.29,Active,09/21/26
1649,0.5,Active,09/21/26
1650,0.29,Active,09/21/26
1654,0.3,Active,09/21/26
1655,0.29,Inactive,09/21/26
1656,0.25,Inactive,09/21/26
1657,0.3,Active,09/21/26
1658,0.59,Active,09/21/26
1660,0.1,Inactive,09/21/26
1661,0.29,Inactive,09/21/26
1662,0.3,Active,09/21/26
1664,0.25,Active,09/21/26
1666,0.29,Active,09/21/26
1667,0.29,Active,09/21/26
1669,0.25,Active,09/21/26
1670,0.25,Active,09/21/26
1672,0.29,Active,09/21/26
1674,0.3,Active,09/21/26
1680,0.29,Active,09/21/26
1681,0.19,Active,09/21/26
1682,0.5,Active,09/21/26
1683,0.6,Active,09/21/26
1687,0.29,Active,09/21/26
1692,0.25,Inactive,09/21/26
1693,0.29,Active,09/21/26
1696,0.25,Inactive,09/21/26
1697,0.69,Active,09/21/26
1698,0.29,Active,09/21/26
1699,0.29,Active,09/21/26
1700,0.25,Inactive,09/21/26
1702,0.25,Active,09/21/26
1703,0,Active,09/21/26
1707,0.29,Active,09/21/26
1708,0.35,Inactive,09/21/26
1709,0.3,Inactive,09/21/26
1710,0.25,Active,09/21/26
1711,0.2,Inactive,09/21/26
1712,0.29,Active,09/21/26
1715,0.29,Active,09/21/26
1716,0.29,Active,09/21/26
1718,0,Active,09/21/26
1719,0.29,Active,09/21/26
1720,0.29,Active,09/21/26
1721,0.35,Inactive,09/21/26
1722,0.29,Inactive,09/21/26
1723,0.25,Active,09/21/26
1724,0.29,Active,09/21/26
1725,0.25,Active,09/21/26
1727,0.3,Active,09/21/26
1728,0.25,Inactive,09/21/26
1729,0.29,Active,09/21/26
1730,0.25,Inactive,09/21/26
1732,0.3,Inactive,09/21/26
1733,0.25,Active,09/21/26
1738,0.29,Active,09/21/26
1739,0.29,Inactive,09/21/26
1740,0.25,Active,09/21/26
1741,0.3,Active,09/21/26
1742,0.3,Inactive,09/21/26
1745,0.1,Inactive,09/21/26
1746,0.25,Inactive,09/21/26
1747,0.25,Inactive,09/21/26
1748,0.29,Active,09/21/26
1749,0.5,Inactive,09/21/26
1750,0.39,Active,09/21/26
1755,0.39,Active,09/21/26
1756,0.29,Inactive,09/21/26
1759,0.25,Active,09/21/26
1760,0,Inactive,09/21/26
1761,0.25,Active,09/21/26
1762,0.25,Active,09/21/26
1766,0.29,Active,09/21/26
1767,0.4,Inactive,09/21/26
1768,0.75,Active,09/21/26
1769,0,Active,09/21/26
1770,0.29,Active,09/21/26
1771,0.3,Active,09/21/26
1772,0.29,Active,09/21/26
1773,1,Active,09/21/26
1774,0.2,Active,09/21/26
1775,0.29,Inactive,09/21/26
1779,0.25,Active,09/21/26
1781,0.19,Active,09/21/26
1782,0.39,Active,09/21/26
1783,0.39,Active,09/21/26
1784,0.25,Inactive,09/21/26
1786,0.39,Active,09/21/26
1789,0.19,Inactive,09/21/26
1790,0.39,Active,09/21/26
1794,0.5,Inactive,09/21/26
1795,0.25,Inactive,09/21/26
1796,0.3,Active,09/21/26
1797,0.29,Active,09/21/26
1799,0.29,Inactive,09/21/26
1802,0.25,Active,09/21/26
1803,0.29,Active,09/21/26
1806,0.29,Active,09/21/26
1807,0.29,Inactive,09/21/26
1810,0.25,Active,09/21/26
1811,0.35,Inactive,09/21/26
1812,0.39,Inactive,09/21/26
1814,0.39,Active,09/21/26
1816,0.39,Active,09/21/26
1817,0.25,Inactive,09/21/26
1818,0.25,Active,09/21/26
1819,0.29,Inactive,09/21/26
1821,0.25,Active,09/21/26
1822,0.25,Active,09/21/26
1823,0.49,Active,09/21/26
1824,0.29,Inactive,09/21/26
1825,0.29,Inactive,09/21/26
1826,0.1,Active,09/21/26
1828,0.25,Active,09/21/26
1829,0,Active,09/21/26
1831,0.25,Inactive,09/21/26
1834,0.5,Active,09/21/26
1835,0.39,Active,09/21/26
1837,0.35,Active,09/21/26
1838,0.29,Active,09/21/26
1840,0.25,Inactive,09/21/26
1841,0,Active,09/21/26
1842,0.29,Active,09/21/26
1843,0.5,Active,09/21/26
1844,0.49,Active,09/21/26
1847,0.25,Active,09/21/26
1848,0.29,Active,09/21/26
1850,0.3,Inactive,09/21/26
1851,0.25,Inactive,09/21/26
1852,0.22,Inactive,09/21/26
1855,0.1,Active,09/21/26
1856,0.3,Active,09/21/26
1858,0.39,Inactive,09/21/26
1859,0.29,Active,09/21/26
1862,0.25,Inactive,09/21/26
1863,0.29,Active,09/21/26
1864,0.39,Inactive,09/21/26
1866,0.5,Inactive,09/21/26
1867,0.2,Active,09/21/26
1868,0.25,Active,09/21/26
1869,0.29,Active,09/21/26
1870,0.2,Inactive,09/21/26
1871,0.29,Active,09/21/26
1872,0.29,Active,09/21/26
1874,0.29,Inactive,09/21/26
1878,0.29,Inactive,09/21/26
1879,0.1,Active,09/21/26
1881,0.29,Active,09/21/26
1882,0.5,Active,09/21/26
1883,0.29,Active,09/21/26
1884,0.39,Active,09/21/26
1885,0.4,Active,09/21/26
1886,0.39,Active,09/21/26
1888,0.29,Active,09/21/26
1890,0.39,Active,09/21/26
1892,0.45,Active,09/21/26
1893,0.39,Inactive,09/21/26
1894,0.29,Active,09/21/26
1896,0.19,Active,09/21/26
1897,0.25,Active,09/21/26
1898,0.22,Inactive,09/21/26
1899,0.29,Active,09/21/26
1901,0.2,Active,09/21/26
1902,0.25,Active,09/21/26
1905,0.25,Active,09/21/26
1907,0.3,Inactive,09/21/26
1908,0.25,Active,09/21/26
1909,0.25,Active,09/21/26
1910,0.25,Active,09/21/26
1911,0.29,Active,09/21/26
1913,0.25,Active,09/21/26
1914,0.25,Active,09/21/26
1916,0.29,Active,09/21/26
1917,0.25,Active,09/21/26
1919,0.19,Inactive,09/21/26
1921,0.39,Active,09/21/26
1922,0.29,Active,09/21/26
1923,0.25,Active,09/21/26
1924,0.29,Active,09/21/26
1925,0.59,Active,09/21/26
1926,Not Priced,Inactive,
1927,0.39,Active,09/21/26
1928,0.25,Active,09/21/26
1929,0.39,Inactive,09/21/26
1930,0.29,Active,09/21/26
1933,0.29,Inactive,09/21/26
1934,0.25,Active,09/21/26
1935,0.39,Active,09/21/26
1936,0.3,Active,09/21/26
1938,0.25,Inactive,09/21/26
1939,0.29,Active,09/21/26
1942,0.29,Active,09/21/26
1943,0.29,Active,09/21/26
1945,0.29,Active,09/21/26
1946,0.29,Inactive,09/21/26
1947,0.15,Inactive,09/21/26
1948,0.25,Active,09/21/26
1949,0.29,Active,09/21/26
1950,0,Active,09/21/26
1952,0.29,Active,09/21/26
1953,0.29,Active,09/21/26
1954,0.29,Active,09/21/26
1956,0.39,Active,09/21/26
1959,0.35,Active,09/21/26
1962,0.29,Active,09/21/26
1963,0,Inactive,09/21/26
1964,0.29,Active,09/21/26
1965,0.25,Inactive,09/21/26
1966,0.25,Active,09/21/26
1967,0.25,Inactive,09/21/26
1968,0.29,Active,09/21/26
1969,0.19,Active,09/21/26
1971,0.25,Active,09/21/26
1979,0.15,Inactive,09/21/26
1980,0.25,Active,09/21/26
1981,0.25,Active,09/21/26
1982,0.39,Inactive,09/21/26
1983,0.15,Inactive,09/21/26
1985,0.3,Inactive,09/21/26
1991,0.29,Active,09/21/26
1992,0.49,Inactive,09/21/26
1993,0.25,Active,09/21/26
1999,0.49,Inactive,09/21/26
2000,0.29,Active,09/21/26
2001,0.29,Active,09/21/26
2002,0.29,Active,09/21/26
2005,0.25,Active,09/21/26
2006,0.29,Active,09/21/26
2007,0.25,Inactive,09/21/26
2008,0.25,Active,09/21/26
2010,0.3,Active,09/21/26
2011,0.25,Active,09/21/26
2012,0.29,Active,09/21/26
2014,0.25,Active,09/21/26
2015,0.5,Active,09/21/26
2017,0.39,Active,09/21/26
2018,0.15,Active,09/21/26
2019,0.39,Active,09/21/26
2020,0.35,Active,09/21/26
2021,0.3,Active,09/21/26
2022,0.25,Active,09/21/26
2023,0.29,Active,09/21/26
2025,0.39,Active,09/21/26
2026,0.25,Inactive,09/21/26
2027,0.15,Active,09/21/26
2029,Not Priced,Inactive,
2030,0.3,Active,09/21/26
2032,0.39,Inactive,09/21/26
2033,0.29,Active,09/21/26
2034,0.25,Active,09/21/26
2036,0.25,Active,09/21/26
2038,0.25,Active,09/21/26
2039,0.5,Inactive,09/21/26
2043,0.29,Active,09/21/26
2045,0.29,Inactive,09/21/26
2046,0.29,Active,09/21/26
2048,0.25,Inactive,09/21/26
2050,0,Active,09/21/26
2051,0.25,Active,09/21/26
2053,0.39,Active,09/21/26
2054,0.26,Inactive,09/21/26
2055,0.3,Active,09/21/26
2056,0.19,Active,09/21/26
2057,0.25,Active,09/21/26
2060,0.5,Active,09/21/26
2062,0.25,Inactive,09/21/26
2063,0.29,Active,09/21/26
2066,0.25,Active,09/21/26
2067,0.29,Inactive,09/21/26
2070,0.29,Inactive,09/21/26
2071,0.25,Active,09/21/26
2072,0.29,Active,09/21/26
2073,0.25,Inactive,09/21/26
2074,0.29,Active,09/21/26
2075,0.29,Active,09/21/26
2077,0.49,Active,09/21/26
2078,0.39,Active,09/21/26
2079,0.29,Active,09/21/26
2080,0.3,Active,09/21/26
2081,0.29,Active,09/21/26
2083,0.15,Active,09/21/26
2086,0.39,Inactive,09/21/26
2087,0.25,Active,09/21/26
2090,0.29,Active,09/21/26
2091,0.5,Inactive,09/21/26
2093,0.39,Active,09/21/26
2094,0.29,Inactive,09/21/26
2095,0.25,Inactive,09/21/26
2098,0.3,Inactive,09/21/26
2099,0.29,Active,09/21/26
2100,0.29,Inactive,09/21/26
2101,0.3,Active,09/21/26
2103,0.29,Active,09/21/26
2104,0.39,Active,09/21/26
2106,0.29,Inactive,09/21/26
2108,0.29,Active,09/21/26
2109,0.39,Active,09/21/26
2110,0.39,Inactive,09/21/26
2111,0.25,Inactive,09/21/26
2113,0.3,Active,09/21/26
2114,0,Active,09/21/26
2115,0.3,Active,09/21/26
2116,0.29,Active,09/21/26
2120,0.4,Inactive,09/21/26
2121,0.25,Active,09/21/26
2123,0.29,Active,09/21/26
2126,0.3,Inactive,09/21/26
2130,0.3,Inactive,09/21/26
2132,0,Active,09/21/26
2133,0.29,Active,09/21/26
2134,0.39,Active,09/21/26
2147,0.19,Inactive,09/21/26
2149,0.25,Active,09/21/26
2151,0.29,Active,09/21/26
2153,0.29,Active,09/21/26
2154,0.29,Inactive,09/21/26
2155,0.25,Inactive,09/21/26
2156,0.29,Inactive,09/21/26
2159,0.29,Inactive,09/21/26
2160,0.15,Inactive,09/21/26
2161,0.29,Active,09/21/26
2162,0.5,Active,09/21/26
2164,0,Active,09/21/26
2165,0.54,Inactive,09/21/26
2166,0.29,Active,09/21/26
2167,0.19,Active,09/21/26
2168,0.29,Inactive,09/21/26
2169,0.29,Active,09/21/26
2170,0.39,Active,09/21/26
2171,0.29,Active,09/21/26
2174,0.39,Inactive,09/21/26
2175,0.3,Active,09/21/26
2176,0.25,Active,09/21/26
2177,0.29,Active,09/21/26
2178,0.15,Inactive,09/21/26
2179,0.22,Inactive,09/21/26
2182,0.1,Inactive,09/21/26
2183,0.29,Active,09/21/26
2184,0.15,Inactive,09/21/26
2186,0.24,Active,09/21/26
2190,0.3,Active,09/21/26
2192,0.29,Inactive,09/21/26
2194,0.25,Active,09/21/26
2196,0.25,Active,09/21/26
2197,0.25,Inactive,09/21/26
2199,0.29,Inactive,09/21/26
2200,0.29,Active,09/21/26
2201,0.29,Active,09/21/26
2202,0.29,Active,09/21/26
2203,0.4,Inactive,09/21/26
2204,0.3,Active,09/21/26
2205,0.29,Active,09/21/26
2206,0.29,Active,09/21/26
2208,0.39,Inactive,09/21/26
2210,0.25,Active,09/21/26
2211,0.24,Active,09/21/26
2212,0.29,Active,09/21/26
2213,0.29,Active,09/21/26
2214,0.25,Inactive,09/21/26
2215,0.29,Active,09/21/26
2216,0.19,Inactive,09/21/26
2218,0.25,Inactive,09/21/26
2219,0.35,Active,09/21/26
2221,0.19,Active,09/21/26
2223,0.49,Inactive,09/21/26
2224,0.29,Inactive,09/21/26
2226,0.39,Active,09/21/26
2228,0.39,Active,09/21/26
2230,0.29,Inactive,09/21/26
2232,0.25,Inactive,09/21/26
2233,0.75,Active,09/21/26
2234,0.59,Active,09/21/26
2236,0,Inactive,09/21/26
2238,0.39,Active,09/21/26
2239,0.29,Inactive,09/21/26
2240,0.25,Active,09/21/26
2241,0.25,Inactive,09/21/26
2242,0.3,Inactive,09/21/26
2251,0.29,Active,09/21/26
2255,0.29,Active,09/21/26
2256,0.2,Active,09/21/26
2257,0.3,Inactive,09/21/26
2258,0.29,Active,09/21/26
2259,0.15,Active,09/21/26
2260,0.29,Active,09/21/26
2261,0.5,Inactive,09/21/26
2263,0.29,Active,09/21/26
2264,0.29,Active,09/21/26
2267,0.25,Active,09/21/26
2268,0.35,Active,09/21/26
2269,0.25,Active,09/21/26
2271,0.29,Inactive,09/21/26
2273,0.29,Inactive,09/21/26
2274,0.25,Active,09/21/26
2275,0.29,Active,09/21/26
2276,0.22,Inactive,09/21/26
2278,0.29,Active,09/21/26
2279,0.25,Inactive,09/21/26
2280,0.49,Active,09/21/26
2281,0.23,Active,09/21/26
2282,0.29,Active,09/21/26
2283,0.3,Inactive,09/21/26
2284,0.29,Active,09/21/26
2285,0.29,Active,09/21/26
2286,0.25,Active,09/21/26
2287,0.25,Active,09/21/26
2288,0.29,Active,09/21/26
2289,0.49,Active,09/21/26
2290,0.29,Active,09/21/26
2291,0.25,Active,09/21/26
2292,0.29,Inactive,09/21/26
2293,0.4,Active,09/21/26
2295,0.49,Active,09/21/26
2297,0.15,Inactive,09/21/26
2299,0.49,Active,09/21/26
2300,0.25,Inactive,09/21/26
2302,0.25,Active,09/21/26
2303,0.39,Active,09/21/26
2304,0.29,Inactive,09/21/26
2305,0.25,Inactive,09/21/26
2306,0.39,Active,09/21/26
2307,0.29,Active,09/21/26
2308,0.29,Inactive,09/21/26
2310,0.49,Active,09/21/26
2311,0.25,Active,09/21/26
2312,0.29,Inactive,09/21/26
2313,0.5,Active,09/21/26
2316,0.1,Active,09/21/26
2317,0.25,Active,09/21/26
2318,0.39,Active,09/21/26
2319,0.29,Active,09/21/26
2320,0.49,Active,09/21/26
2321,0.29,Active,09/21/26
2322,0.39,Active,09/21/26
2324,0.29,Inactive,09/21/26
2325,0.45,Active,09/21/26
2326,0.39,Active,09/21/26
2327,0.29,Active,09/21/26
2328,0.19,Active,09/21/26
2331,0.19,Active,09/21/26
2332,0.25,Inactive,09/21/26
2333,0.25,Inactive,09/21/26
2334,0.25,Inactive,09/21/26
2335,0.29,Active,09/21/26
2336,0.29,Active,09/21/26
2338,0.13,Active,09/21/26
2339,0.4,Active,09/21/26
2341,0.19,Active,09/21/26
2342,0.29,Active,09/21/26
2345,0.29,Active,09/21/26
2348,0.49,Active,09/21/26
2349,0.39,Active,09/21/26
2350,0.25,Active,09/21/26
2351,0.39,Active,09/21/26
2352,0.49,Active,09/21/26
2354,0.23,Inactive,09/21/26
2355,0.35,Inactive,09/21/26
2356,0.13,Active,09/21/26
2359,0.29,Active,09/21/26
2362,0.25,Active,09/21/26
2363,0.3,Inactive,09/21/26
2364,0.29,Inactive,09/21/26
2365,0.29,Inactive,09/21/26
2367,0.39,Inactive,09/21/26
2368,0.3,Active,09/21/26
2369,0.25,Active,09/21/26
2371,0.4,Active,09/21/26
2373,0.39,Active,09/21/26
2376,0.25,Active,09/21/26
2378,0.29,Inactive,09/21/26
2380,Not Priced,Inactive,
2381,0.29,Active,09/21/26
2382,0.29,Inactive,09/21/26
2383,0.59,Inactive,09/21/26
2385,0.49,Active,09/21/26
2387,0.19,Inactive,09/21/26
2388,0.39,Active,09/21/26
2389,0.3,Inactive,09/21/26
2390,0.5,Active,09/21/26
2391,0.25,Inactive,09/21/26
2392,0.25,Inactive,09/21/26
2394,0.25,Active,09/21/26
2395,0.25,Inactive,09/21/26
2396,0.29,Inactive,09/21/26
2397,0.25,Active,09/21/26
2400,0.1,Inactive,09/21/26
2401,0.2,Active,09/21/26
2403,0.3,Active,09/21/26
2407,0.39,Active,09/21/26
2408,0.5,Inactive,09/21/26
2409,0.29,Active,09/21/26
2411,0.25,Active,09/21/26
2412,0.29,Active,09/21/26
2413,0.35,Active,09/21/26
2414,0.13,Active,09/21/26
2415,0.29,Inactive,09/21/26
2417,0.29,Active,09/21/26
2418,0.25,Active,09/21/26
2419,0.1,Active,09/21/26
2421,0.49,Inactive,09/21/26
2423,0.29,Active,09/21/26
2424,0.29,Inactive,09/21/26
2425,0.35,Active,09/21/26
2426,0.3,Inactive,09/21/26
2427,0.3,Inactive,09/21/26
2428,0.29,Active,09/21/26
2429,0.25,Active,09/21/26
2430,0.25,Active,09/21/26
2431,0.25,Active,09/21/26
2433,0.49,Active,09/21/26
2434,0.39,Active,09/21/26
2435,0.25,Active,09/21/26
2437,0.29,Inactive,09/21/26
2439,0.2,Inactive,09/21/26
2440,0.19,Inactive,09/21/26
2441,0.45,Active,09/21/26
2442,0.29,Active,09/21/26
2444,0.29,Active,09/21/26
2446,0.22,Inactive,09/21/26
2447,0.29,Inactive,09/21/26
2449,0.25,Active,09/21/26
2451,0.25,Active,09/21/26
2454,0.3,Inactive,09/21/26
2456,0.25,Active,09/21/26
2459,0.25,Inactive,09/21/26
2464,0.39,Active,09/21/26
2466,0.29,Inactive,09/21/26
2467,0.25,Inactive,09/21/26
2468,0.3,Inactive,09/21/26
2469,0.19,Inactive,09/21/26
2473,0.59,Active,09/21/26
2474,0.29,Inactive,09/21/26
2477,0.25,Active,09/21/26
2478,0.25,Active,09/21/26
2479,0.29,Active,09/21/26
2480,0.3,Active,09/21/26
2482,0.29,Active,09/21/26
2484,0,Active,09/21/26
2485,0.29,Active,09/21/26
2490,0.5,Inactive,09/21/26
2491,0.25,Inactive,09/21/26
2492,0.25,Active,09/21/26
2493,0.29,Active,09/21/26
2495,0.25,Active,09/21/26
2496,0.29,Inactive,09/21/26
2497,0.59,Inactive,09/21/26
2498,0.29,Active,09/21/26
2499,0.3,Inactive,09/21/26
2501,0.29,Active,09/21/26
2503,0.39,Active,09/21/26
2504,0.29,Active,09/21/26
2505,0.25,Active,09/21/26
2506,0.29,Active,09/21/26
2508,0.29,Active,09/21/26
2510,0.39,Active,09/21/26
2512,0.1,Active,09/21/26
2514,0.49,Inactive,09/21/26
2515,0.25,Active,09/21/26
2517,0.29,Active,09/21/26
2519,0,Active,09/21/26
2522,0.39,Active,09/21/26
2523,0.59,Inactive,09/21/26
2525,0.29,Active,09/21/26
2526,0.29,Active,09/21/26
2527,0.29,Active,09/21/26
2528,0.25,Inactive,09/21/26
2529,0.49,Inactive,09/21/26
2531,0.29,Inactive,09/21/26
2532,0.29,Inactive,09/21/26
2533,0.25,Active,09/21/26
2534,0.39,Inactive,09/21/26
2535,0.25,Active,09/21/26
2536,0.29,Active,09/21/26
2541,0.3,Active,09/21/26
2542,0.49,Active,09/21/26
2547,0.25,Active,09/21/26
2548,0.5,Active,09/21/26
2549,0.25,Active,09/21/26
2550,0.29,Active,09/21/26
2551,Not Priced,Inactive,
2552,0.29,Active,09/21/26
2553,0.29,Active,09/21/26
2557,0.29,Active,09/21/26
2559,0.49,Inactive,09/21/26
2560,0.49,Active,09/21/26
2561,0.29,Active,09/21/26
2562,0.3,Active,09/21/26
2563,0.3,Active,09/21/26
2565,0.25,Active,09/21/26
2567,0.39,Active,09/21/26
2569,0.29,Active,09/21/26
2570,0.35,Active,09/21/26
2576,0,Active,09/21/26
2577,0.39,Active,09/21/26
2579,0.15,Active,09/21/26
2580,0.1,Inactive,09/21/26
2581,0.25,Inactive,09/21/26
2582,0.25,Inactive,09/21/26
2592,0.29,Active,09/21/26
2594,0.29,Active,09/21/26
2595,0.35,Inactive,09/21/26
2597,0.29,Active,09/21/26
2598,0.25,Active,09/21/26
2599,0.25,Active,09/21/26
2600,0.29,Active,09/21/26
2601,0.35,Inactive,09/21/26
2602,0.39,Active,09/21/26
2604,0.29,Active,09/21/26
2605,0.29,Inactive,09/21/26
2606,0,Active,09/21/26
2607,0.29,Active,09/21/26
2609,0.29,Active,09/21/26
2610,0.25,Inactive,09/21/26
2611,0.25,Active,09/21/26
2612,0.25,Active,09/21/26
2613,0.25,Active,09/21/26
2614,0.39,Active,09/21/26
2615,0.29,Active,09/21/26
2617,0.29,Active,09/21/26
2618,0.39,Active,09/21/26
2624,0.25,Inactive,09/21/26
2625,0.3,Active,09/21/26
2626,0.25,Active,09/21/26
2628,0,Inactive,09/21/26
2629,0.25,Inactive,09/21/26
2630,0.39,Active,09/21/26
2633,0.35,Active,09/21/26
2634,0.39,Active,09/21/26
2637,0.29,Active,09/21/26
2638,0.25,Active,09/21/26
2639,0.29,Active,09/21/26
2640,0.29,Active,09/21/26
2641,0.23,Active,09/21/26
2642,Not Priced,Inactive,09/21/26
2643,0.25,Inactive,09/21/26
2646,0.4,Active,09/21/26
2648,0.29,Inactive,09/21/26
2649,0.29,Inactive,09/21/26
2652,0.29,Inactive,09/21/26
2653,0.39,Active,09/21/26
2655,0.23,Active,09/21/26
2657,0.25,Active,09/21/26
2658,0.5,Inactive,09/21/26
2659,0.22,Inactive,09/21/26
2660,0.29,Inactive,09/21/26
2661,0.29,Active,09/21/26
2662,0.25,Active,09/21/26
2663,0.22,Inactive,09/21/26
2664,0.22,Inactive,09/21/26
2665,0.29,Active,09/21/26
2666,0.25,Active,09/21/26
2668,0.49,Active,09/21/26
2669,0.29,Active,09/21/26
2670,0.59,Active,09/21/26
2671,0.29,Active,09/21/26
2672,0.29,Active,09/21/26
2675,0.25,Active,09/21/26
2676,0.75,Inactive,09/21/26
2677,0.4,Inactive,09/21/26
2678,0.25,Active,09/21/26
2680,0.25,Active,09/21/26
2682,0,Active,09/21/26
2686,0.5,Inactive,09/21/26
2687,0.4,Inactive,09/21/26
2688,0.29,Active,09/21/26
2691,0.25,Inactive,09/21/26
2692,0.29,Active,09/21/26
2693,0.3,Inactive,09/21/26
2694,0.3,Active,09/21/26
2699,0.25,Active,09/21/26
2702,0.25,Inactive,09/21/26
2704,0.39,Active,09/21/26
2707,0.25,Inactive,09/21/26
2708,0.29,Inactive,09/21/26
2709,0.25,Active,09/21/26
2710,0.29,Active,09/21/26
2711,0.4,Inactive,09/21/26
2712,0.29,Active,09/21/26
2713,0,Active,09/21/26
2714,0.39,Active,09/21/26
2715,0.59,Active,09/21/26
2722,0.3,Active,09/21/26
2723,0.15,Active,09/21/26
2724,0.59,Inactive,09/21/26
2725,0.2,Inactive,09/21/26
2726,0.39,Active,09/21/26
2727,0.29,Inactive,09/21/26
2731,0.25,Active,09/21/26
2733,0.25,Active,09/21/26
2734,0.25,Inactive,09/21/26
2737,0.29,Inactive,09/21/26
2738,0.25,Active,09/21/26
2740,0.2,Inactive,09/21/26
2741,0.3,Active,09/21/26
2742,0.1,Inactive,09/21/26
2743,0.25,Active,09/21/26
2745,0.25,Inactive,09/21/26
2746,0.35,Inactive,09/21/26
2747,0.35,Active,09/21/26
2749,0.39,Active,09/21/26
2750,0.29,Active,09/21/26
2751,0.25,Active,09/21/26
2752,0.29,Active,09/21/26
2753,0.29,Inactive,09/21/26
2754,0.19,Inactive,09/21/26
2755,0.13,Active,09/21/26
2757,0.25,Active,09/21/26
2758,0.29,Inactive,09/21/26
2764,0.15,Inactive,09/21/26
2765,0.25,Inactive,09/21/26
2766,0.35,Active,09/21/26
2768,0.29,Inactive,09/21/26
2769,0.25,Active,09/21/26
2770,0.2,Active,09/21/26
2771,0.29,Active,09/21/26
2773,0.29,Active,09/21/26
2774,0.25,Inactive,09/21/26
2776,0.6,Inactive,09/21/26
2778,0.39,Active,09/21/26
2779,0.29,Active,09/21/26
2780,0.35,Active,09/21/26
2781,0.3,Inactive,09/21/26
2782,0.25,Active,09/21/26
2787,0.29,Inactive,09/21/26
2788,0.4,Active,09/21/26
2790,0.29,Active,09/21/26
2792,0.25,Active,09/21/26
2793,0.39,Inactive,09/21/26
2794,0.29,Inactive,09/21/26
2795,0.29,Inactive,09/21/26
2796,0.3,Active,09/21/26
2797,0.29,Active,09/21/26
2798,0.24,Active,09/21/26
2799,0.25,Active,09/21/26
2801,0.3,Active,09/21/26
2802,0.29,Inactive,09/21/26
2803,0.39,Active,09/21/26
2804,Not Priced,Inactive,
2805,0.4,Active,09/21/26
2807,0.29,Active,09/21/26
2808,0.29,Active,09/21/26
2809,0.29,Active,09/21/26
2810,0.29,Active,09/21/26
2812,0.45,Active,09/21/26
2813,0.22,Inactive,09/21/26
2814,0.25,Inactive,09/21/26
2817,0.25,Active,09/21/26
2819,0.25,Active,09/21/26
2820,0.19,Active,09/21/26
2821,0.29,Active,09/21/26
2824,0.19,Active,09/21/26
2825,0.29,Inactive,09/21/26
2828,0.3,Inactive,09/21/26
2830,0.25,Active,09/21/26
2831,0.29,Active,09/21/26
2833,0,Active,09/21/26
2837,0.25,Inactive,09/21/26
2838,0.49,Active,09/21/26
2839,0.3,Inactive,09/21/26
2840,0.35,Inactive,09/21/26
2842,0.49,Inactive,09/21/26
2843,0.25,Active,09/21/26
2845,0.25,Active,09/21/26
2846,0.25,Active,09/21/26
2847,0.25,Active,09/21/26
2848,0.5,Inactive,09/21/26
2849,0.29,Active,09/21/26
2852,0.5,Active,09/21/26
2853,0.3,Active,09/21/26
2854,0.29,Inactive,09/21/26
2855,0.25,Active,09/21/26
2856,0.3,Active,09/21/26
2857,0.25,Active,09/21/26
2858,0.3,Active,09/21/26
2859,0.25,Active,09/21/26
2860,0.49,Active,09/21/26
2863,0.52,Active,09/21/26
2864,0.59,Inactive,09/21/26
2865,0.29,Active,09/21/26
2867,0.25,Active,09/21/26
2868,0,Inactive,09/21/26
2869,0.29,Inactive,09/21/26
2870,0.29,Active,09/21/26
2872,0.59,Inactive,09/21/26
2874,0.29,Active,09/21/26
2875,0.29,Active,09/21/26
2877,0.3,Active,09/21/26
2878,0.29,Active,09/21/26
2879,0.19,Inactive,09/21/26
2880,0.29,Active,09/21/26
2881,0.25,Active,09/21/26
2885,0.59,Active,09/21/26
2887,0.3,Inactive,09/21/26
2889,0.15,Active,09/21/26
2890,0.39,Inactive,09/21/26
2891,0.3,Active,09/21/26
2892,0.25,Inactive,09/21/26
2893,0.59,Active,09/21/26
2894,0.29,Active,09/21/26
2895,0.35,Inactive,09/21/26
2896,0.29,Active,09/21/26
2897,0.2,Active,09/21/26
2898,0.29,Active,09/21/26
2899,0.35,Active,09/21/26
2900,0.59,Inactive,09/21/26
2901,0.25,Active,09/21/26
2902,0.29,Active,09/21/26
2903,0.3,Active,09/21/26
2904,0.25,Active,09/21/26
2906,0.39,Active,09/21/26
2907,0.29,Active,09/21/26
2909,0.39,Active,09/21/26
2912,0.35,Inactive,09/21/26
2913,0.5,Inactive,09/21/26
2914,0.25,Active,09/21/26
2916,0.29,Active,09/21/26
2917,0.29,Active,09/21/26
2919,0,Active,09/21/26
2921,0.29,Active,09/21/26
2922,0.25,Inactive,09/21/26
2923,0.29,Inactive,09/21/26
2924,0.25,Active,09/21/26
2925,0.29,Inactive,09/21/26
2926,0.29,Inactive,09/21/26
2927,0.3,Active,09/21/26
2928,0.25,Active,09/21/26
2929,0.29,Active,09/21/26
2930,0.49,Active,09/21/26
2931,0.29,Active,09/21/26
2932,0.39,Active,09/21/26
2933,0.25,Active,09/21/26
2934,0.29,Inactive,09/21/26
2936,0.35,Active,09/21/26
2938,0.59,Active,09/21/26
2939,0.15,Inactive,09/21/26
2942,0.39,Active,09/21/26
2943,0.25,Inactive,09/21/26
2945,0.25,Inactive,09/21/26
2947,0.25,Active,09/21/26
2951,0.25,Inactive,09/21/26
2953,0.25,Inactive,09/21/26
2955,0.22,Inactive,09/21/26
2956,0.3,Active,09/21/26
2957,0.1,Inactive,09/21/26
2958,0.39,Active,09/21/26
2959,0.49,Inactive,09/21/26
2962,0,Active,09/21/26
2963,0.29,Inactive,09/21/26
2965,0.3,Active,09/21/26
2966,0.49,Active,09/21/26
2967,0.39,Inactive,09/21/26
2968,0.25,Inactive,09/21/26
2969,0.25,Active,09/21/26
2970,0.29,Active,09/21/26
2971,0.49,Inactive,09/21/26
2972,0.29,Active,09/21/26
2973,0.45,Active,09/21/26
2974,0.29,Inactive,09/21/26
2975,0.39,Inactive,09/21/26
2976,0.29,Active,09/21/26
2977,0.25,Active,09/21/26
2978,0.3,Active,09/21/26
2980,0.49,Active,09/21/26
2981,0,Active,09/21/26
2984,0.29,Active,09/21/26
2987,0.29,Inactive,09/21/26
2988,0.29,Inactive,09/21/26
2990,0.25,Active,09/21/26
2991,0.19,Active,09/21/26
2992,0.29,Active,09/21/26
2993,0.39,Inactive,09/21/26
2994,0.35,Active,09/21/26
2998,0.29,Active,09/21/26
2999,0.49,Active,09/21/26
3001,0.49,Active,09/21/26
3002,0.29,Active,09/21/26
3003,0.2,Active,09/21/26
3004,0.29,Inactive,09/21/26
3006,0.3,Active,09/21/26
3007,0.25,Active,09/21/26
3008,0.5,Active,09/21/26
3009,0.25,Inactive,09/21/26
3010,0.29,Inactive,09/21/26
3011,0.25,Active,09/21/26
3012,0.29,Active,09/21/26
3015,0.29,Active,09/21/26
3016,0.25,Inactive,09/21/26
3017,0.25,Inactive,09/21/26
3019,0.3,Inactive,09/21/26
3021,0.29,Active,09/21/26
3022,0.39,Active,09/21/26
3023,0.25,Inactive,09/21/26
3024,0.29,Active,09/21/26
3025,0.29,Active,09/21/26
3027,0.29,Active,09/21/26
3028,0.29,Active,09/21/26
3029,0.39,Active,09/21/26
3030,0.3,Active,09/21/26
3031,0.29,Active,09/21/26
3032,0.45,Inactive,09/21/26
3033,0.39,Active,09/21/26
3036,0.25,Inactive,09/21/26
3037,0.23,Active,09/21/26
3038,0.29,Active,09/21/26
3039,0,Active,09/21/26
3040,0.29,Inactive,09/21/26
3041,0.39,Inactive,09/21/26
3042,0.29,Active,09/21/26
3043,0.25,Active,09/21/26
3044,0.3,Inactive,09/21/26
3045,0,Active,09/21/26
3048,0.15,Active,09/21/26
3050,0.29,Active,09/21/26
3053,0.29,Active,09/21/26
3054,0.29,Active,09/21/26
3056,0.25,Active,09/21/26
3059,0.3,Active,09/21/26
3060,0.15,Active,09/21/26
3061,0.29,Active,09/21/26
3063,0.4,Active,09/21/26
3064,0,Inactive,09/21/26
3065,0.5,Inactive,09/21/26
3066,0.29,Inactive,09/21/26
3067,0.29,Inactive,09/21/26
3073,0.29,Active,09/21/26
3076,0.29,Active,09/21/26
3077,Not Priced,Inactive,
3078,0.29,Inactive,09/21/26
3079,0.35,Inactive,09/21/26
3080,0.2,Active,09/21/26
3081,0.29,Inactive,09/21/26
3082,0.3,Inactive,09/21/26
3083,0.49,Active,09/21/26
3084,0.49,Inactive,09/21/26
3085,0.39,Active,09/21/26
3086,0.49,Active,09/21/26
3087,0.39,Active,09/21/26
3088,0.4,Active,09/21/26
3089,0.33,Active,09/21/26
3090,0.3,Active,09/21/26
3091,0.15,Active,09/21/26
3095,0.29,Active,09/21/26
3096,0.25,Active,09/21/26
3099,0.25,Active,09/21/26
3100,0.25,Active,09/21/26
3102,0.29,Active,09/21/26
3107,0.45,Active,09/21/26
3109,0.39,Inactive,09/21/26
3112,0.39,Inactive,09/21/26
3113,Not Priced,Inactive,
3114,0.13,Active,09/21/26
3115,0.29,Inactive,09/21/26
3116,0.25,Active,09/21/26
3117,0.29,Active,09/21/26
3118,0.59,Active,09/21/26
3119,0.25,Inactive,09/21/26
3120,0.25,Inactive,09/21/26
3123,0.25,Inactive,09/21/26
3124,0.29,Active,09/21/26
3125,0.19,Active,09/21/26
3126,0.25,Active,09/21/26
3128,0.39,Active,09/21/26
3129,0.6,Active,09/21/26
3131,0.29,Active,09/21/26
3133,0.29,Inactive,09/21/26
3134,0.25,Inactive,09/21/26
3135,0.29,Active,09/21/26
3136,0.29,Active,09/21/26
3137,0.29,Active,09/21/26
3138,0.49,Active,09/21/26
3139,0.3,Active,09/21/26
3140,0.69,Inactive,09/21/26
3145,0.3,Active,09/21/26
3146,Not Priced,Inactive,
3147,0.29,Active,09/21/26
3148,0.39,Active,09/21/26
3149,0.25,Active,09/21/26
3150,0.25,Active,09/21/26
3152,0.45,Active,09/21/26
3153,0.5,Active,09/21/26
3154,0.3,Active,09/21/26
3155,0.29,Active,09/21/26
3156,0.25,Inactive,09/21/26
3158,0.25,Inactive,09/21/26
3159,0.25,Inactive,09/21/26
3160,0.29,Active,09/21/26
3161,0.3,Active,09/21/26
3162,0.22,Inactive,09/21/26
3163,0.14,Active,09/21/26
3165,0.29,Active,09/21/26
3166,0.19,Inactive,09/21/26
3169,0.5,Active,09/21/26
3170,0.59,Inactive,09/21/26
3171,0.39,Active,09/21/26
3172,0.29,Inactive,09/21/26
3173,0.29,Inactive,09/21/26
3174,0.25,Inactive,09/21/26
3176,0.99,Active,09/21/26
3177,Not Priced,Inactive,
3178,0.29,Inactive,09/21/26
3179,0.25,Active,09/21/26
3180,0.25,Inactive,09/21/26
3181,0.29,Active,09/21/26
3182,0.39,Active,09/21/26
3183,0.15,Inactive,09/21/26
3184,0.39,Inactive,09/21/26
3186,0.1,Inactive,09/21/26
3187,0.35,Active,09/21/26
3191,0.29,Active,09/21/26
3192,0.29,Active,09/21/26
3193,0.39,Active,09/21/26
3194,0.49,Active,09/21/26
3195,0.29,Inactive,09/21/26
3196,0.29,Active,09/21/26
3198,0.3,Active,09/21/26
3199,0.39,Active,09/21/26
3200,0.5,Inactive,09/21/26
3201,0.29,Active,09/21/26
3203,0.5,Active,09/21/26
3204,0.25,Active,09/21/26
3205,0.25,Active,09/21/26
3206,0.29,Active,09/21/26
3207,0.25,Active,09/21/26
3209,0.29,Inactive,09/21/26
3212,0.2,Active,09/21/26
3213,0.29,Active,09/21/26
3214,0,Inactive,09/21/26
3215,0.4,Active,09/21/26
3217,0.25,Active,09/21/26
3218,0.4,Active,09/21/26
3219,0.4,Active,09/21/26
3220,0.39,Inactive,09/21/26
3221,0.25,Inactive,09/21/26
3222,0.29,Inactive,09/21/26
3224,0.25,Inactive,09/21/26
3228,0.25,Inactive,09/21/26
3230,0.39,Inactive,09/21/26
3231,0.29,Active,09/21/26
3232,0.2,Inactive,09/21/26
3233,0.29,Active,09/21/26
3239,0.29,Active,09/21/26
3240,0.25,Inactive,09/21/26
3241,0.39,Active,09/21/26
3243,0.29,Active,09/21/26
3246,0.3,Inactive,09/21/26
3247,0.3,Active,09/21/26
3252,0.25,Inactive,09/21/26
3255,0.25,Inactive,09/21/26
3257,0.29,Inactive,09/21/26
3258,0.19,Inactive,09/21/26
3259,0.39,Active,09/21/26
3260,0.29,Active,09/21/26
3261,0.29,Inactive,09/21/26
3262,0.45,Active,09/21/26
3263,0.39,Active,09/21/26
3264,0.39,Inactive,09/21/26
3266,0.5,Active,09/21/26
3267,0.25,Inactive,09/21/26
3268,0.25,Inactive,09/21/26
3269,0.25,Inactive,09/21/26
3270,0.3,Inactive,09/21/26
3272,0.35,Active,09/21/26
3273,0,Active,09/21/26
3274,0.13,Active,09/21/26
3276,0.39,Active,09/21/26
3277,0.29,Active,09/21/26
3278,0.29,Active,09/21/26
3282,0.3,Active,09/21/26
3283,0.25,Inactive,09/21/26
3285,0.29,Inactive,09/21/26
3286,0.29,Active,09/21/26
3287,0.29,Active,09/21/26
3288,0.29,Inactive,09/21/26
3289,0.39,Active,09/21/26
3290,0.39,Active,09/21/26
3291,0.3,Active,09/21/26
3293,0.5,Inactive,09/21/26
3294,0.29,Inactive,09/21/26
3296,0.45,Inactive,09/21/26
3297,0.29,Active,09/21/26
3298,0.25,Active,09/21/26
3300,0.29,Active,09/21/26
3301,0.29,Active,09/21/26
3302,0.29,Active,09/21/26
3304,0.29,Inactive,09/21/26
3305,0.13,Active,09/21/26
3307,0.4,Active,09/21/26
3308,0.3,Active,09/21/26
3310,0.35,Active,09/21/26
3314,0,Inactive,09/21/26
3316,0.25,Inactive,09/21/26
3317,0.29,Active,09/21/26
3318,0.15,Active,09/21/26
3319,0.25,Inactive,09/21/26
3320,0.29,Active,09/21/26
3323,0.29,Active,09/21/26
3324,0.39,Active,09/21/26
3325,0.29,Inactive,09/21/26
3326,0.25,Inactive,09/21/26
3327,0.29,Active,09/21/26
3330,0.39,Inactive,09/21/26
3331,0.25,Active,09/21/26
3334,0.3,Active,09/21/26
3335,0.29,Active,09/21/26
3336,0.29,Active,09/21/26
3337,0.19,Inactive,09/21/26
3339,0.3,Inactive,09/21/26
3340,0.39,Active,09/21/26
3341,0.29,Active,09/21/26
3342,0.39,Inactive,09/21/26
3344,0.35,Inactive,09/21/26
3345,0.25,Inactive,09/21/26
3346,0.5,Inactive,09/21/26
3348,0,Active,09/21/26
3349,0.29,Inactive,09/21/26
3350,0.25,Active,09/21/26
3354,0.29,Inactive,09/21/26
3355,0.3,Active,09/21/26
3356,0.35,Inactive,09/21/26
3358,0.3,Inactive,09/21/26
3359,0.29,Active,09/21/26
3360,0.25,Active,09/21/26
3362,0.5,Inactive,09/21/26
3363,0.25,Inactive,09/21/26
3364,0.29,Inactive,09/21/26
3365,0.29,Inactive,09/21/26
3366,0.45,Inactive,09/21/26
3368,0.15,Inactive,09/21/26
3370,0.25,Active,09/21/26
3371,0,Active,09/21/26
3372,0.29,Active,09/21/26
3373,0.25,Inactive,09/21/26
3374,0.39,Inactive,09/21/26
3375,0.22,Inactive,09/21/26
3376,0.15,Inactive,09/21/26
3379,0.26,Inactive,09/21/26
3383,0.3,Inactive,09/21/26
3384,0.45,Inactive,09/21/26
3385,0.29,Active,09/21/26
3386,0.19,Inactive,09/21/26
3387,0.25,Inactive,09/21/26
3388,0.29,Active,09/21/26
3389,0.5,Inactive,09/21/26
3391,0.25,Inactive,09/21/26
3392,0.35,Inactive,09/21/26
3393,0.29,Active,09/21/26
3394,0.49,Active,09/21/26
3395,0.39,Active,09/21/26
3396,0.39,Active,09/21/26
3397,0.25,Active,09/21/26
3398,0.29,Inactive,09/21/26
3399,0.39,Inactive,09/21/26
3400,0.25,Active,09/21/26
3401,0.29,Inactive,09/21/26
3402,0.13,Active,09/21/26
3403,0.29,Active,09/21/26
3404,0.29,Active,09/21/26
3405,0.4,Active,09/21/26
3407,0,Active,09/21/26
3408,0.59,Active,09/21/26
3409,0.29,Inactive,09/21/26
3410,0.26,Inactive,09/21/26
3411,0.23,Active,09/21/26
3412,0.25,Active,09/21/26
3413,0.49,Active,09/21/26
3414,0.5,Active,09/21/26
3415,0.29,Active,09/21/26
3416,0.15,Active,09/21/26
3421,0.25,Inactive,09/21/26
3422,0.39,Active,09/21/26
3423,0.25,Active,09/21/26
3424,0.5,Active,09/21/26
3425,0.29,Inactive,09/21/26
3427,0.59,Active,09/21/26
3428,0.25,Inactive,09/21/26
3429,0.19,Active,09/21/26
3430,0.29,Active,09/21/26
3431,0.33,Active,09/21/26
3432,0.49,Active,09/21/26
3433,0.29,Inactive,09/21/26
3434,0.29,Active,09/21/26
3438,0.29,Inactive,09/21/26
3439,0.29,Inactive,09/21/26
3441,0.29,Active,09/21/26
3443,0.25,Active,09/21/26
3444,0.39,Active,09/21/26
3445,0.29,Active,09/21/26
3447,0,Active,09/21/26
3448,0.29,Active,09/21/26
3452,0.29,Inactive,09/21/26
3453,0.25,Active,09/21/26
3454,0.29,Active,09/21/26
3455,0.39,Active,09/21/26
3456,0.25,Active,09/21/26
3457,0.3,Active,09/21/26
3458,0.29,Inactive,09/21/26
3461,0.19,Inactive,09/21/26
3462,0.39,Active,09/21/26
3464,0.29,Active,09/21/26
3466,0.49,Active,09/21/26
3468,0.29,Inactive,09/21/26
3471,0.25,Active,09/21/26
3473,0.25,Inactive,09/21/26
3474,0.39,Active,09/21/26
3475,0.29,Active,09/21/26
3478,0.29,Inactive,09/21/26
3480,0.25,Active,09/21/26
3481,0.3,Active,09/21/26
3482,0.25,Active,09/21/26
3485,0.3,Active,09/21/26
3487,0.29,Inactive,09/21/26
3488,0.29,Active,09/21/26
3489,0.2,Active,09/21/26
3490,0.29,Active,09/21/26
3491,0.3,Active,09/21/26
3492,0.29,Active,09/21/26
3493,0.25,Inactive,09/21/26
3494,0.3,Active,09/21/26
3495,0.29,Inactive,09/21/26
3496,0.29,Active,09/21/26
3498,0.39,Active,09/21/26
3499,0.25,Active,09/21/26
3500,0.35,Active,09/21/26
3501,0.25,Inactive,09/21/26
3502,0.29,Active,09/21/26
3504,0.29,Active,09/21/26
3505,0.29,Active,09/21/26
3506,0.25,Active,09/21/26
3507,0.3,Active,09/21/26
3508,0.29,Active,09/21/26
3510,0.29,Active,09/21/26
3514,0.3,Inactive,09/21/26
3516,0.5,Inactive,09/21/26
3517,0.19,Active,09/21/26
3518,0.29,Active,09/21/26
3519,0.29,Active,09/21/26
3520,0.25,Active,09/21/26
3521,0.29,Active,09/21/26
3522,0.1,Inactive,09/21/26
3523,0.3,Inactive,09/21/26
3524,0.39,Active,09/21/26
3525,0,Inactive,09/21/26
3526,0.25,Active,09/21/26
3529,0.5,Inactive,09/21/26
3533,0.3,Active,09/21/26
3534,0.25,Inactive,09/21/26
3535,0.29,Active,09/21/26
3536,0.25,Active,09/21/26
3537,0.35,Inactive,09/21/26
3538,0.25,Active,09/21/26
3539,0.49,Active,09/21/26
3540,0.45,Active,09/21/26
3542,0.5,Inactive,09/21/26
3543,0.39,Active,09/21/26
3545,0.29,Active,09/21/26
3546,0.39,Active,09/21/26
3551,0.59,Active,09/21/26
3554,0.2,Inactive,09/21/26
3555,0.25,Active,09/21/26
3556,0,Active,09/21/26
3558,0.29,Active,09/21/26
3560,0.29,Active,09/21/26
3561,0.19,Inactive,09/21/26
3562,0.29,Inactive,09/21/26
3564,0.15,Active,09/21/26
3565,0.29,Active,09/21/26
3567,0.25,Active,09/21/26
3568,0.25,Active,09/21/26
3569,0.25,Inactive,09/21/26
3570,0.29,Inactive,09/21/26
3571,0.29,Active,09/21/26
3573,0.29,Active,09/21/26
3574,0.29,Active,09/21/26
3575,0.25,Inactive,09/21/26
3576,0.49,Inactive,09/21/26
3577,0.29,Active,09/21/26
3578,0.39,Inactive,09/21/26
3579,0.25,Active,09/21/26
3580,0.25,Inactive,09/21/26
3589,0.29,Active,09/21/26
3590,0.45,Active,09/21/26
3592,0.3,Active,09/21/26
3593,Not Priced,Inactive,
3594,0,Active,09/21/26
3595,0.29,Active,09/21/26
3596,0.2,Active,09/21/26
3597,0.35,Active,09/21/26
3598,0.25,Active,09/21/26
3601,0.29,Inactive,09/21/26
3606,0.29,Inactive,09/21/26
3608,0.5,Active,09/21/26
3610,0.25,Active,09/21/26
3611,0.39,Active,09/21/26
3612,0.3,Active,09/21/26
3613,0.3,Active,09/21/26
3615,0.75,Inactive,09/21/26
3617,0.29,Active,09/21/26
3621,0.39,Active,09/21/26
3622,0.25,Active,09/21/26
3623,0.25,Inactive,09/21/26
3625,0.59,Inactive,09/21/26
3628,0.29,Inactive,09/21/26
3630,0.5,Active,09/21/26
3631,0.29,Active,09/21/26
3632,0.29,Inactive,09/21/26
3634,0.59,Active,09/21/26
3635,0.45,Active,09/21/26
3636,0.39,Active,09/21/26
3637,0.25,Inactive,09/21/26
3645,0.25,Active,09/21/26
3646,0.25,Inactive,09/21/26
3647,0.39,Inactive,09/21/26
3648,0.29,Inactive,09/21/26
3654,0.3,Active,09/21/26
3656,0.29,Active,09/21/26
3657,0.25,Inactive,09/21/26
3658,0.29,Active,09/21/26
3659,0.29,Active,09/21/26
3660,Not Priced,Inactive,
3661,0.29,Active,09/21/26
3663,0.29,Active,09/21/26
3665,0.39,Inactive,09/21/26
3666,0.29,Active,09/21/26
3667,0.15,Inactive,09/21/26
3670,0.29,Inactive,09/21/26
3671,0.49,Active,09/21/26
3673,0.29,Active,09/21/26
3674,0.29,Active,09/21/26
3679,0.25,Inactive,09/21/26
3680,0.29,Active,09/21/26
3681,0.25,Inactive,09/21/26
3682,0.29,Active,09/21/26
3684,0.29,Active,09/21/26
3686,0.15,Inactive,09/21/26
3687,0.3,Active,09/21/26
3691,0.29,Inactive,09/21/26
3694,0.29,Inactive,09/21/26
3695,0.15,Active,09/21/26
3696,0.25,Inactive,09/21/26
3698,0.29,Inactive,09/21/26
3699,0.29,Active,09/21/26
3700,0.29,Active,09/21/26
3701,0.25,Active,09/21/26
3702,0.39,Inactive,09/21/26
3703,0.3,Inactive,09/21/26
3706,0.3,Inactive,09/21/26
3707,0.27,Inactive,09/21/26
3708,0.29,Active,09/21/26
3709,0.49,Active,09/21/26
3710,0.19,Active,09/21/26
3711,0.3,Active,09/21/26
3712,0.29,Active,09/21/26
3716,0.29,Active,09/21/26
3717,0.29,Inactive,09/21/26
3718,0.39,Active,09/21/26
3720,0.25,Inactive,09/21/26
3721,0.39,Active,09/21/26
3722,0.29,Active,09/21/26
3723,0.29,Active,09/21/26
3724,0.25,Active,09/21/26
3725,0.29,Inactive,09/21/26
3726,0.29,Active,09/21/26
3731,0.1,Active,09/21/26
3732,0.25,Active,09/21/26
3733,0.5,Inactive,09/21/26
3734,0.29,Inactive,09/21/26
3735,0.59,Active,09/21/26
3736,0.29,Active,09/21/26
3737,0.19,Active,09/21/26
3738,0.59,Active,09/21/26
3741,0.29,Active,09/21/26
3743,0.15,Active,09/21/26
3744,0.29,Active,09/21/26
3745,0.29,Active,09/21/26
3746,0.5,Active,09/21/26
3747,0.25,Active,09/21/26
3749,0.3,Active,09/21/26
3750,0.29,Inactive,09/21/26
3751,0.29,Inactive,09/21/26
3753,0.29,Active,09/21/26
3754,0.49,Active,09/21/26
3755,0.29,Active,09/21/26
3756,0.29,Active,09/21/26
3757,0.39,Active,09/21/26
3758,0.29,Active,09/21/26
3759,0.25,Inactive,09/21/26
3760,0.29,Inactive,09/21/26
3761,0.49,Inactive,09/21/26
3762,0.29,Active,09/21/26
3763,0.39,Active,09/21/26
3764,0.25,Active,09/21/26
3765,0.15,Inactive,09/21/26
3766,0.15,Active,09/21/26
3768,0.29,Inactive,09/21/26
3769,0.1,Active,09/21/26
3770,0.29,Active,09/21/26
3771,0.25,Inactive,09/21/26
3772,0.3,Inactive,09/21/26
3774,0.25,Active,09/21/26
3776,0.25,Inactive,09/21/26
3777,0.29,Active,09/21/26
3780,0.25,Inactive,09/21/26
3781,0.29,Active,09/21/26
3782,0.39,Active,09/21/26
3783,0.49,Active,09/21/26
3784,0.29,Active,09/21/26
3785,0.29,Active,09/21/26
3787,0.49,Active,09/21/26
3788,0.25,Active,09/21/26
3789,0.29,Active,09/21/26
3790,0.29,Active,09/21/26
3794,0.39,Active,09/21/26
3796,0.49,Active,09/21/26
3797,0.2,Inactive,09/21/26
3798,0.25,Inactive,09/21/26
3801,0.25,Active,09/21/26
3802,0.39,Active,09/21/26
3803,0.13,Active,09/21/26
3804,0.29,Active,09/21/26
3805,0.39,Active,09/21/26
3808,0.35,Active,09/21/26
3809,0.25,Active,09/21/26
3810,0.39,Active,09/21/26
3811,0.25,Active,09/21/26
3812,0.29,Active,09/21/26
3813,0.29,Active,09/21/26
3814,0.39,Inactive,09/21/26
3815,0.29,Active,09/21/26
3816,0,Active,09/21/26
3817,0.29,Active,09/21/26
3818,0.29,Active,09/21/26
3819,0.29,Inactive,09/21/26
3820,0.39,Active,09/21/26
3822,0.15,Active,09/21/26
3823,0.29,Active,09/21/26
3825,0.29,Inactive,09/21/26
3826,0.45,Active,09/21/26
3827,0.5,Active,09/21/26
3829,0.5,Active,09/21/26
3830,0.29,Inactive,09/21/26
3831,0.29,Active,09/21/26
3834,0.25,Active,09/21/26
3835,0.29,Inactive,09/21/26
3836,0.19,Active,09/21/26
3837,0.25,Inactive,09/21/26
3839,0.35,Inactive,09/21/26
3840,0,Active,09/21/26
3841,0.49,Active,09/21/26
3842,0.39,Inactive,09/21/26
3843,0.39,Active,09/21/26
3845,0.29,Inactive,09/21/26
3848,0.39,Active,09/21/26
3849,0.33,Inactive,09/21/26
3850,0.69,Active,09/21/26
3851,0.25,Active,09/21/26
3852,0,Inactive,09/21/26
3854,0.29,Inactive,09/21/26
3855,0.29,Active,09/21/26
3856,0.59,Active,09/21/26
3857,0.29,Active,09/21/26
3858,0.25,Active,09/21/26
3863,0.39,Active,09/21/26
3864,0.3,Active,09/21/26
3865,0.25,Active,09/21/26
3866,0.25,Active,09/21/26
3867,0.29,Active,09/21/26
3869,0.25,Active,09/21/26
3872,0.4,Inactive,09/21/26
3873,0,Inactive,09/21/26
3876,0.29,Active,09/21/26
3878,0,Active,09/21/26
3880,0.25,Inactive,09/21/26
3881,0.29,Active,09/21/26
3882,0.29,Inactive,09/21/26
3883,0.35,Active,09/21/26
3884,0.25,Active,09/21/26
3885,0.29,Inactive,09/21/26
3886,0.3,Active,09/21/26
3887,0.35,Inactive,09/21/26
3889,0.29,Inactive,09/21/26
3890,0.19,Inactive,09/21/26
3891,0.25,Active,09/21/26
3892,0.29,Inactive,09/21/26
3893,0.25,Active,09/21/26
3894,0.25,Active,09/21/26
3895,0.25,Active,09/21/26
3896,0.25,Active,09/21/26
3898,0.19,Inactive,09/21/26
3899,0.15,Inactive,09/21/26
3900,0.25,Active,09/21/26
3901,0.39,Active,09/21/26
3902,0.35,Active,09/21/26
3903,0.29,Active,09/21/26
3906,0.2,Inactive,09/21/26
3907,0.3,Active,09/21/26
3908,0.29,Active,09/21/26
3909,0.25,Active,09/21/26
3910,0.25,Inactive,09/21/26
3911,0.3,Active,09/21/26
3912,0.25,Inactive,09/21/26
3913,0.25,Active,09/21/26
3918,0.19,Active,09/21/26
3920,0.15,Active,09/21/26
3922,0.3,Inactive,09/21/26
3923,0,Active,09/21/26
3924,0.25,Active,09/21/26
3925,0.29,Active,09/21/26
3926,0,Active,09/21/26
3927,0.29,Active,09/21/26
3928,0.25,Active,09/21/26
3929,0.29,Active,09/21/26
3931,0.29,Active,09/21/26
3933,0.29,Active,09/21/26
3934,0.29,Inactive,09/21/26
3935,0.39,Active,09/21/26
3936,0.25,Active,09/21/26
3942,0.29,Active,09/21/26
3944,0.39,Active,09/21/26
3945,0.29,Active,09/21/26
3947,0.39,Active,09/21/26
3949,0.25,Inactive,09/21/26
3951,0.25,Active,09/21/26
3952,0.29,Active,09/21/26
3953,0.3,Active,09/21/26
3954,0.15,Active,09/21/26
3955,0.39,Active,09/21/26
3956,0.75,Active,09/21/26
3957,0.39,Active,09/21/26
3958,0.15,Inactive,09/21/26
3959,0.29,Active,09/21/26
3960,0.15,Active,09/21/26
3961,0.29,Active,09/21/26
3962,0.35,Active,09/21/26
3963,0.25,Active,09/21/26
3964,0.3,Active,09/21/26
3965,0.35,Inactive,09/21/26
3968,0.49,Inactive,09/21/26
3969,0.29,Inactive,09/21/26
3970,0.25,Active,09/21/26
3971,0.39,Active,09/21/26
3972,0.35,Inactive,09/21/26
3974,0.25,Active,09/21/26
3975,0.25,Active,09/21/26
3976,0.25,Active,09/21/26
3977,0.29,Active,09/21/26
3978,0.35,Inactive,09/21/26
3979,0.15,Active,09/21/26
3980,0.25,Active,09/21/26
3981,0.29,Inactive,09/21/26
3984,0.29,Active,09/21/26
3985,0.29,Active,09/21/26
3986,0.75,Active,09/21/26
3987,0.3,Active,09/21/26
3988,0.25,Inactive,09/21/26
3990,0.49,Active,09/21/26
3993,0.29,Inactive,09/21/26
3994,0.25,Active,09/21/26
3995,0.25,Active,09/21/26
3996,0.25,Active,09/21/26
3997,0.4,Inactive,09/21/26
4001,0.39,Inactive,09/21/26
4002,0.29,Inactive,09/21/26
4003,0.25,Active,09/21/26
4004,0.25,Inactive,09/21/26
4005,0.25,Active,09/21/26
4006,0.3,Inactive,09/21/26
4007,0.3,Active,09/21/26
4008,0.55,Active,09/21/26
4009,0.25,Active,09/21/26
4010,0.29,Active,09/21/26
4011,0.25,Inactive,09/21/26
4015,0.29,Active,09/21/26
4016,0,Active,09/21/26
4017,0.35,Inactive,09/21/26
4019,0.22,Inactive,09/21/26
4020,0.25,Inactive,09/21/26
4021,0.29,Active,09/21/26
4022,0.25,Inactive,09/21/26
4025,0.25,Active,09/21/26
4027,0.25,Inactive,09/21/26
4028,0.29,Active,09/21/26
4029,0.19,Active,09/21/26
4030,0.29,Inactive,09/21/26
4032,0.29,Active,09/21/26
4035,0.23,Active,09/21/26
4036,0.59,Active,09/21/26
4037,0.3,Active,09/21/26
4039,0.39,Active,09/21/26
4041,0.29,Inactive,09/21/26
4045,0.29,Active,09/21/26
4046,0.32,Inactive,09/21/26
4049,0.3,Active,09/21/26
4051,0.29,Active,09/21/26
4054,0.29,Active,09/21/26
4056,0.29,Active,09/21/26
4057,0,Active,09/21/26
4060,0.39,Inactive,09/21/26
4061,0.39,Active,09/21/26
4066,0.35,Active,09/21/26
4067,0.39,Inactive,09/21/26
4068,0.29,Active,09/21/26
4070,1,Active,09/21/26
4071,0.29,Active,09/21/26
4072,0.25,Inactive,09/21/26
4073,0.3,Active,09/21/26
4074,0.5,Inactive,09/21/26
4075,0.25,Active,09/21/26
4076,0.39,Active,09/21/26
4077,0.29,Active,09/21/26
4079,0.25,Inactive,09/21/26
4081,0.25,Inactive,09/21/26
4087,0.15,Active,09/21/26
4088,0.39,Active,09/21/26
4089,0.25,Inactive,09/21/26
4090,0.29,Active,09/21/26
4092,0.3,Inactive,09/21/26
4093,0.25,Active,09/21/26
4094,0.29,Active,09/21/26
4096,0.29,Active,09/21/26
4097,0.29,Active,09/21/26
4099,Not Priced,Inactive,
4100,0.29,Inactive,09/21/26
4101,0.25,Active,09/21/26
4102,0,Active,09/21/26
4103,0.25,Inactive,09/21/26
4105,0.29,Active,09/21/26
4107,0.29,Active,09/21/26
4108,0.39,Inactive,09/21/26
4110,0.29,Inactive,09/21/26
4111,0.25,Active,09/21/26
4112,0.25,Active,09/21/26
4113,0.25,Active,09/21/26
4119,0.2,Inactive,09/21/26
4120,0.29,Active,09/21/26
4121,0.3,Active,09/21/26
4122,0.29,Active,09/21/26
4123,0.29,Active,09/21/26
4124,0.25,Active,09/21/26
4126,0.19,Inactive,09/21/26
4128,0.29,Active,09/21/26
4134,0.29,Active,09/21/26
4137,0.3,Active,09/21/26
4138,0.29,Active,09/21/26
4142,0.54,Inactive,09/21/26
4143,0.29,Active,09/21/26
4145,0.29,Inactive,09/21/26
4146,0.25,Active,09/21/26
4147,0.25,Active,09/21/26
4148,0,Active,09/21/26
4151,0.39,Inactive,09/21/26
4152,0.39,Active,09/21/26
4154,0.35,Active,09/21/26
4157,0.39,Active,09/21/26
4160,0.25,Inactive,09/21/26
4162,0.25,Inactive,09/21/26
4163,0.25,Active,09/21/26
4164,0.15,Active,09/21/26
4165,0.29,Inactive,09/21/26
4166,0.25,Active,09/21/26
4167,0.29,Active,09/21/26
4168,0.29,Active,09/21/26
4170,0,Active,09/21/26
4172,0.25,Inactive,09/21/26
4173,0.39,Active,09/21/26
4175,0.29,Active,09/21/26
4179,0.29,Inactive,09/21/26
4180,0.29,Active,09/21/26
4181,0.39,Active,09/21/26
4183,0.25,Inactive,09/21/26
4184,0.29,Inactive,09/21/26
4186,0.29,Inactive,09/21/26
4187,0.25,Active,09/21/26
4188,0.39,Active,09/21/26
4193,0.39,Active,09/21/26
4194,0.25,Inactive,09/21/26
4195,0.25,Inactive,09/21/26
4198,0.25,Inactive,09/21/26
4199,0.25,Active,09/21/26
4201,0.29,Inactive,09/21/26
4202,0.29,Inactive,09/21/26
4205,0.25,Inactive,09/21/26
4206,0.15,Inactive,09/21/26
4207,0.4,Active,09/21/26
4208,0.25,Inactive,09/21/26
4209,0.29,Inactive,09/21/26
4210,0.25,Active,09/21/26
4212,0.25,Active,09/21/26
4214,0.29,Active,09/21/26
4215,0.25,Active,09/21/26
4216,0.2,Active,09/21/26
4217,0.29,Inactive,09/21/26
4220,0.25,Active,09/21/26
4221,0.39,Active,09/21/26
4224,0.3,Inactive,09/21/26
4225,0.1,Active,09/21/26
4226,0.29,Active,09/21/26
4227,0.25,Inactive,09/21/26
4229,0.29,Inactive,09/21/26
4230,0.29,Active,09/21/26
4231,0.29,Active,09/21/26
4233,0.29,Active,09/21/26
4234,0.59,Active,09/21/26
4235,0.29,Active,09/21/26
4236,0.3,Active,09/21/26
4237,0.29,Inactive,09/21/26
4239,0.29,Active,09/21/26
4240,0.39,Active,09/21/26
4241,0.25,Active,09/21/26
4242,0.3,Inactive,09/21/26
4243,0.29,Inactive,09/21/26
4244,0.33,Active,09/21/26
4245,0.35,Active,09/21/26
4246,0.29,Active,09/21/26
4250,0.59,Active,09/21/26
4251,0.29,Inactive,09/21/26
4253,0.29,Active,09/21/26
4254,0.29,Active,09/21/26
4255,0.29,Active,09/21/26
4258,0.25,Inactive,09/21/26
4259,0.25,Active,09/21/26
4261,0.25,Active,09/21/26
4262,0.29,Active,09/21/26
4263,0.25,Active,09/21/26
4264,0.29,Active,09/21/26
4265,0.19,Active,09/21/26
4270,0.29,Active,09/21/26
4271,0.2,Inactive,09/21/26
4272,0.3,Inactive,09/21/26
4274,0.3,Inactive,09/21/26
4275,0.4,Active,09/21/26
4276,0.25,Inactive,09/21/26
4277,0.25,Active,09/21/26
4278,0.3,Active,09/21/26
4280,0.39,Active,09/21/26
4281,0.19,Inactive,09/21/26
4282,0.29,Active,09/21/26
4284,0.29,Active,09/21/26
4286,0.29,Active,09/21/26
4287,0.49,Inactive,09/21/26
4288,0.39,Active,09/21/26
4289,0.25,Active,09/21/26
4290,0.39,Active,09/21/26
4291,0.4,Active,09/21/26
4294,0.29,Active,09/21/26
4295,0.25,Active,09/21/26
4296,0.25,Inactive,09/21/26
4297,0.3,Inactive,09/21/26
4298,0.19,Active,09/21/26
4299,0.3,Inactive,09/21/26
4300,0.2,Inactive,09/21/26
4302,0.25,Inactive,09/21/26
4303,0.25,Active,09/21/26
4304,0.25,Active,09/21/26
4305,0.25,Inactive,09/21/26
4306,0.29,Active,09/21/26
4307,0.29,Active,09/21/26
4308,0.69,Active,09/21/26
4309,0.39,Active,09/21/26
4310,0.3,Active,09/21/26
4311,0.25,Active,09/21/26
4312,0.29,Inactive,09/21/26
4313,0.35,Active,09/21/26
4314,0.25,Active,09/21/26
4319,0.25,Active,09/21/26
4320,0.39,Active,09/21/26
4321,0.29,Inactive,09/21/26
4322,0.2,Inactive,09/21/26
4323,0.29,Active,09/21/26
4324,0.5,Active,09/21/26
4325,0.35,Active,09/21/26
4327,0.3,Active,09/21/26
4329,0.3,Active,09/21/26
4330,0.59,Inactive,09/21/26
4332,0.39,Inactive,09/21/26
4336,0,Inactive,09/21/26
4337,0.25,Active,09/21/26
4338,0.3,Inactive,09/21/26
4339,0.29,Active,09/21/26
4341,0.29,Active,09/21/26
4344,0.25,Inactive,09/21/26
4345,0.25,Inactive,09/21/26
4346,0.25,Active,09/21/26
4347,0.3,Active,09/21/26
4350,0.25,Active,09/21/26
4353,0.3,Active,09/21/26
4354,0.25,Active,09/21/26
4355,0.25,Inactive,09/21/26
4356,0.29,Inactive,09/21/26
4358,0.29,Active,09/21/26
4360,0.29,Active,09/21/26
4361,0.15,Active,09/21/26
4362,0.49,Active,09/21/26
4367,0.49,Active,09/21/26
4368,0.49,Active,09/21/26
4369,0.39,Active,09/21/26
4371,0.29,Active,09/21/26
4372,0.29,Inactive,09/21/26
4373,0.39,Active,09/21/26
4375,0.39,Active,09/21/26
4376,0.29,Active,09/21/26
4379,0.29,Active,09/21/26
4380,0.29,Inactive,09/21/26
4381,0,Inactive,09/21/26
4385,0.4,Active,09/21/26
4387,0.15,Inactive,09/21/26
4388,0.25,Active,09/21/26
4390,0.29,Active,09/21/26
4391,0.29,Active,09/21/26
4392,0.25,Active,09/21/26
4393,0.49,Active,09/21/26
4394,0.79,Active,09/21/26
4396,0.25,Active,09/21/26
4399,0.4,Active,09/21/26
4400,0,Active,09/21/26
4401,0.25,Active,09/21/26
4402,0.25,Active,09/21/26
4404,0.25,Active,09/21/26
4405,0.3,Active,09/21/26
4406,0.29,Active,09/21/26
4407,0.39,Active,09/21/26
4408,0.39,Active,09/21/26
4409,0.29,Inactive,09/21/26
4411,0.39,Active,09/21/26
4412,0.39,Active,09/21/26
4415,0.39,Active,09/21/26
4417,0.25,Active,09/21/26
4418,0.29,Inactive,09/21/26
4419,0.29,Active,09/21/26
4420,0.25,Inactive,09/21/26
4424,0.29,Active,09/21/26
4426,0.29,Inactive,09/21/26
4427,0.29,Inactive,09/21/26
4428,0.29,Active,09/21/26
4429,0.3,Active,09/21/26
4430,0.26,Inactive,09/21/26
4433,0.29,Active,09/21/26
4434,0.3,Active,09/21/26
4436,0.35,Active,09/21/26
4438,0.29,Active,09/21/26
4439,0.29,Active,09/21/26
4440,0.39,Active,09/21/26
4441,0.29,Active,09/21/26
4443,0.39,Active,09/21/26
4444,Not Priced,Inactive,
4445,0.25,Active,09/21/26
4446,0.25,Inactive,09/21/26
4447,0.59,Active,09/21/26
4449,0.25,Inactive,09/21/26
4450,0.39,Active,09/21/26
4451,0.29,Inactive,09/21/26
4453,0.35,Inactive,09/21/26
4454,0.25,Inactive,09/21/26
4456,0.39,Active,09/21/26
4457,0.39,Active,09/21/26
4458,0.25,Active,09/21/26
4461,0.39,Active,09/21/26
4467,0.3,Active,09/21/26
4469,0.25,Inactive,09/21/26
4470,0.29,Active,09/21/26
4471,0.25,Inactive,09/21/26
4472,0.3,Active,09/21/26
4473,0.25,Inactive,09/21/26
4474,0.25,Active,09/21/26
4475,0.29,Active,09/21/26
4479,0.29,Active,09/21/26
4481,0.39,Inactive,09/21/26
4482,0.45,Active,09/21/26
4483,0.25,Active,09/21/26
4488,0.29,Inactive,09/21/26
4490,0.29,Active,09/21/26
4491,0.25,Active,09/21/26
4492,0.35,Active,09/21/26
4493,0.29,Active,09/21/26
4496,0.39,Active,09/21/26
4497,0.29,Active,09/21/26
4498,0.25,Active,09/21/26
4508,0.39,Active,09/21/26
4509,0.49,Active,09/21/26
4510,0.3,Active,09/21/26
4512,0.4,Active,09/21/26
4513,0.29,Active,09/21/26
4515,0.3,Active,09/21/26
4516,0.29,Active,09/21/26
4517,0.2,Inactive,09/21/26
4518,0.29,Active,09/21/26
4521,0.29,Active,09/21/26
4523,0.29,Active,09/21/26
4524,0.29,Inactive,09/21/26
4525,0.3,Active,09/21/26
4526,0.3,Active,09/21/26
4528,0.39,Active,09/21/26
4531,0.49,Active,09/21/26
4532,0.39,Active,09/21/26
4534,0.19,Active,09/21/26
4536,0.29,Active,09/21/26
4538,0.29,Active,09/21/26
4540,0.29,Active,09/21/26
4541,0.25,Active,09/21/26
4542,0.29,Active,09/21/26
4543,0.15,Active,09/21/26
4544,0.59,Active,09/21/26
4546,0.29,Active,09/21/26
4549,0.29,Active,09/21/26
4550,0.29,Active,09/21/26
4551,0.3,Inactive,09/21/26
4552,0.19,Active,09/21/26
4553,0.25,Active,09/21/26
4555,0.25,Active,09/21/26
4556,0.25,Active,09/21/26
4560,0.39,Active,09/21/26
4561,0.5,Inactive,09/21/26
4562,0.39,Active,09/21/26
4563,0.25,Inactive,09/21/26
4565,0.5,Inactive,09/21/26
4566,0.25,Inactive,09/21/26
4567,0.39,Active,09/21/26
4568,0.39,Inactive,09/21/26
4569,0.29,Active,09/21/26
4570,0.29,Active,09/21/26
4571,0.15,Inactive,09/21/26
4573,0.5,Active,09/21/26
4575,0.29,Inactive,09/21/26
4576,0.29,Active,09/21/26
4578,0.49,Inactive,09/21/26
4579,0.29,Inactive,09/21/26
4580,0.3,Inactive,09/21/26
4581,0.39,Active,09/21/26
4582,0.4,Inactive,09/21/26
4583,0.39,Active,09/21/26
4584,0.29,Inactive,09/21/26
4585,0.3,Inactive,09/21/26
4587,0.39,Inactive,09/21/26
4588,0.29,Active,09/21/26
4589,0.3,Active,09/21/26
4590,0.39,Active,09/21/26
4591,0.25,Inactive,09/21/26
4592,0.2,Active,09/21/26
4593,0.29,Active,09/21/26
4594,0.2,Inactive,09/21/26
4595,0.29,Inactive,09/21/26
4596,0,Active,09/21/26
4598,0.29,Active,09/21/26
4604,0.3,Active,09/21/26
4605,0.25,Inactive,09/21/26
4606,0.15,Inactive,09/21/26
4607,0.39,Inactive,09/21/26
4608,0.29,Active,09/21/26
4609,0.35,Inactive,09/21/26
4610,0.29,Active,09/21/26
4612,0.15,Active,09/21/26
4617,0.29,Inactive,09/21/26
4618,0.19,Active,09/21/26
4619,0.39,Active,09/21/26
4620,0.25,Active,09/21/26
4621,0.29,Inactive,09/21/26
4623,0.29,Active,09/21/26
4624,0.29,Active,09/21/26
4625,0.25,Active,09/21/26
4626,0.15,Inactive,09/21/26
4627,0.29,Active,09/21/26
4628,0,Active,09/21/26
4629,0.25,Active,09/21/26
4630,0.3,Active,09/21/26
4632,0.75,Active,09/21/26
4633,0.35,Active,09/21/26
4634,0.25,Inactive,09/21/26
4635,0.3,Active,09/21/26
4637,0.69,Active,09/21/26
4638,0.25,Active,09/21/26
4639,0.29,Inactive,09/21/26
4640,0.35,Active,09/21/26
4641,0.25,Inactive,09/21/26
4642,0.25,Active,09/21/26
4643,0.25,Active,09/21/26
4644,0.69,Inactive,09/21/26
4647,0.49,Inactive,09/21/26
4649,0.25,Active,09/21/26
4650,0.29,Active,09/21/26
4654,0.3,Inactive,09/21/26
4655,0.35,Active,09/21/26
4656,0.25,Inactive,09/21/26
4661,0.29,Active,09/21/26
4662,0.25,Active,09/21/26
4663,0.39,Inactive,09/21/26
4664,0.3,Active,09/21/26
4665,0.2,Active,09/21/26
4666,0.29,Inactive,09/21/26
4667,0.25,Active,09/21/26
4673,0.25,Inactive,09/21/26
4675,0.25,Active,09/21/26
4679,0.39,Active,09/21/26
4680,0.29,Active,09/21/26
4681,0.25,Active,09/21/26
4682,0.22,Inactive,09/21/26
4683,0,Active,09/21/26
4684,0.3,Inactive,09/21/26
4685,0.29,Inactive,09/21/26
4686,0.29,Active,09/21/26
4688,0.35,Inactive,09/21/26
4689,0.29,Active,09/21/26
4690,0.29,Active,09/21/26
4691,0.39,Active,09/21/26
4693,0.25,Inactive,09/21/26
4694,0.29,Active,09/21/26
4695,0.29,Inactive,09/21/26
4696,0.29,Inactive,09/21/26
4698,0.29,Active,09/21/26
4699,0.39,Active,09/21/26
4700,0.39,Active,09/21/26
4701,0.15,Active,09/21/26
4702,0.49,Active,09/21/26
4703,0.15,Inactive,09/21/26
4704,0.35,Active,09/21/26
4705,0.25,Active,09/21/26
4706,0.25,Inactive,09/21/26
4707,0.25,Active,09/21/26
4708,0.25,Active,09/21/26
4709,0.3,Active,09/21/26
4710,0.29,Inactive,09/21/26
4712,0.29,Inactive,09/21/26
4714,0.3,Active,09/21/26
4717,0.3,Active,09/21/26
4720,0.29,Inactive,09/21/26
4721,0.25,Active,09/21/26
4722,0.29,Active,09/21/26
4723,0.25,Inactive,09/21/26
4724,0.3,Inactive,09/21/26
4727,0.29,Inactive,09/21/26
4728,0.1,Inactive,09/21/26
4729,0.25,Active,09/21/26
4731,0.25,Inactive,09/21/26
4735,0.25,Active,09/21/26
4737,0.59,Active,09/21/26
4738,0.69,Inactive,09/21/26
4739,0.29,Active,09/21/26
4740,0.25,Active,09/21/26
4741,0.29,Active,09/21/26
4742,0.2,Active,09/21/26
4743,0.25,Inactive,09/21/26
4745,0.29,Active,09/21/26
4747,0.49,Inactive,09/21/26
4748,0.25,Inactive,09/21/26
4749,0.29,Active,09/21/26
4752,0.3,Active,09/21/26
4753,0.25,Inactive,09/21/26
4754,0.19,Active,09/21/26
4755,0.29,Active,09/21/26
4756,0.2,Inactive,09/21/26
4757,0.29,Active,09/21/26
4759,0.29,Active,09/21/26
4761,0.29,Active,09/21/26
4762,0.59,Active,09/21/26
4763,0.29,Active,09/21/26
4766,0.29,Inactive,09/21/26
4767,0.25,Active,09/21/26
4768,0.49,Active,09/21/26
4770,0.13,Active,09/21/26
4771,0.25,Active,09/21/26
4772,0.3,Active,09/21/26
4773,0.23,Active,09/21/26
4774,0.25,Active,09/21/26
4775,0.49,Active,09/21/26
4776,0.49,Inactive,09/21/26
4777,0.29,Active,09/21/26
4778,0.25,Active,09/21/26
4779,0.29,Active,09/21/26
4781,0.29,Active,09/21/26
4782,0.3,Active,09/21/26
4785,0.35,Active,09/21/26
4786,0.25,Active,09/21/26
4787,0.29,Active,09/21/26
4788,0.3,Inactive,09/21/26
4789,0.39,Active,09/21/26
4791,0.39,Active,09/21/26
4792,0.29,Active,09/21/26
4793,0.39,Active,09/21/26
4794,0.29,Inactive,09/21/26
4795,0.29,Active,09/21/26
4798,0.29,Active,09/21/26
4799,0.35,Inactive,09/21/26
4800,0.29,Inactive,09/21/26
4801,0.29,Active,09/21/26
4802,0.29,Inactive,09/21/26
4803,0.25,Inactive,09/21/26
4804,0.25,Inactive,09/21/26
4805,0.29,Active,09/21/26
4806,0.15,Active,09/21/26
4808,0.25,Inactive,09/21/26
4809,0.39,Active,09/21/26
4811,0.29,Active,09/21/26
4812,0.3,Inactive,09/21/26
4816,0,Active,09/21/26
4817,0.29,Active,09/21/26
4818,0.29,Inactive,09/21/26
4819,0.29,Inactive,09/21/26
4820,0.3,Active,09/21/26
4821,0.19,Active,09/21/26
4822,0.25,Active,09/21/26
4823,0.29,Active,09/21/26
4825,0.29,Active,09/21/26
4830,0.29,Active,09/21/26
4831,0.25,Active,09/21/26
4833,0.25,Inactive,09/21/26
4834,0.39,Active,09/21/26
4835,0.29,Inactive,09/21/26
4836,0.39,Active,09/21/26
4837,0.29,Inactive,09/21/26
4838,0.5,Active,09/21/26
4840,0.3,Inactive,09/21/26
4841,0.5,Active,09/21/26
4844,0.39,Inactive,09/21/26
4845,0.29,Active,09/21/26
4846,0.3,Active,09/21/26
4847,0.35,Inactive,09/21/26
4848,0.29,Active,09/21/26
4849,0.5,Active,09/21/26
4852,0.29,Active,09/21/26
4853,0.5,Active,09/21/26
4854,0.3,Active,09/21/26
4855,0.29,Active,09/21/26
4856,0.29,Active,09/21/26
4857,0.25,Active,09/21/26
4858,0.15,Active,09/21/26
4859,0.25,Active,09/21/26
4860,0.29,Active,09/21/26
4861,0.25,Active,09/21/26
4863,0.25,Active,09/21/26
4864,0.3,Inactive,09/21/26
4865,0.25,Active,09/21/26
4866,0.25,Active,09/21/26
4867,0.25,Inactive,09/21/26
4868,0.25,Active,09/21/26
4869,0.25,Active,09/21/26
4870,0.29,Active,09/21/26
4871,0.75,Inactive,09/21/26
4873,0.5,Inactive,09/21/26
4876,0.29,Inactive,09/21/26
4878,0,Active,09/21/26
4879,0.35,Active,09/21/26
4880,0.25,Active,09/21/26
4881,0.25,Active,09/21/26
4882,0.29,Inactive,09/21/26
4883,0.39,Active,09/21/26
4884,0.2,Active,09/21/26
4887,0.39,Active,09/21/26
4888,0.25,Inactive,09/21/26
4889,0.29,Inactive,09/21/26
4891,0.69,Active,09/21/26
4892,0.3,Active,09/21/26
4897,0.25,Active,09/21/26
4898,0.25,Inactive,09/21/26
4899,0.25,Active,09/21/26
4900,0.29,Inactive,09/21/26
4901,0.19,Active,09/21/26
4902,0.3,Active,09/21/26
4903,0.5,Active,09/21/26
4904,0.4,Active,09/21/26
4905,0.29,Inactive,09/21/26
4906,0.39,Active,09/21/26
4908,0.29,Active,09/21/26
4909,0.29,Active,09/21/26
4910,0.49,Active,09/21/26
4911,0.39,Inactive,09/21/26
4912,0.39,Inactive,09/21/26
4917,0.25,Active,09/21/26
4918,0.29,Active,09/21/26
4920,0.1,Active,09/21/26
4921,0.35,Active,09/21/26
4922,Not Priced,Inactive,
4924,0.49,Inactive,09/21/26
4925,0.29,Active,09/21/26
4926,0.29,Active,09/21/26
4929,0.39,Active,09/21/26
4930,0.15,Active,09/21/26
4931,0.3,Active,09/21/26
4934,0.39,Inactive,09/21/26
4935,0.29,Active,09/21/26
4936,0.29,Active,09/21/26
4937,0.25,Inactive,09/21/26
4938,0.25,Active,09/21/26
4939,0.25,Active,09/21/26
4940,0.25,Active,09/21/26
4943,0.29,Active,09/21/26
4944,0.25,Active,09/21/26
4945,0.29,Active,09/21/26
4947,0.25,Active,09/21/26
4949,0.25,Active,09/21/26
4951,0.2,Active,09/21/26
4952,0.25,Active,09/21/26
4953,0.35,Active,09/21/26
4955,0.49,Inactive,09/21/26
4956,0.25,Active,09/21/26
4957,0.29,Inactive,09/21/26
4958,0.29,Active,09/21/26
4959,0.2,Active,09/21/26
4960,0.25,Active,09/21/26
4961,0.54,Inactive,09/21/26
4963,0.25,Inactive,09/21/26
4965,0.29,Active,09/21/26
4966,0.39,Active,09/21/26
4968,0.25,Active,09/21/26
4969,0.29,Active,09/21/26
4970,0.29,Active,09/21/26
4971,0.49,Active,09/21/26
4975,0.39,Inactive,09/21/26
4976,0.29,Active,09/21/26
4977,0.29,Inactive,09/21/26
4978,0.19,Inactive,09/21/26
4979,0.25,Active,09/21/26
4987,0.29,Active,09/21/26
4988,0.29,Inactive,09/21/26
4990,0.29,Inactive,09/21/26
4991,0.35,Active,09/21/26
4992,0.3,Active,09/21/26
4993,0.19,Inactive,09/21/26
4994,0.49,Active,09/21/26
4995,0.25,Inactive,09/21/26
4996,0,Active,09/21/26
4997,0.25,Active,09/21/26
4999,0.15,Active,09/21/26
5000,0.29,Active,09/21/26
5002,0.25,Inactive,09/21/26
5003,0.29,Active,09/21/26
5004,0.39,Active,09/21/26
5005,0.29,Inactive,09/21/26
5006,0,Active,09/21/26
5007,0.5,Active,09/21/26
5008,0.39,Active,09/21/26
5010,0.23,Active,09/21/26
5011,0.29,Active,09/21/26
5012,0.29,Inactive,09/21/26
5013,0.29,Active,09/21/26
5015,0.39,Inactive,09/21/26
5016,0.59,Active,09/21/26
5018,0.29,Active,09/21/26
5020,0.49,Inactive,09/21/26
5021,0.25,Active,09/21/26
5022,0.29,Active,09/21/26
5023,0.29,Active,09/21/26
5024,0.44,Active,09/21/26
5026,0.29,Inactive,09/21/26
5027,0.29,Active,09/21/26
5028,0.29,Inactive,09/21/26
5029,0.25,Active,09/21/26
5030,0.25,Inactive,09/21/26
5031,0.25,Active,09/21/26
5032,0.25,Active,09/21/26
5034,0.35,Active,09/21/26
5037,0.2,Active,09/21/26
5039,0.39,Active,09/21/26
5040,0.25,Active,09/21/26
5043,0.25,Active,09/21/26
5044,0.25,Active,09/21/26
5045,0.23,Active,09/21/26
5048,0.29,Active,09/21/26
5049,0.54,Inactive,09/21/26
5050,0.25,Inactive,09/21/26
5051,0.25,Inactive,09/21/26
5053,0.29,Active,09/21/26
5054,0.49,Inactive,09/21/26
5055,0.29,Active,09/21/26
5057,0.3,Active,09/21/26
5058,0.29,Active,09/21/26
5059,0.25,Active,09/21/26
5060,0.3,Active,09/21/26
5061,0,Inactive,09/21/26
5062,0.25,Inactive,09/21/26
5064,0,Inactive,09/21/26
5065,0.25,Active,09/21/26
5067,0.29,Active,09/21/26
5068,0.33,Active,09/21/26
5069,0.39,Active,09/21/26
5070,0.25,Active,09/21/26
5072,0.3,Active,09/21/26
5073,0.49,Active,09/21/26
5074,0.39,Active,09/21/26
5077,0.29,Inactive,09/21/26
5081,0.39,Inactive,09/21/26
5082,0.3,Inactive,09/21/26
5083,0.6,Active,09/21/26
5084,0.5,Active,09/21/26
5085,0.29,Active,09/21/26
5087,0.39,Inactive,09/21/26
5088,0,Active,09/21/26
5090,0.3,Active,09/21/26
5091,0.3,Active,09/21/26
5092,0.25,Active,09/21/26
5093,0.15,Active,09/21/26
5094,0.25,Inactive,09/21/26
5097,0.39,Active,09/21/26
5098,0.39,Inactive,09/21/26
5099,0.5,Active,09/21/26
5100,0.25,Active,09/21/26
5101,0.19,Active,09/21/26
5103,0.3,Active,09/21/26
5105,0.29,Active,09/21/26
5106,0.29,Active,09/21/26
5110,0.3,Active,09/21/26
5111,0.15,Inactive,09/21/26
5112,0.49,Inactive,09/21/26
5114,0.29,Inactive,09/21/26
5115,0.39,Inactive,09/21/26
5117,0.2,Active,09/21/26
5118,0.5,Inactive,09/21/26
5119,0.29,Active,09/21/26
5121,0.29,Active,09/21/26
5122,0.3,Active,09/21/26
5123,0.29,Inactive,09/21/26
5125,0.35,Active,09/21/26
5126,0.29,Active,09/21/26
5127,0.29,Inactive,09/21/26
5128,0.35,Active,09/21/26
5129,0.19,Inactive,09/21/26
5131,0.2,Active,09/21/26
5132,0.35,Active,09/21/26
5134,0.75,Active,09/21/26
5136,0.29,Active,09/21/26
5138,0.2,Active,09/21/26
5140,0.49,Inactive,09/21/26
5141,0.25,Inactive,09/21/26
5142,0.25,Active,09/21/26
5143,0.3,Active,09/21/26
5148,0.39,Inactive,09/21/26
5149,0.29,Active,09/21/26
5151,0.39,Active,09/21/26
5153,0.29,Active,09/21/26
5154,0.25,Active,09/21/26
5155,0.25,Inactive,09/21/26
5156,0.25,Active,09/21/26
5157,0.29,Active,09/21/26
5158,0.15,Active,09/21/26
5159,0.29,Active,09/21/26
5160,0.29,Active,09/21/26
5162,0.29,Inactive,09/21/26
5166,0,Active,09/21/26
5167,0.15,Inactive,09/21/26
5168,0.29,Inactive,09/21/26
5169,0.25,Inactive,09/21/26
5170,0.35,Active,09/21/26
5171,0.25,Active,09/21/26
5173,0.39,Active,09/21/26
5174,0.29,Inactive,09/21/26
5175,0.3,Active,09/21/26
5176,0.25,Inactive,09/21/26
5177,0.25,Active,09/21/26
5180,0.25,Active,09/21/26
5181,0.29,Inactive,09/21/26
5182,0.3,Active,09/21/26
5183,0.29,Active,09/21/26
5184,0.25,Active,09/21/26
5190,0.39,Active,09/21/26
5191,0.2,Active,09/21/26
5192,0.35,Inactive,09/21/26
5193,0.29,Active,09/21/26
5194,0.3,Active,09/21/26
5195,0.29,Inactive,09/21/26
5196,0.3,Active,09/21/26
5198,0.19,Active,09/21/26
5199,0.3,Active,09/21/26
5200,0,Active,09/21/26
5201,0.3,Inactive,09/21/26
5202,0.3,Active,09/21/26
5204,0.29,Active,09/21/26
5206,0.39,Active,09/21/26
5207,0.25,Active,09/21/26
5208,0.39,Active,09/21/26
5209,0.29,Active,09/21/26
5210,0.29,Inactive,09/21/26
5211,0.39,Inactive,09/21/26
5213,0.29,Inactive,09/21/26
5215,0.2,Active,09/21/26
5216,0.25,Active,09/21/26
5218,0.29,Active,09/21/26
5223,0.29,Active,09/21/26
5225,0.49,Active,09/21/26
5226,0.25,Inactive,09/21/26
5227,0.39,Active,09/21/26
5228,0.39,Active,09/21/26
5229,0.25,Inactive,09/21/26
5230,0.29,Active,09/21/26
5231,0.3,Active,09/21/26
5232,0.15,Inactive,09/21/26
5233,0.29,Inactive,09/21/26
5234,0.29,Active,09/21/26
5236,0.39,Inactive,09/21/26
5237,0.35,Inactive,09/21/26
5238,0.3,Active,09/21/26
5239,0.25,Active,09/21/26
5240,0.29,Inactive,09/21/26
5241,0.39,Active,09/21/26
5242,0.3,Inactive,09/21/26
5243,0.5,Active,09/21/26
5244,0.35,Active,09/21/26
5245,0.5,Inactive,09/21/26
5246,0.25,Active,09/21/26
5247,0.29,Inactive,09/21/26
5248,0.23,Active,09/21/26
5249,0.3,Active,09/21/26
5250,0.49,Active,09/21/26
5251,0.5,Active,09/21/26
5254,0.29,Active,09/21/26
5255,0.29,Active,09/21/26
5256,0.29,Active,09/21/26
5258,0.25,Active,09/21/26
5259,0.29,Active,09/21/26
5266,0.2,Inactive,09/21/26
5267,0.3,Active,09/21/26
5268,0,Active,09/21/26
5269,0,Active,09/21/26
5272,0.25,Active,09/21/26
5273,0.29,Active,09/21/26
5274,0.25,Active,09/21/26
5276,0.39,Inactive,09/21/26
5277,0.29,Active,09/21/26
5278,0.39,Active,09/21/26
5279,0.39,Inactive,09/21/26
5281,0.29,Inactive,09/21/26
5282,0.25,Inactive,09/21/26
5284,0.39,Inactive,09/21/26
5287,0.4,Active,09/21/26
5288,0.35,Inactive,09/21/26
5289,0.29,Active,09/21/26
5290,0.29,Inactive,09/21/26
5292,0.25,Active,09/21/26
5293,0.25,Active,09/21/26
5294,0.25,Inactive,09/21/26
5295,0.29,Active,09/21/26
5296,0.25,Active,09/21/26
5297,0.25,Active,09/21/26
5298,0.29,Active,09/21/26
5299,0.29,Inactive,09/21/26
5300,0.25,Inactive,09/21/26
5302,0.29,Active,09/21/26
5305,0.39,Inactive,09/21/26
5306,0.25,Inactive,09/21/26
5307,0.29,Active,09/21/26
5308,0.29,Inactive,09/21/26
5309,0.2,Active,09/21/26
5311,0.39,Active,09/21/26
5312,0.29,Active,09/21/26
5313,0.49,Active,09/21/26
5314,0.5,Inactive,09/21/26
5316,0.25,Active,09/21/26
5317,0.25,Active,09/21/26
5318,0.25,Active,09/21/26
5319,0.3,Inactive,09/21/26
5320,0.25,Active,09/21/26
5321,0.25,Inactive,09/21/26
5322,0.25,Inactive,09/21/26
5323,0.29,Inactive,09/21/26
5326,0.25,Active,09/21/26
5329,0.15,Inactive,09/21/26
5330,0.29,Active,09/21/26
5331,0.29,Active,09/21/26
5332,0.39,Active,09/21/26
5333,0.5,Active,09/21/26
5334,0.25,Active,09/21/26
5338,0.29,Active,09/21/26
5340,0.3,Inactive,09/21/26
5341,0.25,Active,09/21/26
5342,0.29,Active,09/21/26
5343,0.39,Active,09/21/26
5344,0.19,Inactive,09/21/26
5346,Not Priced,Inactive,
5347,0.25,Active,09/21/26
5348,0.29,Active,09/21/26
5349,0.39,Inactive,09/21/26
5350,0,Active,09/21/26
5351,0.3,Active,09/21/26
5352,0.29,Inactive,09/21/26
5353,0.19,Active,09/21/26
5354,0.29,Active,09/21/26
5356,0.29,Active,09/21/26
5359,0.29,Inactive,09/21/26
5361,0.29,Active,09/21/26
5364,0.25,Active,09/21/26
5365,0.5,Active,09/21/26
5367,0.29,Active,09/21/26
5368,0.29,Active,09/21/26
5369,0.1,Inactive,09/21/26
5373,0.35,Active,09/21/26
5375,0.39,Active,09/21/26
5377,0.29,Active,09/21/26
5378,0.19,Active,09/21/26
5383,0.45,Active,09/21/26
5384,0.29,Active,09/21/26
5385,0.5,Active,09/21/26
5386,0.25,Inactive,09/21/26
5387,0.5,Inactive,09/21/26
5388,0.39,Inactive,09/21/26
5389,0.5,Active,09/21/26
5390,0.39,Active,09/21/26
5391,0.25,Active,09/21/26
5392,0.59,Active,09/21/26
5394,0.3,Active,09/21/26
5395,0.25,Active,09/21/26
5396,0.35,Inactive,09/21/26
5397,0.29,Active,09/21/26
5398,0.35,Inactive,09/21/26
5400,0.29,Inactive,09/21/26
5401,0.29,Active,09/21/26
5403,0.15,Inactive,09/21/26
5405,0.29,Inactive,09/21/26
5407,0.25,Inactive,09/21/26
5408,0.5,Inactive,09/21/26
5410,0.25,Inactive,09/21/26
5411,0.29,Active,09/21/26
5412,0.29,Inactive,09/21/26
5413,0.39,Active,09/21/26
5414,0.49,Active,09/21/26
5416,0.39,Inactive,09/21/26
5417,0.25,Inactive,09/21/26
5418,0.29,Active,09/21/26
5420,0.39,Active,09/21/26
5421,0.39,Active,09/21/26
5423,0.19,Inactive,09/21/26
5424,0.25,Active,09/21/26
5430,0.29,Active,09/21/26
5431,0.25,Active,09/21/26
5432,0.29,Active,09/21/26
5433,0.3,Active,09/21/26
5436,0.29,Active,09/21/26
5437,0.25,Active,09/21/26
5439,0.3,Active,09/21/26
5440,0.29,Active,09/21/26
5441,0.25,Active,09/21/26
5442,0.3,Active,09/21/26
5445,0.39,Active,09/21/26
5446,0.35,Active,09/21/26
5447,0.29,Active,09/21/26
5451,0.4,Active,09/21/26
5452,0.29,Active,09/21/26
5453,0.25,Inactive,09/21/26
5455,0.29,Inactive,09/21/26
5456,0.29,Inactive,09/21/26
5457,0.29,Active,09/21/26
5458,0.35,Active,09/21/26
5460,0.29,Inactive,09/21/26
5461,0.5,Active,09/21/26
5462,0.49,Active,09/21/26
5467,0.25,Inactive,09/21/26
5468,0.15,Active,09/21/26
5470,0.29,Active,09/21/26
5471,0.39,Inactive,09/21/26
5472,0.29,Inactive,09/21/26
5473,0.29,Inactive,09/21/26
5475,0.19,Active,09/21/26
5476,0.2,Inactive,09/21/26
5477,0.3,Active,09/21/26
5478,0.25,Inactive,09/21/26
5479,0.49,Active,09/21/26
5480,0.35,Active,09/21/26
5481,0.25,Active,09/21/26
5485,0.6,Active,09/21/26
5486,0.2,Inactive,09/21/26
5487,0.29,Active,09/21/26
5489,0.25,Active,09/21/26
5490,0.29,Active,09/21/26
5492,0.25,Active,09/21/26
5493,0.25,Active,09/21/26
5495,0.15,Active,09/21/26
5496,0.29,Active,09/21/26
5497,0.29,Active,09/21/26
5498,0.25,Active,09/21/26
5499,0.25,Active,09/21/26
5500,0.25,Inactive,09/21/26
5501,0.29,Active,09/21/26
5503,0.59,Active,09/21/26
5504,0.29,Inactive,09/21/26
5505,0.29,Active,09/21/26
5506,0.39,Active,09/21/26
5507,0.29,Active,09/21/26
5508,0.29,Active,09/21/26
5509,0.1,Inactive,09/21/26
5510,0.39,Active,09/21/26
5511,0.39,Active,09/21/26
5512,0.39,Active,09/21/26
5514,0.49,Inactive,09/21/26
5515,0.29,Active,09/21/26
5517,0.29,Active,09/21/26
5518,0.29,Inactive,09/21/26
5519,0.15,Inactive,09/21/26
5520,0.75,Active,09/21/26
5521,0.5,Inactive,09/21/26
5522,0.39,Active,09/21/26
5524,0.29,Inactive,09/21/26
5525,0,Inactive,09/21/26
5526,0.39,Inactive,09/21/26
5528,0.29,Active,09/21/26
5529,0.25,Active,09/21/26
5531,0.25,Inactive,09/21/26
5532,0.25,Active,09/21/26
5533,0.29,Inactive,09/21/26
5535,0.39,Inactive,09/21/26
5536,0.5,Active,09/21/26
5538,0.19,Active,09/21/26
5540,0.29,Inactive,09/21/26
5541,0.4,Active,09/21/26
5543,0.29,Active,09/21/26
5546,0.42,Active,09/21/26
5548,0.29,Inactive,09/21/26
5552,0.5,Inactive,09/21/26
5553,0.3,Active,09/21/26
5554,0.29,Inactive,09/21/26
5555,0.29,Inactive,09/21/26
5556,0.29,Active,09/21/26
5558,0.5,Inactive,09/21/26
5560,0.29,Active,09/21/26
5562,0.3,Active,09/21/26
5563,0.25,Inactive,09/21/26
5564,0.29,Active,09/21/26
5565,0.39,Active,09/21/26
5566,0.29,Active,09/21/26
5567,0.29,Active,09/21/26
5568,0.35,Inactive,09/21/26
5569,0.25,Inactive,09/21/26
5571,0.25,Active,09/21/26
5574,0.39,Active,09/21/26
5575,0.1,Inactive,09/21/26
5577,0.25,Active,09/21/26
5578,0.25,Active,09/21/26
5579,0.29,Active,09/21/26
5580,0.3,Active,09/21/26
5581,0.29,Active,09/21/26
5582,0.25,Active,09/21/26
5583,0.25,Inactive,09/21/26
5586,0.39,Active,09/21/26
5587,0.39,Active,09/21/26
5588,0.39,Active,09/21/26
5589,0,Inactive,09/21/26
5590,0.35,Active,09/21/26
5591,0.15,Inactive,09/21/26
5592,0.25,Active,09/21/26
5593,0.4,Active,09/21/26
5594,0.25,Active,09/21/26
5595,0.29,Active,09/21/26
5596,0.15,Active,09/21/26
5600,0.39,Active,09/21/26
5603,0.59,Inactive,09/21/26
5604,0.29,Active,09/21/26
5605,0.25,Active,09/21/26
5606,0.5,Inactive,09/21/26
5608,0.5,Inactive,09/21/26
5609,0.25,Active,09/21/26
5610,0.5,Inactive,09/21/26
5611,0.2,Active,09/21/26
5612,0.29,Inactive,09/21/26
5615,0.25,Active,09/21/26
5617,0.39,Inactive,09/21/26
5619,0.25,Active,09/21/26
5620,0.39,Inactive,09/21/26
5622,0,Active,09/21/26
5623,0,Active,09/21/26
5624,0.29,Inactive,09/21/26
5625,0.39,Active,09/21/26
5626,0.29,Inactive,09/21/26
5627,0.25,Inactive,09/21/26
5628,0.25,Active,09/21/26
5629,0.3,Active,09/21/26
5630,0.29,Active,09/21/26
5631,0.25,Active,09/21/26
5632,0.59,Active,09/21/26
5635,0.2,Active,09/21/26
5636,0.29,Active,09/21/26
5637,0.25,Active,09/21/26
5638,0.25,Active,09/21/26
5639,0.25,Active,09/21/26
5640,0.49,Active,09/21/26
5644,0.29,Active,09/21/26
5645,0.25,Active,09/21/26
5646,0.39,Active,09/21/26
5647,0.4,Active,09/21/26
5649,0.15,Active,09/21/26
5650,0.25,Active,09/21/26
5651,0.75,Active,09/21/26
5653,0.25,Inactive,09/21/26
5656,0.39,Active,09/21/26
5657,0.25,Active,09/21/26
5658,0.39,Active,09/21/26
5659,0.4,Active,09/21/26
5660,0.29,Active,09/21/26
5665,0.3,Inactive,09/21/26
5667,0.39,Active,09/21/26
5668,0.1,Active,09/21/26
5669,0.15,Inactive,09/21/26
5672,0,Active,09/21/26
5673,0.3,Inactive,09/21/26
5674,0.29,Inactive,09/21/26
5675,0.3,Active,09/21/26
5678,0.5,Inactive,09/21/26
5679,0.4,Inactive,09/21/26
5681,0.3,Inactive,09/21/26
5682,0.59,Active,09/21/26
5684,0.29,Inactive,09/21/26
5686,0.2,Active,09/21/26
5687,0.29,Active,09/21/26
5688,0.29,Active,09/21/26
5690,0.3,Active,09/21/26
5691,0.25,Active,09/21/26
5692,0,Active,09/21/26
5693,0.35,Inactive,09/21/26
5694,Not Priced,Inactive,
5695,0.29,Active,09/21/26
5696,0.29,Active,09/21/26
5697,0.59,Active,09/21/26
5698,0.19,Inactive,09/21/26
5699,0.39,Active,09/21/26
5700,0.39,Active,09/21/26
5701,0.29,Active,09/21/26
5702,0.29,Active,09/21/26
5703,0.29,Active,09/21/26
5704,0.39,Active,09/21/26
5708,0.25,Active,09/21/26
5709,0.39,Inactive,09/21/26
5710,0.55,Active,09/21/26
5712,0.5,Inactive,09/21/26
5714,0.49,Active,09/21/26
5715,0.29,Inactive,09/21/26
5716,0.29,Active,09/21/26
5721,Not Priced,Inactive,
5723,0.29,Inactive,09/21/26
5724,0.39,Inactive,09/21/26
5725,0.25,Active,09/21/26
5727,0.25,Inactive,09/21/26
5728,0.25,Inactive,09/21/26
5730,0.35,Inactive,09/21/26
5731,0.29,Active,09/21/26
5732,0.49,Active,09/21/26
5733,0.15,Inactive,09/21/26
5735,0.5,Active,09/21/26
5736,0.39,Inactive,09/21/26
5737,0.25,Inactive,09/21/26
5738,0.35,Inactive,09/21/26
5739,0.25,Active,09/21/26
5740,0.29,Inactive,09/21/26
5741,0.39,Active,09/21/26
5742,0.29,Inactive,09/21/26
5744,0.29,Active,09/21/26
5745,0.39,Active,09/21/26
5747,0.39,Inactive,09/21/26
5748,0.5,Inactive,09/21/26
5749,0.29,Active,09/21/26
5753,0.25,Active,09/21/26
5754,0.3,Active,09/21/26
5755,0.3,Inactive,09/21/26
5756,0.29,Inactive,09/21/26
5757,0.19,Inactive,09/21/26
5758,0.29,Inactive,09/21/26
5760,0.2,Inactive,09/21/26
5761,0.29,Inactive,09/21/26
5762,0.5,Active,09/21/26
5763,0.59,Active,09/21/26
5767,0.29,Active,09/21/26
5768,0.3,Active,09/21/26
5769,0.39,Active,09/21/26
5773,0.1,Inactive,09/21/26
5774,0.29,Active,09/21/26
5776,0.29,Inactive,09/21/26
5780,0.19,Inactive,09/21/26
5781,0.29,Active,09/21/26
5782,0.4,Active,09/21/26
5783,0.39,Active,09/21/26
5787,0.29,Active,09/21/26
5790,0.79,Active,09/21/26
5791,0.25,Active,09/21/26
5795,0.1,Inactive,09/21/26
5796,0.25,Active,09/21/26
5797,0.29,Active,09/21/26
5798,0.29,Inactive,09/21/26
5799,0.29,Inactive,09/21/26
5801,0.29,Active,09/21/26
5802,0.25,Inactive,09/21/26
5803,0.29,Inactive,09/21/26
5804,0.39,Active,09/21/26
5805,0.25,Active,09/21/26
5806,0.29,Inactive,09/21/26
5807,0.29,Active,09/21/26
5808,0.39,Active,09/21/26
5809,0.39,Inactive,09/21/26
5810,0.25,Active,09/21/26
5811,0.25,Active,09/21/26
5812,0.25,Active,09/21/26
5813,0.29,Active,09/21/26
5814,0.29,Inactive,09/21/26
5815,0,Active,09/21/26
5817,0.39,Active,09/21/26
5818,0.29,Active,09/21/26
5819,0.25,Active,09/21/26
5821,0.25,Inactive,09/21/26
5822,Not Priced,Inactive,
5825,0.29,Inactive,09/21/26
5827,0.25,Inactive,09/21/26
5828,0.29,Active,09/21/26
5829,0.29,Inactive,09/21/26
5831,0.3,Active,09/21/26
5832,0.45,Active,09/21/26
5834,0.3,Active,09/21/26
5835,0.25,Inactive,09/21/26
5836,0.29,Active,09/21/26
5837,0.25,Active,09/21/26
5838,0,Active,09/21/26
5839,0.25,Active,09/21/26
5840,0.39,Active,09/21/26
5842,0.29,Inactive,09/21/26
5843,0.3,Active,09/21/26
5845,0.39,Active,09/21/26
5846,Not Priced,Inactive,09/21/26
5850,0.29,Active,09/21/26
5851,0.25,Active,09/21/26
5852,0.25,Active,09/21/26
5853,0.5,Active,09/21/26
5854,0.59,Inactive,09/21/26
5856,0.3,Active,09/21/26
5858,0.39,Active,09/21/26
5859,0.2,Inactive,09/21/26
5861,0.29,Active,09/21/26
5862,0.35,Active,09/21/26
5863,0.25,Inactive,09/21/26
5864,0.35,Active,09/21/26
5870,0.29,Active,09/21/26
5871,0.39,Active,09/21/26
5872,0.25,Active,09/21/26
5875,Not Priced,Inactive,
5876,0.1,Inactive,09/21/26
5877,0.39,Active,09/21/26
5878,0.25,Active,09/21/26
5879,0.29,Active,09/21/26
5880,0.19,Active,09/21/26
5881,0,Active,09/21/26
5882,0.19,Active,09/21/26
5883,0.29,Active,09/21/26
5884,0.29,Inactive,09/21/26
5885,0.35,Active,09/21/26
5886,0.29,Active,09/21/26
5887,0,Active,09/21/26
5888,0.29,Active,09/21/26
5891,0.39,Inactive,09/21/26
5892,0.25,Active,09/21/26
5893,0.29,Inactive,09/21/26
5894,0.29,Active,09/21/26
5895,0.59,Active,09/21/26
5896,0.19,Inactive,09/21/26
5897,0.25,Active,09/21/26
5899,0.25,Inactive,09/21/26
5900,0.29,Active,09/21/26
5901,0.29,Active,09/21/26
5903,0.29,Active,09/21/26
5904,0.3,Active,09/21/26
5905,0.29,Inactive,09/21/26
5911,0.29,Active,09/21/26
5912,0.25,Inactive,09/21/26
5913,0.39,Active,09/21/26
5914,0.25,Active,09/21/26
5915,0.25,Active,09/21/26
5916,0.49,Inactive,09/21/26
5917,0.49,Active,09/21/26
5919,0.39,Active,09/21/26
5920,0.3,Active,09/21/26
5921,0.1,Active,09/21/26
5922,0.15,Active,09/21/26
5923,0.39,Active,09/21/26
5924,0.39,Inactive,09/21/26
5925,0.5,Active,09/21/26
5926,0.3,Inactive,09/21/26
5927,0.29,Active,09/21/26
5928,0.19,Active,09/21/26
5929,0.2,Active,09/21/26
5930,0.39,Active,09/21/26
5931,0.25,Active,09/21/26
5932,0.3,Inactive,09/21/26
5939,0.29,Active,09/21/26
5940,0,Inactive,09/21/26
5941,0.25,Active,09/21/26
5942,0.25,Inactive,09/21/26
5943,0.49,Active,09/21/26
5944,0.49,Inactive,09/21/26
5945,0.25,Active,09/21/26
5946,0.29,Active,09/21/26
5947,0.25,Active,09/21/26
5948,0.39,Active,09/21/26
5949,0.4,Active,09/21/26
5951,0.25,Inactive,09/21/26
5953,0.39,Active,09/21/26
5954,0.29,Inactive,09/21/26
5956,0.39,Active,09/21/26
5957,0.45,Active,09/21/26
5958,0,Inactive,09/21/26
5960,0.39,Active,09/21/26
5961,0.29,Active,09/21/26
5964,0.3,Active,09/21/26
5965,Not Priced,Inactive,
5966,0.19,Active,09/21/26
5971,0.29,Active,09/21/26
5972,0.25,Active,09/21/26
5973,0.29,Active,09/21/26
5974,0.3,Active,09/21/26
5975,0.39,Active,09/21/26
5976,0.39,Active,09/21/26
5978,0.3,Active,09/21/26
5979,0.3,Inactive,09/21/26
5981,0.39,Active,09/21/26
5982,0.25,Inactive,09/21/26
5983,0.29,Inactive,09/21/26
5984,0,Active,09/21/26
5985,0.29,Active,09/21/26
5986,0.5,Inactive,09/21/26
5988,0.39,Active,09/21/26
5989,0,Active,09/21/26
5990,0.25,Active,09/21/26
5994,0.45,Active,09/21/26
5995,0.25,Active,09/21/26
5996,0.25,Inactive,09/21/26
5997,0.29,Inactive,09/21/26
5998,0.29,Active,09/21/26
5999,0.39,Active,09/21/26
6000,0.29,Active,09/21/26
6001,0.29,Inactive,09/21/26
6005,0.25,Active,09/21/26
6007,0.15,Active,09/21/26
6009,0.25,Active,09/21/26
6010,0.19,Inactive,09/21/26
6011,0.5,Active,09/21/26
6012,0.25,Inactive,09/21/26
6015,0.2,Inactive,09/21/26
6016,0.3,Inactive,09/21/26
6017,0.4,Active,09/21/26
6019,0.25,Active,09/21/26
6020,0.39,Inactive,09/21/26
6021,0.39,Active,09/21/26
6022,0.29,Active,09/21/26
6023,0.39,Active,09/21/26
6026,0.3,Inactive,09/21/26
6027,0.25,Inactive,09/21/26
6029,0.29,Inactive,09/21/26
6031,0.1,Active,09/21/26
6032,0.3,Inactive,09/21/26
6033,0.25,Active,09/21/26
6034,0.29,Inactive,09/21/26
6035,0.29,Active,09/21/26
6036,0.29,Active,09/21/26
6037,0.15,Inactive,09/21/26
6038,0.29,Active,09/21/26
6039,0.59,Active,09/21/26
6041,0.25,Inactive,09/21/26
6042,0.49,Active,09/21/26
6044,0.25,Active,09/21/26
6045,0.39,Active,09/21/26
6046,0.25,Active,09/21/26
6047,0.1,Inactive,09/21/26
6048,0.3,Active,09/21/26
6049,0.39,Active,09/21/26
6050,0.49,Active,09/21/26
6053,0.1,Active,09/21/26
6054,0.29,Inactive,09/21/26
6055,0.75,Inactive,09/21/26
6056,0.24,Active,09/21/26
6057,0.3,Active,09/21/26
6059,0.29,Active,09/21/26
6060,0.25,Inactive,09/21/26
6061,0.29,Active,09/21/26
6062,0,Active,09/21/26
6064,0.25,Active,09/21/26
6065,0.3,Active,09/21/26
6069,0.29,Active,09/21/26
6070,0.49,Active,09/21/26
6071,0.3,Inactive,09/21/26
6074,0.45,Active,09/21/26
6075,0.39,Active,09/21/26
6076,0.25,Inactive,09/21/26
6077,0.25,Inactive,09/21/26
6078,0.25,Active,09/21/26
6080,0.25,Active,09/21/26
6081,0.25,Active,09/21/26
6082,0.25,Active,09/21/26
6083,0.25,Inactive,09/21/26
6084,0.29,Active,09/21/26
6085,0.39,Active,09/21/26
6086,0.29,Inactive,09/21/26
6087,0.29,Inactive,09/21/26
6090,0.29,Inactive,09/21/26
6091,0.29,Active,09/21/26
6092,0.39,Inactive,09/21/26
6094,0.13,Active,09/21/26
6096,0.29,Active,09/21/26
6097,0.29,Inactive,09/21/26
6098,0.49,Active,09/21/26
6099,0.29,Active,09/21/26
6100,0.49,Inactive,09/21/26
6102,0.25,Active,09/21/26
6103,0.29,Active,09/21/26
6105,0.25,Inactive,09/21/26
6106,0.29,Inactive,09/21/26
6107,0,Inactive,09/21/26
6108,0.29,Inactive,09/21/26
6109,0.19,Inactive,09/21/26
6110,0.25,Inactive,09/21/26
6111,0.29,Inactive,09/21/26
6112,0.13,Active,09/21/26
6113,0.59,Active,09/21/26
6114,0.3,Active,09/21/26
6115,0.25,Active,09/21/26
6118,0,Inactive,09/21/26
6119,0.25,Active,09/21/26
6120,0.25,Active,09/21/26
6123,0.59,Active,09/21/26
6124,0.25,Inactive,09/21/26
6125,0.13,Active,09/21/26
6126,0.25,Inactive,09/21/26
6127,0.39,Active,09/21/26
6128,0.25,Active,09/21/26
6129,0.35,Inactive,09/21/26
6130,0.35,Inactive,09/21/26
6132,0.39,Active,09/21/26
6133,0.25,Active,09/21/26
6134,0.39,Active,09/21/26
6135,0.1,Active,09/21/26
6139,0.25,Active,09/21/26
6141,0.29,Inactive,09/21/26
6142,0.3,Inactive,09/21/26
6143,0.29,Active,09/21/26
6144,0.25,Active,09/21/26
6147,0.25,Active,09/21/26
6148,0.39,Active,09/21/26
6149,0.29,Inactive,09/21/26
6150,0.25,Inactive,09/21/26
6151,0.5,Active,09/21/26
6152,0.2,Active,09/21/26
6153,0.25,Active,09/21/26
6154,0.29,Active,09/21/26
6155,0.25,Active,09/21/26
6161,0.29,Active,09/21/26
6162,0.29,Inactive,09/21/26
6164,0.29,Inactive,09/21/26
6165,0.39,Active,09/21/26
6166,0.29,Active,09/21/26
6168,0.39,Active,09/21/26
6169,0.29,Inactive,09/21/26
6170,0.35,Active,09/21/26
6172,0.25,Active,09/21/26
6173,0.39,Active,09/21/26
6174,0.25,Active,09/21/26
6175,0.25,Active,09/21/26
6176,0.29,Active,09/21/26
6177,0.15,Active,09/21/26
6178,0.29,Inactive,09/21/26
6179,0.29,Active,09/21/26
6180,0.29,Active,09/21/26
6183,0.3,Active,09/21/26
6185,0.29,Inactive,09/21/26
6187,0.59,Inactive,09/21/26
6188,0.29,Active,09/21/26
6189,0.25,Active,09/21/26
6191,0.39,Active,09/21/26
6193,0.25,Active,09/21/26
6195,0.29,Inactive,09/21/26
6196,0.29,Active,09/21/26
6199,0.25,Active,09/21/26
6200,0.25,Inactive,09/21/26
6201,0.29,Active,09/21/26
6202,0.39,Active,09/21/26
6203,0.29,Active,09/21/26
6204,0.49,Inactive,09/21/26
6205,0.4,Active,09/21/26
6206,0.29,Active,09/21/26
6207,0.25,Active,09/21/26
6209,0.25,Active,09/21/26
6210,0.39,Active,09/21/26
6211,0.29,Active,09/21/26
6213,0.35,Active,09/21/26
6216,0.25,Active,09/21/26
6217,0.39,Active,09/21/26
6218,0.29,Inactive,09/21/26
6219,0.25,Inactive,09/21/26
6223,0.29,Inactive,09/21/26
6224,0.29,Inactive,09/21/26
6226,0.3,Active,09/21/26
6228,0.3,Inactive,09/21/26
6229,0.25,Inactive,09/21/26
6231,0.25,Inactive,09/21/26
6232,0.23,Active,09/21/26
6233,0.29,Inactive,09/21/26
6234,0.39,Inactive,09/21/26
6236,0.23,Active,09/21/26
6237,0.3,Active,09/21/26
6241,0.29,Inactive,09/21/26
6243,0.49,Active,09/21/26
6245,0.29,Active,09/21/26
6247,0.59,Inactive,09/21/26
6248,0.25,Active,09/21/26
6250,0.3,Active,09/21/26
6253,0.4,Active,09/21/26
6254,0.25,Inactive,09/21/26
6259,0.25,Inactive,09/21/26
6260,0.25,Active,09/21/26
6264,0.29,Active,09/21/26
6265,0.3,Inactive,09/21/26
6266,0.25,Inactive,09/21/26
6267,0.25,Active,09/21/26
6268,0.25,Inactive,09/21/26
6275,0.29,Inactive,09/21/26
6276,0.29,Active,09/21/26
6279,0.29,Active,09/21/26
6280,0.25,Active,09/21/26
6281,0.24,Active,09/21/26
6283,0.35,Active,09/21/26
6284,0.25,Inactive,09/21/26
6285,0.4,Active,09/21/26
6286,0.39,Active,09/21/26
6287,0.25,Inactive,09/21/26
6288,0.29,Active,09/21/26
6289,0.15,Inactive,09/21/26
6290,0.25,Inactive,09/21/26
6291,0.59,Inactive,09/21/26
6292,0.29,Active,09/21/26
6293,0.39,Active,09/21/26
6294,0.4,Active,09/21/26
6295,0.29,Active,09/21/26
6296,0.59,Active,09/21/26
6297,0.25,Inactive,09/21/26
6298,0.29,Active,09/21/26
6300,0.29,Active,09/21/26
6301,0.39,Active,09/21/26
6302,0.39,Inactive,09/21/26
6303,0.59,Inactive,09/21/26
6306,0.45,Active,09/21/26
6307,0.19,Active,09/21/26
6310,0.59,Active,09/21/26
6311,0.29,Inactive,09/21/26
6312,0.29,Active,09/21/26
6313,0.15,Active,09/21/26
6314,0.39,Active,09/21/26
6315,0.29,Active,09/21/26
6316,0.25,Active,09/21/26
6317,0.2,Active,09/21/26
6319,0.25,Active,09/21/26
6321,0.3,Active,09/21/26
6324,0.39,Inactive,09/21/26
6325,0.29,Active,09/21/26
6326,0.75,Active,09/21/26
6327,0.29,Active,09/21/26
6329,0.25,Inactive,09/21/26
6330,0.29,Active,09/21/26
6332,0.29,Active,09/21/26
6334,0.5,Inactive,09/21/26
6335,0.25,Active,09/21/26
6337,0.59,Active,09/21/26
6338,0.29,Active,09/21/26
6339,0.29,Inactive,09/21/26
6341,0.29,Active,09/21/26
6343,0.29,Active,09/21/26
6345,0.29,Inactive,09/21/26
6346,0.29,Active,09/21/26
6347,0.49,Active,09/21/26
6349,0.25,Inactive,09/21/26
6350,0.29,Active,09/21/26
6351,0.3,Active,09/21/26
6355,0.25,Active,09/21/26
6356,0.35,Inactive,09/21/26
6357,0.25,Active,09/21/26
6359,0.29,Active,09/21/26
6361,0.29,Active,09/21/26
6362,0.29,Inactive,09/21/26
6363,0.35,Active,09/21/26
6369,0.29,Active,09/21/26
6370,0.29,Active,09/21/26
6371,0.29,Active,09/21/26
6372,0.29,Active,09/21/26
6373,0,Active,09/21/26
6374,0.15,Inactive,09/21/26
6376,0.25,Inactive,09/21/26
6377,0.35,Active,09/21/26
6378,0.29,Active,09/21/26
6379,Not Priced,Inactive,
6380,0.25,Active,09/21/26
6381,0.49,Inactive,09/21/26
6382,0.59,Inactive,09/21/26
6383,0.29,Active,09/21/26
6384,0.29,Active,09/21/26
6389,0.25,Active,09/21/26
6390,0.29,Inactive,09/21/26
6391,0.39,Active,09/21/26
6392,0.29,Inactive,09/21/26
6393,0.29,Active,09/21/26
6394,0.39,Active,09/21/26
6395,0.19,Inactive,09/21/26
6396,0.29,Active,09/21/26
6399,0.29,Active,09/21/26
6400,0.4,Active,09/21/26
6401,0.23,Active,09/21/26
6402,0.25,Active,09/21/26
6403,0.3,Active,09/21/26
6406,0.35,Active,09/21/26
6407,0.29,Active,09/21/26
6408,0.29,Active,09/21/26
6409,0.15,Inactive,09/21/26
6410,0.29,Inactive,09/21/26
6413,0,Active,09/21/26
6414,0.29,Active,09/21/26
6417,0.29,Active,09/21/26
6418,0.25,Active,09/21/26
6419,0.29,Active,09/21/26
6423,0.45,Active,09/21/26
6425,0.39,Inactive,09/21/26
6428,0.3,Active,09/21/26
6429,0.49,Inactive,09/21/26
6430,0.29,Active,09/21/26
6431,0.29,Inactive,09/21/26
6432,Not Priced,Inactive,
6434,0.3,Active,09/21/26
6435,0.25,Active,09/21/26
6436,0.29,Active,09/21/26
6437,0.39,Active,09/21/26
6439,0.35,Active,09/21/26
6440,0.3,Active,09/21/26
6441,0.19,Inactive,09/21/26
6442,0.25,Active,09/21/26
6443,0.69,Active,09/21/26
6444,0.25,Active,09/21/26
6445,0.39,Active,09/21/26
6447,0.29,Inactive,09/21/26
6449,0.25,Inactive,09/21/26
6450,0.49,Inactive,09/21/26
6452,0.39,Active,09/21/26
6453,0.29,Active,09/21/26
6454,0.29,Active,09/21/26
6457,Not Priced,Inactive,
6458,0.25,Active,09/21/26
6460,0.39,Active,09/21/26
6461,0.29,Inactive,09/21/26
6463,0.5,Active,09/21/26
6465,0.3,Active,09/21/26
6466,0.25,Inactive,09/21/26
6468,0.39,Active,09/21/26
6469,0.3,Active,09/21/26
6470,0.29,Active,09/21/26
6471,0,Active,09/21/26
6472,0.6,Active,09/21/26
6475,0.29,Active,09/21/26
6476,0.25,Active,09/21/26
6477,0.19,Inactive,09/21/26
6480,0.29,Active,09/21/26
6481,0.3,Inactive,09/21/26
6483,0.3,Active,09/21/26
6484,0.2,Active,09/21/26
6486,0.2,Inactive,09/21/26
6488,0.49,Active,09/21/26
6489,0.29,Active,09/21/26
6490,0.29,Active,09/21/26
6492,0.25,Active,09/21/26
6493,0,Active,09/21/26
6494,0.29,Active,09/21/26
6495,0.29,Active,09/21/26
6497,0.3,Active,09/21/26
6499,0.25,Inactive,09/21/26
6500,0.25,Active,09/21/26
6501,0.4,Active,09/21/26
6502,0.39,Active,09/21/26
6504,0.39,Active,09/21/26
6505,0.35,Inactive,09/21/26
6507,0.39,Active,09/21/26
6508,0.25,Active,09/21/26
6509,0.39,Inactive,09/21/26
6511,0.29,Inactive,09/21/26
6512,0.25,Inactive,09/21/26
6513,0.39,Inactive,09/21/26
6514,0.29,Active,09/21/26
6516,0.25,Active,09/21/26
6517,0.29,Active,09/21/26
6518,0.29,Inactive,09/21/26
6519,0.25,Active,09/21/26
6520,0,Active,09/21/26
6521,0.25,Active,09/21/26
6522,0.29,Active,09/21/26
6523,0,Active,09/21/26
6524,0.19,Active,09/21/26
6527,0.29,Active,09/21/26
6528,0.49,Active,09/21/26
6529,0.29,Active,09/21/26
6532,0.39,Active,09/21/26
6534,0.25,Inactive,09/21/26
6535,0.29,Inactive,09/21/26
6537,0.25,Active,09/21/26
6538,0.29,Active,09/21/26
6539,0.29,Active,09/21/26
6543,0.49,Active,09/21/26
6545,0.23,Active,09/21/26
6546,0.29,Active,09/21/26
6550,0.3,Active,09/21/26
6552,0.39,Inactive,09/21/26
6553,0.39,Active,09/21/26
6555,0.29,Active,09/21/26
6556,0.29,Active,09/21/26
6557,0.29,Active,09/21/26
6558,0.39,Active,09/21/26
6561,0.49,Active,09/21/26
6563,0.29,Active,09/21/26
6564,0.25,Active,09/21/26
6565,0.49,Active,09/21/26
6566,0.25,Active,09/21/26
6567,0.29,Inactive,09/21/26
6569,0.29,Active,09/21/26
6570,0.49,Active,09/21/26
6574,0.3,Active,09/21/26
6576,0.25,Inactive,09/21/26
6578,0.29,Active,09/21/26
6583,0,Inactive,09/21/26
6584,0.29,Active,09/21/26
6585,0.15,Active,09/21/26
6588,0.29,Inactive,09/21/26
6589,0.25,Active,09/21/26
6590,0.25,Active,09/21/26
6591,0.39,Active,09/21/26
6592,0.54,Inactive,09/21/26
6593,0.29,Active,09/21/26
6594,0,Inactive,09/21/26
6596,0.1,Inactive,09/21/26
6598,0.1,Active,09/21/26
6602,0.15,Inactive,09/21/26
6603,0.25,Active,09/21/26
6604,0.79,Active,09/21/26
6606,0.25,Inactive,09/21/26
6610,0.3,Inactive,09/21/26
6612,0.25,Active,09/21/26
6613,0.29,Inactive,09/21/26
6615,0.29,Active,09/21/26
6616,0.19,Inactive,09/21/26
6621,0.25,Inactive,09/21/26
6622,0.3,Inactive,09/21/26
6624,0.49,Inactive,09/21/26
6625,0.49,Active,09/21/26
6626,0.25,Active,09/21/26
6629,0.29,Active,09/21/26
6630,0.29,Active,09/21/26
6631,0.3,Inactive,09/21/26
6633,0.2,Inactive,09/21/26
6634,0.25,Active,09/21/26
6636,0.25,Inactive,09/21/26
6637,Not Priced,Inactive,
6638,0.29,Active,09/21/26
6639,0.3,Inactive,09/21/26
6640,0.29,Active,09/21/26
6641,0.1,Inactive,09/21/26
6642,0.35,Inactive,09/21/26
6643,0.25,Inactive,09/21/26
6644,0.3,Active,09/21/26
6646,0.29,Active,09/21/26
6647,0.35,Active,09/21/26
6651,0.29,Inactive,09/21/26
6652,0.29,Active,09/21/26
6653,0.25,Active,09/21/26
6654,0.3,Inactive,09/21/26
6656,0.3,Inactive,09/21/26
6657,0.45,Active,09/21/26
6658,0.5,Active,09/21/26
6660,0.29,Active,09/21/26
6661,0.25,Active,09/21/26
6662,0.3,Active,09/21/26
6664,0.3,Active,09/21/26
6665,0.29,Active,09/21/26
6666,0.29,Inactive,09/21/26
6668,0.25,Active,09/21/26
6669,0.25,Active,09/21/26
6670,0.29,Active,09/21/26
6672,0.3,Inactive,09/21/26
6673,0.29,Inactive,09/21/26
6674,0.29,Active,09/21/26
6675,0.39,Active,09/21/26
6676,0.59,Inactive,09/21/26
6677,0.25,Active,09/21/26
6678,0.29,Inactive,09/21/26
6680,0.29,Inactive,09/21/26
6681,0.29,Inactive,09/21/26
6682,0.29,Inactive,09/21/26
6683,0.25,Active,09/21/26
6684,0.59,Active,09/21/26
6685,0.4,Active,09/21/26
6688,0.3,Inactive,09/21/26
6689,0.29,Inactive,09/21/26
6691,0.29,Active,09/21/26
6693,0.29,Inactive,09/21/26
6694,0.29,Active,09/21/26
6695,0.4,Inactive,09/21/26
6696,0.15,Active,09/21/26
6700,0.3,Active,09/21/26
6701,0.29,Inactive,09/21/26
6703,0.49,Inactive,09/21/26
6704,0.29,Active,09/21/26
6705,0.29,Active,09/21/26
6706,0.29,Active,09/21/26
6708,0.29,Active,09/21/26
6710,0.29,Inactive,09/21/26
6711,0.25,Active,09/21/26
6712,0.25,Active,09/21/26
6713,0.29,Active,09/21/26
6714,0.39,Active,09/21/26
6715,0.59,Active,09/21/26
6717,0.29,Inactive,09/21/26
6718,0.49,Inactive,09/21/26
6719,0.39,Active,09/21/26
6723,0.59,Active,09/21/26
6726,0.29,Active,09/21/26
6727,0.29,Active,09/21/26
6728,0.25,Inactive,09/21/26
6729,0,Active,09/21/26
6732,0.3,Inactive,09/21/26
6733,0.25,Active,09/21/26
6735,0.29,Active,09/21/26
6736,0.25,Active,09/21/26
6737,0,Active,09/21/26
6738,0.25,Active,09/21/26
6739,0,Active,09/21/26
6740,0.45,Active,09/21/26
6743,0.25,Inactive,09/21/26
6744,0.39,Active,09/21/26
6745,0.39,Inactive,09/21/26
6746,0.29,Active,09/21/26
6749,0.29,Active,09/21/26
6750,0.5,Inactive,09/21/26
6751,0.15,Active,09/21/26
6752,0.49,Active,09/21/26
6753,0.39,Inactive,09/21/26
6754,0.29,Inactive,09/21/26
6755,0.25,Active,09/21/26
6756,0.25,Active,09/21/26
6757,0.25,Active,09/21/26
6759,0.45,Active,09/21/26
6760,0.25,Active,09/21/26
6762,0.49,Active,09/21/26
6763,0.29,Active,09/21/26
6764,0.29,Active,09/21/26
6765,0.29,Active,09/21/26
6767,0.29,Inactive,09/21/26
6768,0.29,Inactive,09/21/26
6770,0.25,Active,09/21/26
6771,0.39,Active,09/21/26
6773,0.35,Active,09/21/26
6774,0.3,Active,09/21/26
6775,0.39,Inactive,09/21/26
6776,0.3,Inactive,09/21/26
6778,0.3,Active,09/21/26
6781,0.13,Active,09/21/26
6782,0.25,Active,09/21/26
6783,0.29,Inactive,09/21/26
6784,0.49,Active,09/21/26
6785,0.2,Active,09/21/26
6786,0.29,Active,09/21/26
6788,0.25,Inactive,09/21/26
6789,0,Inactive,09/21/26
6790,0.25,Inactive,09/21/26
6791,0,Active,09/21/26
6792,0.25,Inactive,09/21/26
6794,0.29,Inactive,09/21/26
6795,0.29,Active,09/21/26
6797,0.29,Inactive,09/21/26
6798,0.29,Active,09/21/26
6799,0.25,Active,09/21/26
6803,0.25,Active,09/21/26
6804,0.35,Active,09/21/26
6805,0.29,Active,09/21/26
6806,0.49,Inactive,09/21/26
6807,0.25,Inactive,09/21/26
6808,0.35,Active,09/21/26
6810,0.3,Active,09/21/26
6812,0.39,Active,09/21/26
6813,0.3,Active,09/21/26
6814,0.29,Active,09/21/26
6818,0.29,Inactive,09/21/26
6821,0,Inactive,09/21/26
6822,0.25,Active,09/21/26
6823,0.29,Active,09/21/26
6824,0.39,Active,09/21/26
6825,0.23,Active,09/21/26
6826,0.39,Active,09/21/26
6827,0.49,Inactive,09/21/26
6828,0.29,Active,09/21/26
6830,0,Inactive,09/21/26
6832,0.29,Active,09/21/26
6837,0.25,Inactive,09/21/26
6838,0.29,Active,09/21/26
6839,0.29,Active,09/21/26
6840,0.25,Active,09/21/26
6842,0.3,Active,09/21/26
6843,0.4,Active,09/21/26
6844,0.25,Inactive,09/21/26
6845,0.35,Inactive,09/21/26
6847,0.29,Active,09/21/26
6849,0.35,Active,09/21/26
6850,0.29,Active,09/21/26
6852,0.29,Active,09/21/26
6853,0.29,Active,09/21/26
6855,0.25,Active,09/21/26
6862,0.29,Active,09/21/26
6863,0.25,Active,09/21/26
6864,0,Active,09/21/26
6865,0.25,Active,09/21/26
6866,0.29,Active,09/21/26
6868,0.25,Active,09/21/26
6871,0.39,Active,09/21/26
6873,0.25,Inactive,09/21/26
6875,0.49,Active,09/21/26
6876,0.35,Inactive,09/21/26
6877,0.25,Active,09/21/26
6879,0.25,Active,09/21/26
6881,0.29,Active,09/21/26
6882,0.39,Active,09/21/26
6885,0.25,Active,09/21/26
6887,0.29,Inactive,09/21/26
6888,0.39,Active,09/21/26
6891,0.29,Active,09/21/26
6893,0.49,Active,09/21/26
6894,0.29,Inactive,09/21/26
6896,0.39,Inactive,09/21/26
6897,0.13,Active,09/21/26
6899,0.25,Active,09/21/26
6901,0.25,Active,09/21/26
6902,0.29,Active,09/21/26
6903,0.29,Active,09/21/26
6904,0.2,Active,09/21/26
6906,0.29,Active,09/21/26
6907,0.59,Active,09/21/26
6908,0.2,Active,09/21/26
6910,0.25,Active,09/21/26
6912,0.39,Active,09/21/26
6915,0.15,Active,09/21/26
6916,0.29,Active,09/21/26
6918,0.25,Active,09/21/26
6919,0.29,Active,09/21/26
6920,0.39,Active,09/21/26
6922,0.25,Inactive,09/21/26
6925,0.29,Active,09/21/26
6926,0.29,Inactive,09/21/26
6927,0.29,Active,09/21/26
6928,0.29,Active,09/21/26
6929,0.3,Active,09/21/26
6931,0.39,Inactive,09/21/26
6933,0.5,Inactive,09/21/26
6934,0.39,Active,09/21/26
6938,0.29,Active,09/21/26
6939,0.25,Active,09/21/26
6941,0.29,Active,09/21/26
6942,0,Active,09/21/26
6943,0.29,Active,09/21/26
6945,0.29,Inactive,09/21/26
6948,0.2,Inactive,09/21/26
6949,0.39,Active,09/21/26
6951,0.25,Inactive,09/21/26
6952,0.29,Active,09/21/26
6953,0.45,Active,09/21/26
6954,0.3,Active,09/21/26
6956,0.25,Active,09/21/26
6958,0.29,Active,09/21/26
6959,0.29,Inactive,09/21/26
6960,0.25,Inactive,09/21/26
6961,0.2,Inactive,09/21/26
6962,0.49,Active,09/21/26
6963,0.2,Active,09/21/26
6965,0.15,Active,09/21/26
6966,0.49,Active,09/21/26
6969,0.3,Active,09/21/26
6970,0.2,Active,09/21/26
6972,0.29,Active,09/21/26
6973,0.25,Active,09/21/26
6975,0.3,Active,09/21/26
6976,0.39,Active,09/21/26
6977,0.29,Active,09/21/26
6978,0.4,Inactive,09/21/26
6981,0.29,Active,09/21/26
6982,0.29,Inactive,09/21/26
6983,0.29,Inactive,09/21/26
6984,0.59,Inactive,09/21/26
6985,0.39,Active,09/21/26
6986,0.25,Active,09/21/26
6988,0.29,Inactive,09/21/26
6990,0.3,Active,09/21/26
6993,0.25,Active,09/21/26
6996,0.49,Active,09/21/26
6997,0.29,Active,09/21/26
6998,0.2,Active,09/21/26
6999,0.39,Inactive,09/21/26
7000,0.29,Inactive,09/21/26
7001,0.39,Active,09/21/26
7003,0.39,Active,09/21/26
7004,0.25,Active,09/21/26
7006,0.3,Inactive,09/21/26
7007,0.29,Active,09/21/26
7011,0.29,Active,09/21/26
7012,0.29,Inactive,09/21/26
7013,0.29,Active,09/21/26
7014,0.1,Active,09/21/26
7016,0.29,Active,09/21/26
7018,0.29,Inactive,09/21/26
7019,0.35,Active,09/21/26
7020,0.39,Active,09/21/26
7021,0.39,Active,09/21/26
7022,0.25,Active,09/21/26
7026,0.25,Active,09/21/26
7029,0.25,Active,09/21/26
7030,0.39,Inactive,09/21/26
7032,0.19,Active,09/21/26
7033,0.39,Active,09/21/26
7034,0.29,Inactive,09/21/26
7035,0.25,Inactive,09/21/26
7036,0,Active,09/21/26
7037,0.3,Inactive,09/21/26
7039,0.25,Active,09/21/26
7040,0.49,Active,09/21/26
7042,0.29,Active,09/21/26
7043,0.39,Active,09/21/26
7044,0,Active,09/21/26
7045,0.25,Inactive,09/21/26
7046,0.25,Inactive,09/21/26
7047,0,Active,09/21/26
7049,0.3,Active,09/21/26
7050,0.5,Active,09/21/26
7051,0.39,Active,09/21/26
7052,0.29,Active,09/21/26
7056,0.39,Active,09/21/26
7058,0.25,Active,09/21/26
7059,0.29,Active,09/21/26
7060,0.29,Inactive,09/21/26
7061,0.29,Active,09/21/26
7062,0.25,Active,09/21/26
7063,0.23,Active,09/21/26
7064,0.3,Active,09/21/26
7065,0.35,Active,09/21/26
7066,0.3,Active,09/21/26
7067,0.29,Active,09/21/26
7069,0.59,Active,09/21/26
7070,0.25,Active,09/21/26
7071,0.39,Inactive,09/21/26
7072,0.29,Active,09/21/26
7074,0.29,Inactive,09/21/26
7076,0.25,Active,09/21/26
7077,0.5,Inactive,09/21/26
7078,0.25,Active,09/21/26
7079,0.3,Active,09/21/26
7081,Not Priced,Inactive,
7086,0.39,Active,09/21/26
7087,0.29,Inactive,09/21/26
7088,0.29,Active,09/21/26
7090,0.39,Active,09/21/26
7091,0,Active,09/21/26
7093,0.49,Active,09/21/26
7096,0.4,Active,09/21/26
7097,0.39,Inactive,09/21/26
7100,0.29,Active,09/21/26
7101,0.29,Inactive,09/21/26
7102,0.29,Active,09/21/26
7103,0.59,Active,09/21/26
7104,0.25,Active,09/21/26
7107,0.29,Active,09/21/26
7110,0.25,Active,09/21/26
7111,0.29,Active,09/21/26
7113,0.4,Active,09/21/26
7114,0.25,Active,09/21/26
7115,0.29,Active,09/21/26
7117,0.59,Inactive,09/21/26
7119,0.39,Active,09/21/26
7120,0.25,Inactive,09/21/26
7121,0.29,Active,09/21/26
7122,0.35,Active,09/21/26
7125,0,Active,09/21/26
7126,0.29,Active,09/21/26
7127,0.29,Inactive,09/21/26
7129,0.29,Inactive,09/21/26
7131,0.25,Active,09/21/26
7132,0.29,Inactive,09/21/26
7133,0.15,Inactive,09/21/26
7135,0.49,Inactive,09/21/26
7136,0.29,Active,09/21/26
7139,0.29,Active,09/21/26
7140,0.39,Active,09/21/26
7142,0.49,Inactive,09/21/26
7143,0.29,Inactive,09/21/26
7144,0.29,Active,09/21/26
7145,0.25,Active,09/21/26
7147,0.29,Active,09/21/26
7148,0.3,Active,09/21/26
7149,0.3,Inactive,09/21/26
7151,0.25,Active,09/21/26
7152,0.35,Active,09/21/26
7153,0.3,Active,09/21/26
7154,0.29,Active,09/21/26
7155,0.39,Active,09/21/26
7156,0.5,Active,09/21/26
7158,0.25,Active,09/21/26
7160,0.25,Active,09/21/26
7164,0.3,Active,09/21/26
7165,0.29,Active,09/21/26
7166,0.49,Inactive,09/21/26
7167,0.3,Active,09/21/26
7172,0.29,Active,09/21/26
7173,0.49,Active,09/21/26
7174,Not Priced,Inactive,
7175,0.15,Inactive,09/21/26
7179,0.3,Inactive,09/21/26
7180,0.15,Inactive,09/21/26
7181,0.29,Active,09/21/26
7182,0.39,Active,09/21/26
7189,0.29,Active,09/21/26
7190,0.29,Active,09/21/26
7191,0,Active,09/21/26
7192,0.39,Active,09/21/26
7193,0.25,Active,09/21/26
7194,0.25,Active,09/21/26
7195,0.29,Active,09/21/26
7196,0.39,Active,09/21/26
7197,0.39,Inactive,09/21/26
7199,0.25,Inactive,09/21/26
7200,0.49,Active,09/21/26
7201,0.4,Active,09/21/26
7202,0.29,Active,09/21/26
7203,0.29,Inactive,09/21/26
7204,0.29,Inactive,09/21/26
7205,0.25,Active,09/21/26
7206,0.25,Active,09/21/26
7207,0.29,Inactive,09/21/26
7208,0.29,Active,09/21/26
7209,0.39,Active,09/21/26
7213,0.25,Inactive,09/21/26
7214,0.25,Active,09/21/26
7215,0.29,Active,09/21/26
7218,0.29,Active,09/21/26
7221,0.1,Inactive,09/21/26
7222,0.35,Inactive,09/21/26
7223,0.3,Active,09/21/26
7224,0.29,Active,09/21/26
7225,0.29,Active,09/21/26
7230,0.3,Inactive,09/21/26
7231,0.29,Active,09/21/26
7232,0.29,Active,09/21/26
7233,0.29,Inactive,09/21/26
7235,0.2,Inactive,09/21/26
7237,0.29,Active,09/21/26
7238,0.29,Active,09/21/26
7240,0.39,Active,09/21/26
7241,0.29,Inactive,09/21/26
7242,0.29,Active,09/21/26
7243,0.29,Inactive,09/21/26
7244,0.15,Active,09/21/26
7245,0.25,Active,09/21/26
7246,0.25,Active,09/21/26
7247,0.3,Active,09/21/26
7249,0.25,Active,09/21/26
7250,0.4,Active,09/21/26
7251,0,Active,09/21/26
7252,0.2,Active,09/21/26
7253,0.25,Active,09/21/26
7255,0.29,Inactive,09/21/26
7256,0.49,Active,09/21/26
7257,0.5,Inactive,09/21/26
7258,0.25,Inactive,09/21/26
7259,0.25,Active,09/21/26
7261,0.29,Active,09/21/26
7262,0.29,Inactive,09/21/26
7263,0.25,Inactive,09/21/26
7266,0.29,Active,09/21/26
7267,0.49,Active,09/21/26
7268,0.29,Active,09/21/26
7269,0.29,Active,09/21/26
7270,0.15,Active,09/21/26
7271,0.25,Active,09/21/26
7273,0.29,Inactive,09/21/26
7274,0.29,Inactive,09/21/26
7275,0,Active,09/21/26
7276,0.25,Active,09/21/26
7277,0.3,Active,09/21/26
7278,0.29,Active,09/21/26
7279,0.25,Active,09/21/26
7280,0.25,Inactive,09/21/26
7282,0.29,Active,09/21/26
7284,0.29,Active,09/21/26
7285,0.29,Active,09/21/26
7286,0.29,Inactive,09/21/26
7289,0.39,Active,09/21/26
7291,0.29,Active,09/21/26
7292,0.29,Active,09/21/26
7294,Not Priced,Inactive,
7295,0.2,Inactive,09/21/26
7296,0.3,Active,09/21/26
7297,0.29,Inactive,09/21/26
7298,0.25,Inactive,09/21/26
7299,0.3,Active,09/21/26
7300,0.25,Active,09/21/26
7302,0.29,Active,09/21/26
7303,0.5,Inactive,09/21/26
7304,0.25,Active,09/21/26
7305,0.29,Active,09/21/26
7306,0.25,Active,09/21/26
7310,0.3,Active,09/21/26
7312,0.3,Inactive,09/21/26
7313,0.39,Active,09/21/26
7315,0.39,Active,09/21/26
7316,0.29,Active,09/21/26
7320,0.19,Active,09/21/26
7321,0.29,Active,09/21/26
7323,0.29,Active,09/21/26
7324,0.39,Inactive,09/21/26
7329,0.25,Active,09/21/26
7330,0.29,Inactive,09/21/26
7331,0.29,Active,09/21/26
7333,0.25,Active,09/21/26
7334,0.25,Active,09/21/26
7341,0.25,Active,09/21/26
7342,0.25,Inactive,09/21/26
7343,0.39,Active,09/21/26
7344,0.29,Active,09/21/26
7345,0.29,Active,09/21/26
7346,0.79,Active,09/21/26
7347,0.1,Active,09/21/26
7349,0.25,Active,09/21/26
7350,0.29,Inactive,09/21/26
7351,0.29,Active,09/21/26
7354,0.25,Active,09/21/26
7358,0.2,Active,09/21/26
7359,0.25,Active,09/21/26
7360,0.29,Active,09/21/26
7361,0.25,Inactive,09/21/26
7362,0.25,Inactive,09/21/26
7363,0.29,Active,09/21/26
7364,0.2,Active,09/21/26
7365,0.29,Inactive,09/21/26
7366,0.29,Active,09/21/26
7367,0.29,Active,09/21/26
7368,0.25,Active,09/21/26
7369,0.59,Active,09/21/26
7370,0.29,Active,09/21/26
7371,0.39,Inactive,09/21/26
7372,0.1,Active,09/21/26
7373,0.29,Active,09/21/26
7374,0.49,Active,09/21/26
7379,0.29,Inactive,09/21/26
7381,0.25,Active,09/21/26
7382,0.39,Inactive,09/21/26
7385,0.29,Active,09/21/26
7386,0.25,Active,09/21/26
7387,0.29,Active,09/21/26
7388,0,Active,09/21/26
7392,0.25,Active,09/21/26
7393,0.29,Active,09/21/26
7394,0.29,Active,09/21/26
7395,0.29,Active,09/21/26
7396,0.25,Inactive,09/21/26
7397,0.13,Active,09/21/26
7398,0.29,Inactive,09/21/26
7399,0.25,Inactive,09/21/26
7400,0.29,Active,09/21/26
7402,0.29,Active,09/21/26
7408,0.19,Inactive,09/21/26
7409,0.2,Inactive,09/21/26
7410,0.25,Active,09/21/26
7411,0.29,Active,09/21/26
7412,0.5,Active,09/21/26
7413,0.25,Inactive,09/21/26
7416,0.29,Active,09/21/26
7417,0.25,Active,09/21/26
7418,0.39,Active,09/21/26
7419,0.4,Inactive,09/21/26
7420,0.29,Inactive,09/21/26
7421,Not Priced,Inactive,
7424,0.25,Active,09/21/26
7426,0.25,Active,09/21/26
7427,0.29,Active,09/21/26
7428,0.39,Active,09/21/26
7430,0.39,Inactive,09/21/26
7432,0.39,Inactive,09/21/26
7433,0.29,Active,09/21/26
7435,0.29,Inactive,09/21/26
7436,0.29,Active,09/21/26
7437,0.25,Active,09/21/26
7438,0.25,Inactive,09/21/26
7439,0.4,Inactive,09/21/26
7444,0.29,Active,09/21/26
7446,0.29,Inactive,09/21/26
7447,0.29,Inactive,09/21/26
7450,0.29,Active,09/21/26
7451,0.35,Inactive,09/21/26
7452,0.59,Active,09/21/26
7453,0.39,Active,09/21/26
7454,0.5,Active,09/21/26
7456,0.49,Active,09/21/26
7457,0.39,Active,09/21/26
7458,0.29,Active,09/21/26
7460,0.25,Inactive,09/21/26
7461,0.49,Active,09/21/26
7462,0.25,Inactive,09/21/26
7464,0.25,Inactive,09/21/26
7465,0.59,Active,09/21/26
7466,0.29,Inactive,09/21/26
7467,0.3,Active,09/21/26
7468,0.59,Active,09/21/26
7469,0.29,Inactive,09/21/26
7471,0.35,Active,09/21/26
7472,0.29,Inactive,09/21/26
7473,0.29,Active,09/21/26
7474,0.29,Active,09/21/26
7475,0.39,Active,09/21/26
7477,0.29,Active,09/21/26
7479,0.29,Inactive,09/21/26
7480,0.29,Active,09/21/26
7482,0.39,Active,09/21/26
7483,0.39,Active,09/21/26
7484,0.25,Inactive,09/21/26
7485,0.15,Active,09/21/26
7486,0.29,Active,09/21/26
7489,0.4,Inactive,09/21/26
7490,0.29,Inactive,09/21/26
7491,0.29,Active,09/21/26
7494,0,Inactive,09/21/26
7496,0.25,Active,09/21/26
7497,0.29,Active,09/21/26
7498,0.1,Inactive,09/21/26
7499,0,Active,09/21/26
7500,0.39,Active,09/21/26
7501,0.39,Active,09/21/26
7503,0.3,Inactive,09/21/26
7507,0.25,Inactive,09/21/26
7508,0.25,Active,09/21/26
7509,0.39,Active,09/21/26
7510,0.29,Inactive,09/21/26
7511,0.1,Active,09/21/26
7512,0.49,Active,09/21/26
7513,0.15,Active,09/21/26
7514,Not Priced,Inactive,
7516,0.25,Active,09/21/26
7519,0.5,Active,09/21/26
7520,0.59,Active,09/21/26
7521,0.29,Inactive,09/21/26
7522,0.5,Inactive,09/21/26
7523,0.35,Active,09/21/26
7525,0.59,Active,09/21/26
7526,0.29,Active,09/21/26
7527,0.29,Active,09/21/26
7528,0.29,Active,09/21/26
7530,0.29,Active,09/21/26
7531,0.39,Active,09/21/26
7532,0.29,Active,09/21/26
7533,0.35,Active,09/21/26
7535,0.25,Active,09/21/26
7540,0.39,Inactive,09/21/26
7542,0.3,Active,09/21/26
7543,0.25,Active,09/21/26
7544,0.49,Inactive,09/21/26
7546,0.29,Active,09/21/26
7547,0.29,Active,09/21/26
7548,0.59,Active,09/21/26
7550,0.29,Inactive,09/21/26
7552,0.29,Inactive,09/21/26
7554,0.59,Active,09/21/26
7557,0.25,Inactive,09/21/26
7560,0.25,Active,09/21/26
7562,0.25,Active,09/21/26
7563,0,Inactive,09/21/26
7566,0.25,Active,09/21/26
7567,0.29,Inactive,09/21/26
7569,0.29,Active,09/21/26
7570,0.29,Active,09/21/26
7571,0.39,Active,09/21/26
7573,0.25,Active,09/21/26
7574,0.5,Inactive,09/21/26
7575,0.25,Active,09/21/26
7576,0.49,Active,09/21/26
7578,0.29,Active,09/21/26
7579,0.39,Active,09/21/26
7581,0.75,Active,09/21/26
7582,0.29,Active,09/21/26
7583,0.29,Active,09/21/26
7584,0.25,Active,09/21/26
7585,0.39,Active,09/21/26
7586,0.49,Active,09/21/26
7587,0.29,Active,09/21/26
7588,0.29,Active,09/21/26
7589,0.29,Inactive,09/21/26
7591,0.25,Active,09/21/26
7592,0.35,Inactive,09/21/26
7593,0.25,Active,09/21/26
7594,0.3,Inactive,09/21/26
7595,0.29,Active,09/21/26
7596,0.25,Active,09/21/26
7598,0.49,Active,09/21/26
7599,0.3,Active,09/21/26
7601,0.3,Active,09/21/26
7602,0.3,Active,09/21/26
7603,0.25,Active,09/21/26
7604,0.25,Active,09/21/26
7605,0.3,Active,09/21/26
7606,0.35,Active,09/21/26
7608,0.29,Active,09/21/26
7610,0.29,Inactive,09/21/26
7611,0.29,Active,09/21/26
7614,0.25,Active,09/21/26
7616,0.19,Inactive,09/21/26
7617,0.25,Inactive,09/21/26
7618,0.39,Active,09/21/26
7619,0.29,Inactive,09/21/26
7620,0.29,Active,09/21/26
7622,0.39,Active,09/21/26
7623,0.25,Active,09/21/26
7631,0.35,Active,09/21/26
7632,0.3,Inactive,09/21/26
7633,0.39,Inactive,09/21/26
7634,0.32,Inactive,09/21/26
7636,0.19,Active,09/21/26
7637,0.39,Active,09/21/26
7638,0.49,Active,09/21/26
7639,0.3,Active,09/21/26
7640,0.3,Inactive,09/21/26
7641,0.39,Active,09/21/26
7647,0.29,Inactive,09/21/26
7648,0.29,Inactive,09/21/26
7649,0.3,Active,09/21/26
7650,0.3,Active,09/21/26
7651,0.19,Active,09/21/26
7652,0.29,Active,09/21/26
7653,0.59,Active,09/21/26
7654,0,Inactive,09/21/26
7657,0.39,Inactive,09/21/26
7658,0.29,Active,09/21/26
7659,0.39,Active,09/21/26
7660,0.25,Inactive,09/21/26
7661,0.25,Active,09/21/26
7662,0.49,Inactive,09/21/26
7663,0.29,Active,09/21/26
7664,0.15,Active,09/21/26
7665,0.25,Active,09/21/26
7667,0.29,Active,09/21/26
7668,0.29,Active,09/21/26
7669,0.29,Active,09/21/26
7671,0.29,Active,09/21/26
7673,0,Active,09/21/26
7675,0.29,Inactive,09/21/26
7676,0.29,Active,09/21/26
7677,0.25,Active,09/21/26
7678,0.19,Inactive,09/21/26
7679,0,Active,09/21/26
7680,0.3,Inactive,09/21/26
7681,0.49,Active,09/21/26
7682,0.5,Inactive,09/21/26
7683,0.29,Active,09/21/26
7686,0.3,Active,09/21/26
7687,0.5,Inactive,09/21/26
7688,0.25,Active,09/21/26
7689,0.29,Active,09/21/26
7690,0.29,Inactive,09/21/26
7691,0.29,Active,09/21/26
7692,0.25,Active,09/21/26
7694,0.3,Active,09/21/26
7695,0.29,Active,09/21/26
7697,0.25,Active,09/21/26
7698,0.2,Inactive,09/21/26
7699,0.15,Inactive,09/21/26
7700,0.29,Inactive,09/21/26
7702,0.39,Active,09/21/26
7703,0.29,Active,09/21/26
7704,0.29,Active,09/21/26
7705,0.25,Active,09/21/26
7706,0.29,Inactive,09/21/26
7709,0.39,Active,09/21/26
7711,0,Active,09/21/26
7712,0.39,Active,09/21/26
7713,0.29,Inactive,09/21/26
7714,0.29,Active,09/21/26
7717,0.25,Active,09/21/26
7718,0.5,Inactive,09/21/26
7719,0.4,Active,09/21/26
7721,0.29,Active,09/21/26
7722,0.29,Active,09/21/26
7725,0.25,Active,09/21/26
7727,0.29,Active,09/21/26
7728,0.29,Inactive,09/21/26
7729,0.2,Active,09/21/26
7730,0.39,Active,09/21/26
7731,0.29,Active,09/21/26
7732,0.25,Active,09/21/26
7733,0.19,Inactive,09/21/26
7736,0.29,Active,09/21/26
7738,0,Active,09/21/26
7739,0.3,Active,09/21/26
7740,0.29,Active,09/21/26
7741,0.59,Active,09/21/26
7742,0.35,Active,09/21/26
7743,0.25,Active,09/21/26
7745,0,Inactive,09/21/26
7746,0.29,Inactive,09/21/26
7748,0.3,Inactive,09/21/26
7754,0.3,Active,09/21/26
7755,0.29,Inactive,09/21/26
7756,0.1,Active,09/21/26
7758,0.29,Active,09/21/26
7761,0,Active,09/21/26
7762,0.5,Active,09/21/26
7764,0.2,Active,09/21/26
7765,0.29,Active,09/21/26
7767,0.29,Active,09/21/26
7768,0.39,Active,09/21/26
7769,0.25,Inactive,09/21/26
7770,0.3,Active,09/21/26
7771,0.29,Active,09/21/26
7772,0.29,Active,09/21/26
7776,0.25,Active,09/21/26
7778,0.29,Inactive,09/21/26
7779,0,Active,09/21/26
7780,0.25,Active,09/21/26
7781,0.29,Active,09/21/26
7782,0.25,Inactive,09/21/26
7784,0.29,Active,09/21/26
7785,0.3,Active,09/21/26
7786,0.29,Active,09/21/26
7787,0.2,Active,09/21/26
7788,0.39,Active,09/21/26
7789,0.25,Active,09/21/26
7790,0.29,Inactive,09/21/26
7791,0.35,Active,09/21/26
7793,0.25,Inactive,09/21/26
7794,0.29,Active,09/21/26
7797,0.39,Active,09/21/26
7801,0.25,Active,09/21/26
7802,0.3,Active,09/21/26
7804,0.29,Active,09/21/26
7805,0.29,Active,09/21/26
7807,0,Inactive,09/21/26
7808,0.25,Active,09/21/26
7809,0.39,Active,09/21/26
7810,0.49,Active,09/21/26
7811,0.75,Active,09/21/26
7812,0.39,Active,09/21/26
7813,0.29,Active,09/21/26
7815,0.29,Active,09/21/26
7816,0.29,Inactive,09/21/26
7818,0.39,Active,09/21/26
7819,0.25,Active,09/21/26
7822,0.25,Inactive,09/21/26
7824,0.29,Active,09/21/26
7826,0.29,Active,09/21/26
7827,0.3,Active,09/21/26
7828,0.1,Inactive,09/21/26
7830,0.79,Active,09/21/26
7831,0.25,Active,09/21/26
7837,0.19,Active,09/21/26
7838,0.1,Active,09/21/26
7841,0.29,Active,09/21/26
7843,0.29,Active,09/21/26
7845,0.29,Active,09/21/26
7848,0.39,Active,09/21/26
7849,0.25,Active,09/21/26
7850,0,Active,09/21/26
7851,0.59,Active,09/21/26
7853,0.29,Active,09/21/26
7854,0.29,Inactive,09/21/26
7855,0.35,Active,09/21/26
7856,0.39,Active,09/21/26
7857,0.29,Active,09/21/26
7858,0.29,Active,09/21/26
7863,0.49,Inactive,09/21/26
7864,0.25,Active,09/21/26
7865,0.3,Active,09/21/26
7872,0.35,Active,09/21/26
7873,0.25,Active,09/21/26
7875,0.2,Active,09/21/26
7876,0.39,Active,09/21/26
7877,0.29,Active,09/21/26
7879,0.29,Active,09/21/26
7882,0.29,Inactive,09/21/26
7887,0.29,Inactive,09/21/26
7888,0.29,Active,09/21/26
7889,0.29,Active,09/21/26
7890,0.29,Active,09/21/26
7891,0.49,Inactive,09/21/26
7893,0.29,Active,09/21/26
7896,0.29,Active,09/21/26
7897,0,Active,09/21/26
7898,0.39,Inactive,09/21/26
7899,0.25,Active,09/21/26
7928,0.25,Inactive,09/21/26
7929,0.29,Active,09/21/26
7930,0.15,Inactive,09/21/26
7931,0.5,Inactive,09/21/26
7932,0.29,Active,09/21/26
7935,0.29,Active,09/21/26
7937,0.49,Inactive,09/21/26
7938,0.29,Inactive,09/21/26
7939,0.3,Active,09/21/26
7940,0.5,Inactive,09/21/26
7941,0,Active,09/21/26
7942,0.35,Active,09/21/26
7943,0.3,Active,09/21/26
7944,Not Priced,Inactive,
7946,0.49,Active,09/21/26
7947,0.39,Active,09/21/26
7949,0.29,Active,09/21/26
7950,0.3,Active,09/21/26
7951,0.25,Inactive,09/21/26
7953,0.3,Active,09/21/26
7955,0.25,Inactive,09/21/26
7959,0.25,Inactive,09/21/26
7960,0.29,Active,09/21/26
7962,0.25,Active,09/21/26
7963,0.29,Inactive,09/21/26
7964,0.49,Inactive,09/21/26
7965,0.29,Active,09/21/26
7966,0.35,Inactive,09/21/26
7967,0.5,Active,09/21/26
7968,0.3,Active,09/21/26
7969,0.39,Active,09/21/26
7970,0.25,Inactive,09/21/26
7971,0.3,Active,09/21/26
7973,0.3,Active,09/21/26
7974,0.29,Inactive,09/21/26
7975,0.59,Active,09/21/26
7976,0.5,Active,09/21/26
7977,0.39,Active,09/21/26
7981,0.25,Inactive,09/21/26
7983,0.35,Active,09/21/26
7985,0,Active,09/21/26
7986,0.29,Active,09/21/26
7987,0.39,Active,09/21/26
7988,0.29,Active,09/21/26
7989,0.3,Active,09/21/26
7990,0.19,Inactive,09/21/26
7991,0.25,Active,09/21/26
7992,0.35,Inactive,09/21/26
7993,0.39,Active,09/21/26
7995,0.29,Active,09/21/26
7997,0.25,Active,09/21/26
7998,0.1,Inactive,09/21/26
8000,0.29,Active,09/21/26
8001,0.29,Inactive,09/21/26
8002,0.39,Active,09/21/26
8003,0.25,Active,09/21/26
8004,0.29,Active,09/21/26
8005,0.25,Inactive,09/21/26
8006,0.59,Active,09/21/26
8007,0.25,Inactive,09/21/26
8010,Not Priced,Inactive,
8011,0.29,Active,09/21/26
8012,0.29,Active,09/21/26
8013,0.29,Active,09/21/26
8014,0.29,Active,09/21/26
8015,0.59,Active,09/21/26
8016,0.39,Active,09/21/26
8017,0.39,Active,09/21/26
8018,0.29,Active,09/21/26
8020,0.3,Active,09/21/26
8021,0.25,Inactive,09/21/26
8022,0.29,Inactive,09/21/26
8023,0.29,Inactive,09/21/26
8024,0.25,Active,09/21/26
8025,0.26,Inactive,09/21/26
8026,0.3,Inactive,09/21/26
8027,0.25,Inactive,09/21/26
8030,0.39,Inactive,09/21/26
8031,0.49,Active,09/21/26
8032,0.29,Active,09/21/26
8033,0.25,Active,09/21/26
8034,0.29,Active,09/21/26
8035,0.19,Active,09/21/26
8036,0.25,Active,09/21/26
8037,0.2,Active,09/21/26
8038,0.29,Active,09/21/26
8040,0.39,Active,09/21/26
8041,0.29,Active,09/21/26
8042,0,Active,09/21/26
8043,0.25,Inactive,09/21/26
8044,0.25,Active,09/21/26
8047,0.19,Inactive,09/21/26
8048,0.3,Inactive,09/21/26
8049,0.3,Active,09/21/26
8050,0.3,Inactive,09/21/26
8051,0.29,Inactive,09/21/26
8052,0.25,Active,09/21/26
8053,0.25,Active,09/21/26
8054,0.49,Active,09/21/26
8055,0.29,Inactive,09/21/26
8056,0.29,Active,09/21/26
8057,Not Priced,Inactive,
8058,0.25,Active,09/21/26
8059,0.25,Active,09/21/26
8060,0.29,Inactive,09/21/26
8061,0.25,Inactive,09/21/26
8062,0.3,Active,09/21/26
8063,0,Active,09/21/26
8064,0.25,Inactive,09/21/26
8066,0.4,Active,09/21/26
8067,0.29,Active,09/21/26
8068,0.25,Active,09/21/26
8069,0.25,Active,09/21/26
8070,0.29,Inactive,09/21/26
8072,0.39,Inactive,09/21/26
8073,0.29,Active,09/21/26
8075,0.29,Active,09/21/26
8084,0.3,Inactive,09/21/26
8096,0.29,Active,09/21/26
8097,0.29,Active,09/21/26
8100,0.25,Inactive,09/21/26
8104,0.29,Inactive,09/21/26
8110,0.3,Inactive,09/21/26
8114,0.29,Active,09/21/26
8119,0.35,Active,09/21/26
8128,0.25,Active,09/21/26
8129,0.39,Inactive,09/21/26
8131,0.29,Inactive,09/21/26
8132,0.19,Active,09/21/26
8133,0,Active,09/21/26
8135,0.29,Active,09/21/26
8138,0.25,Active,09/21/26
8140,0.3,Active,09/21/26
8145,0.29,Inactive,09/21/26
8149,0.29,Inactive,09/21/26
8165,0.49,Inactive,09/21/26
8166,0.29,Active,09/21/26
8167,0.39,Active,09/21/26
8168,0.39,Inactive,09/21/26
8171,0.3,Inactive,09/21/26
8182,0.39,Inactive,09/21/26
8192,0,Inactive,09/21/26
8193,0.4,Active,09/21/26
8195,0.25,Active,09/21/26
8198,0.1,Active,09/21/26
8201,0.3,Active,09/21/26
8206,0.29,Active,09/21/26
8208,0.29,Active,09/21/26
8209,0.29,Inactive,09/21/26
8212,0.39,Active,09/21/26
8216,0.29,Active,09/21/26
8217,0.29,Inactive,09/21/26
8219,0.39,Inactive,09/21/26
8223,0.25,Inactive,09/21/26
8233,0.29,Inactive,09/21/26
8234,0.25,Active,09/21/26
8241,0.29,Active,09/21/26
8245,0.39,Active,09/21/26
8255,0.25,Active,09/21/26
8259,0.39,Active,09/21/26
8261,0.5,Active,09/21/26
8265,0.25,Active,09/21/26
8266,0.25,Active,09/21/26
8278,0,Active,09/21/26
8283,0.29,Active,09/21/26
8284,0.29,Active,09/21/26
8424,Not Priced,Active,09/21/26
9969,Not Priced,Inactive,
10000,0.25,Inactive,09/21/26
10008,0.39,Inactive,09/21/26
10009,0.39,Inactive,09/21/26
10010,0.29,Active,09/21/26
10012,0.3,Active,09/21/26
10013,0.29,Active,09/21/26
10014,0.29,Active,09/21/26
10015,0.25,Inactive,09/21/26
10016,0.29,Active,09/21/26
10018,0.3,Active,09/21/26
10019,0.5,Active,09/21/26
10020,0.35,Active,09/21/26
10021,0.39,Active,09/21/26
10022,0.29,Active,09/21/26
10023,0.25,Active,09/21/26
10024,0.29,Active,09/21/26
10025,0.59,Active,09/21/26
10027,0.2,Inactive,09/21/26
10029,0.39,Active,09/21/26
10030,0.15,Inactive,09/21/26
10032,0.35,Inactive,09/21/26
10033,0.25,Active,09/21/26
10034,0.29,Active,09/21/26
10035,0.25,Inactive,09/21/26
10036,0.25,Active,09/21/26
10037,0.25,Active,09/21/26
10038,0.29,Active,09/21/26
10039,0.3,Active,09/21/26
10043,0.25,Active,09/21/26
10044,0.19,Active,09/21/26
10045,0.29,Active,09/21/26
10046,0.29,Active,09/21/26
10047,0.29,Inactive,09/21/26
10049,0.25,Inactive,09/21/26
10050,0.13,Active,09/21/26
10051,0.19,Inactive,09/21/26
10054,0.29,Active,09/21/26
10055,0.29,Inactive,09/21/26
10056,0.29,Active,09/21/26
10057,0,Inactive,09/21/26
10058,0.25,Active,09/21/26
10059,0.25,Active,09/21/26
10061,0.14,Active,09/21/26
10062,0.39,Active,09/21/26
10063,0.29,Active,09/21/26
10064,0.3,Active,09/21/26
10065,0.3,Active,09/21/26
10066,0.39,Inactive,09/21/26
10067,0.3,Inactive,09/21/26
10068,0.39,Active,09/21/26
10069,0.25,Active,09/21/26
10070,0.2,Inactive,09/21/26
10071,0.25,Inactive,09/21/26
10072,0.25,Active,09/21/26
10073,0.35,Inactive,09/21/26
10074,0.29,Inactive,09/21/26
10075,0.5,Active,09/21/26
10076,0.25,Active,09/21/26
10080,0.29,Active,09/21/26
10081,0.2,Active,09/21/26
10082,0.49,Active,09/21/26
10083,0.5,Inactive,09/21/26
10086,0.39,Active,09/21/26
10088,0.29,Active,09/21/26
10092,0.29,Active,09/21/26
10094,0.35,Active,09/21/26
10095,0.25,Active,09/21/26
10096,0.23,Active,09/21/26
10097,0.29,Active,09/21/26
10098,0.39,Active,09/21/26
10099,0.25,Inactive,09/21/26
10101,0,Inactive,09/21/26
10102,0.25,Active,09/21/26
10104,0.29,Active,09/21/26
10106,0.29,Active,09/21/26
10107,0.25,Inactive,09/21/26
10109,0.59,Active,09/21/26
10111,0.55,Active,09/21/26
10113,0.25,Active,09/21/26
10114,0.25,Active,09/21/26
10115,0.4,Active,09/21/26
10117,0.5,Active,09/21/26
10119,0.35,Inactive,09/21/26
10120,0.29,Active,09/21/26
10121,Not Priced,Inactive,
10123,0.29,Active,09/21/26
10124,0.29,Inactive,09/21/26
10125,0.29,Active,09/21/26
10126,0.29,Active,09/21/26
10128,0.25,Inactive,09/21/26
10129,0.29,Inactive,09/21/26
10130,0.29,Inactive,09/21/26
10131,0.25,Active,09/21/26
10132,0.29,Active,09/21/26
10133,0.25,Active,09/21/26
10134,0.29,Inactive,09/21/26
10135,0.25,Active,09/21/26
10136,0.29,Active,09/21/26
10137,0.29,Inactive,09/21/26
10138,0.59,Active,09/21/26
10139,0.29,Active,09/21/26
10140,0.59,Active,09/21/26
10141,0.29,Active,09/21/26
10142,0.29,Active,09/21/26
10144,0.39,Active,09/21/26
10145,0.25,Active,09/21/26
10146,0.29,Active,09/21/26
10147,0.35,Active,09/21/26
10148,0.25,Active,09/21/26
10149,0.39,Active,09/21/26
10150,0.29,Active,09/21/26
10151,0.29,Active,09/21/26
10156,0.3,Inactive,09/21/26
10157,0.39,Inactive,09/21/26
10158,0.39,Inactive,09/21/26
10159,0.49,Active,09/21/26
10160,0.25,Active,09/21/26
10161,0.29,Active,09/21/26
10162,0.39,Active,09/21/26
10163,0.39,Active,09/21/26
10164,0.25,Active,09/21/26
10165,0.25,Active,09/21/26
10167,0.25,Inactive,09/21/26
10168,0.29,Active,09/21/26
10169,0.49,Active,09/21/26
10170,0.29,Active,09/21/26
10171,0.25,Active,09/21/26
10172,0.25,Active,09/21/26
10173,0.29,Active,09/21/26
10174,0.29,Inactive,09/21/26
10179,0.25,Active,09/21/26
10180,0.25,Active,09/21/26
10181,Not Priced,Inactive,
10184,0.39,Inactive,09/21/26
10187,0.29,Active,09/21/26
10189,0.29,Inactive,09/21/26
10190,0.39,Active,09/21/26
10191,0.49,Active,09/21/26
10192,0.29,Inactive,09/21/26
10194,0.29,Active,09/21/26
10195,0.25,Active,09/21/26
10196,0.39,Active,09/21/26
10198,0.3,Active,09/21/26
10199,0.25,Active,09/21/26
10200,0.29,Active,09/21/26
10201,0.39,Active,09/21/26
10206,0.29,Active,09/21/26
10208,0.29,Active,09/21/26
10209,0.4,Active,09/21/26
10212,0.39,Active,09/21/26
10214,0.3,Active,09/21/26
10215,0.29,Inactive,09/21/26
10217,0.35,Active,09/21/26
10218,0.29,Active,09/21/26
10219,0.29,Active,09/21/26
10221,0.29,Active,09/21/26
10222,0.3,Active,09/21/26
10223,0.29,Active,09/21/26
10224,0.59,Active,09/21/26
10225,0.39,Inactive,09/21/26
10227,0.49,Active,09/21/26
10230,0.1,Inactive,09/21/26
10231,0.29,Inactive,09/21/26
10232,0.29,Inactive,09/21/26
10233,0.25,Active,09/21/26
10234,0.49,Active,09/21/26
10235,0.29,Active,09/21/26
10236,0.29,Active,09/21/26
10238,0.29,Active,09/21/26
10239,0.39,Inactive,09/21/26
10241,0.19,Active,09/21/26
10242,0.39,Active,09/21/26
10244,0.35,Active,09/21/26
10245,0.29,Active,09/21/26
10246,0.29,Active,09/21/26
10247,0.25,Inactive,09/21/26
10248,0.29,Active,09/21/26
10249,0.3,Active,09/21/26
10250,0.35,Active,09/21/26
10251,0.15,Active,09/21/26
10252,0.25,Active,09/21/26
10254,0.29,Active,09/21/26
10255,0.39,Inactive,09/21/26
10256,0.25,Inactive,09/21/26
10257,0,Active,09/21/26
10258,0.35,Active,09/21/26
10259,0.29,Inactive,09/21/26
10260,0.25,Active,09/21/26
10262,0.25,Inactive,09/21/26
10264,0.29,Active,09/21/26
10265,0.25,Active,09/21/26
10266,0.2,Inactive,09/21/26
10267,Not Priced,Inactive,
10268,0.49,Active,09/21/26
10269,0.29,Active,09/21/26
10270,0.25,Inactive,09/21/26
10271,0,Active,09/21/26
10272,0.25,Inactive,09/21/26
10274,0.39,Active,09/21/26
10275,0.25,Inactive,09/21/26
10276,0.5,Inactive,09/21/26
10277,0.45,Active,09/21/26
10279,0.19,Active,09/21/26
10280,0.3,Active,09/21/26
10281,0.39,Active,09/21/26
10282,0.29,Inactive,09/21/26
10283,0.39,Active,09/21/26
10285,0.19,Inactive,09/21/26
10286,0.6,Active,09/21/26
10288,0.25,Inactive,09/21/26
10291,0.25,Active,09/21/26
10294,0,Inactive,09/21/26
10295,0.39,Inactive,09/21/26
10296,0.39,Active,09/21/26
10297,0.25,Inactive,09/21/26
10298,0.39,Active,09/21/26
10299,0.3,Active,09/21/26
10300,0.25,Active,09/21/26
10301,0.29,Inactive,09/21/26
10302,0.25,Active,09/21/26
10303,0.29,Active,09/21/26
10304,0.39,Inactive,09/21/26
10308,0.4,Active,09/21/26
10309,0.39,Inactive,09/21/26
10311,0.29,Active,09/21/26
10313,0.29,Active,09/21/26
10314,0.4,Active,09/21/26
10316,0.3,Active,09/21/26
10317,0.29,Inactive,09/21/26
10318,0.25,Active,09/21/26
10319,0.39,Inactive,09/21/26
10321,0.29,Active,09/21/26
10322,0.25,Active,09/21/26
10325,0.29,Active,09/21/26
10327,0.5,Active,09/21/26
10329,0.29,Active,09/21/26
10330,0.5,Inactive,09/21/26
10331,0.25,Inactive,09/21/26
10332,0.29,Active,09/21/26
10333,0.25,Active,09/21/26
10334,0.25,Inactive,09/21/26
10335,0.3,Inactive,09/21/26
10336,0.39,Active,09/21/26
10337,0.29,Active,09/21/26
10338,0.25,Active,09/21/26
10339,0.25,Active,09/21/26
10340,0.3,Active,09/21/26
10341,0.5,Inactive,09/21/26
10344,0.25,Active,09/21/26
10345,0.25,Active,09/21/26
10346,0.25,Inactive,09/21/26
10348,0.29,Active,09/21/26
10352,0.35,Active,09/21/26
10353,0.49,Inactive,09/21/26
10354,0.25,Active,09/21/26
10356,0.2,Inactive,09/21/26
10357,0.39,Active,09/21/26
10358,0.29,Active,09/21/26
10359,0.39,Active,09/21/26
10362,0.39,Inactive,09/21/26
10363,0.15,Inactive,09/21/26
10364,0.25,Inactive,09/21/26
10365,0.29,Active,09/21/26
10366,0.25,Active,09/21/26
10367,0.35,Active,09/21/26
10368,0.3,Active,09/21/26
10369,0.29,Active,09/21/26
10370,0.3,Active,09/21/26
10371,0.3,Inactive,09/21/26
10372,0.39,Active,09/21/26
10374,0.29,Inactive,09/21/26
10375,0.15,Inactive,09/21/26
10376,0.59,Active,09/21/26
10377,0.14,Active,09/21/26
10378,0.29,Active,09/21/26
10379,0.29,Inactive,09/21/26
10380,0.39,Active,09/21/26
10382,0.29,Inactive,09/21/26
10384,0.29,Active,09/21/26
10385,0.29,Inactive,09/21/26
10387,0.4,Active,09/21/26
10388,0.29,Inactive,09/21/26
10389,0.25,Inactive,09/21/26
10390,0.25,Active,09/21/26
10391,0.29,Active,09/21/26
10392,0.25,Inactive,09/21/26
10393,0.3,Active,09/21/26
10394,0.25,Inactive,09/21/26
10395,0.29,Active,09/21/26
10396,0.25,Inactive,09/21/26
10397,0.25,Active,09/21/26
10398,0.25,Active,09/21/26
10402,0,Active,09/21/26
10403,0.35,Inactive,09/21/26
10404,0.29,Active,09/21/26
10406,0.25,Inactive,09/21/26
10407,0.29,Inactive,09/21/26
10408,0.29,Inactive,09/21/26
10410,0.25,Active,09/21/26
10411,0.49,Active,09/21/26
10412,0.25,Active,09/21/26
10413,0.3,Active,09/21/26
10414,0.39,Inactive,09/21/26
10415,0.15,Active,09/21/26
10419,0.49,Active,09/21/26
10420,0.45,Inactive,09/21/26
10421,0.29,Active,09/21/26
10422,0.29,Active,09/21/26
10423,0.1,Active,09/21/26
10424,0.2,Inactive,09/21/26
10425,0.25,Active,09/21/26
10427,0.19,Active,09/21/26
10428,0.25,Inactive,09/21/26
10431,0.25,Active,09/21/26
10432,0.25,Active,09/21/26
10433,0.29,Active,09/21/26
10435,0.35,Active,09/21/26
10436,0.29,Active,09/21/26
10437,0.29,Active,09/21/26
10438,0.29,Active,09/21/26
10439,0.25,Inactive,09/21/26
10442,0.29,Inactive,09/21/26
10443,0.15,Active,09/21/26
10445,0.5,Active,09/21/26
10446,0.39,Active,09/21/26
10447,0.25,Active,09/21/26
10448,0.39,Active,09/21/26
10449,0.29,Active,09/21/26
10451,0.15,Active,09/21/26
10452,0.15,Active,09/21/26
10453,0.29,Inactive,09/21/26
10456,0.39,Active,09/21/26
10457,0.29,Active,09/21/26
10458,0.39,Inactive,09/21/26
10459,0.39,Inactive,09/21/26
10461,0.29,Inactive,09/21/26
10464,0.29,Active,09/21/26
10465,0.29,Active,09/21/26
10466,0.3,Inactive,09/21/26
10467,0.29,Active,09/21/26
10468,0.25,Active,09/21/26
10470,0.29,Active,09/21/26
10471,0.25,Inactive,09/21/26
10472,0.39,Active,09/21/26
10473,0.35,Inactive,09/21/26
10474,0.29,Active,09/21/26
10476,0.3,Active,09/21/26
10478,0.39,Active,09/21/26
10481,0.35,Active,09/21/26
10482,0.29,Inactive,09/21/26
10483,0.29,Active,09/21/26
10485,0,Inactive,09/21/26
10486,0.29,Active,09/21/26
10487,0.25,Inactive,09/21/26
10489,0.29,Active,09/21/26
10490,0.29,Active,09/21/26
10491,0.39,Active,09/21/26
10492,0.25,Active,09/21/26
10493,0.29,Active,09/21/26
10495,0.29,Active,09/21/26
10496,0.29,Inactive,09/21/26
10497,0.25,Inactive,09/21/26
10500,0.29,Active,09/21/26
10501,0.29,Active,09/21/26
10502,0.29,Active,09/21/26
10503,0.39,Inactive,09/21/26
10505,0.29,Active,09/21/26
10506,0.3,Active,09/21/26
10507,0.25,Active,09/21/26
10509,0.29,Active,09/21/26
10511,0.25,Active,09/21/26
10512,0.25,Inactive,09/21/26
10513,0.39,Active,09/21/26
10514,0.49,Inactive,09/21/26
10515,0.25,Inactive,09/21/26
10516,0.29,Active,09/21/26
10517,0.3,Active,09/21/26
10518,0.3,Active,09/21/26
10519,0.29,Active,09/21/26
10520,0.25,Active,09/21/26
10521,0.25,Active,09/21/26
10522,0.29,Inactive,09/21/26
10523,0.15,Inactive,09/21/26
10524,0,Active,09/21/26
10525,0.19,Inactive,09/21/26
10526,0.29,Active,09/21/26
10527,0.29,Active,09/21/26
10528,0.22,Inactive,09/21/26
10530,0.29,Active,09/21/26
10531,0.25,Active,09/21/26
10532,0.29,Inactive,09/21/26
10533,0.39,Active,09/21/26
10534,0.19,Active,09/21/26
10535,0.5,Inactive,09/21/26
10536,0.29,Active,09/21/26
10537,0.29,Active,09/21/26
10539,0.29,Active,09/21/26
10540,0.25,Active,09/21/26
10541,0.49,Active,09/21/26
10542,0.15,Inactive,09/21/26
10543,0.29,Active,09/21/26
10544,0.25,Active,09/21/26
10545,0.29,Active,09/21/26
10547,0.3,Inactive,09/21/26
10548,0.29,Inactive,09/21/26
10549,0.39,Active,09/21/26
10550,0.29,Active,09/21/26
10551,0.25,Active,09/21/26
10552,0.29,Active,09/21/26
10553,0.25,Inactive,09/21/26
10554,0.25,Active,09/21/26
10555,0.25,Active,09/21/26
10556,0.69,Active,09/21/26
10557,0.25,Active,09/21/26
10558,0.29,Active,09/21/26
10559,0.19,Active,09/21/26
10560,0.25,Active,09/21/26
10561,0.25,Active,09/21/26
10562,0.25,Active,09/21/26
10566,0.49,Active,09/21/26
10567,0.25,Active,09/21/26
10568,0.3,Active,09/21/26
10569,0.25,Active,09/21/26
10570,0.15,Active,09/21/26
10571,0.29,Active,09/21/26
10572,0.29,Active,09/21/26
10574,0.29,Active,09/21/26
10575,0,Inactive,09/21/26
10576,0.29,Active,09/21/26
10577,0.25,Active,09/21/26
10578,0.29,Inactive,09/21/26
10579,0.29,Active,09/21/26
10583,0.29,Active,09/21/26
10584,0.39,Active,09/21/26
10585,0.29,Inactive,09/21/26
10586,0,Active,09/21/26
10587,0.25,Active,09/21/26
10588,0.15,Active,09/21/26
10589,0.29,Inactive,09/21/26
10591,0.25,Active,09/21/26
10593,0.25,Active,09/21/26
10594,0.29,Active,09/21/26
10596,0,Active,09/21/26
10597,0.29,Active,09/21/26
10598,0.13,Active,09/21/26
10601,0.25,Active,09/21/26
10603,0.29,Active,09/21/26
10605,0.29,Active,09/21/26
10606,0.29,Active,09/21/26
10607,0.29,Active,09/21/26
10608,0.25,Active,09/21/26
10610,0.29,Active,09/21/26
10612,0.25,Active,09/21/26
10615,0.29,Active,09/21/26
10616,0.29,Active,09/21/26
10617,0.25,Active,09/21/26
10618,0.35,Active,09/21/26
10619,0.35,Inactive,09/21/26
10620,0.25,Active,09/21/26
10621,0.29,Active,09/21/26
10622,0.25,Active,09/21/26
10624,0.25,Inactive,09/21/26
10625,0.25,Inactive,09/21/26
10626,0.39,Active,09/21/26
10628,0.25,Active,09/21/26
10629,0.25,Inactive,09/21/26
10631,0.25,Inactive,09/21/26
10632,0.3,Inactive,09/21/26
10634,0.29,Active,09/21/26
10635,0,Active,09/21/26
10636,0.29,Active,09/21/26
10637,0.39,Active,09/21/26
10638,0,Active,09/21/26
10639,0.25,Active,09/21/26
10640,0.39,Active,09/21/26
10641,0,Inactive,09/21/26
10642,0.29,Inactive,09/21/26
10643,0.3,Inactive,09/21/26
10645,0.39,Inactive,09/21/26
10646,0.39,Active,09/21/26
10647,0,Active,09/21/26
10648,0.25,Inactive,09/21/26
10649,0.29,Active,09/21/26
10650,0.25,Inactive,09/21/26
10651,0.25,Inactive,09/21/26
10653,0.25,Inactive,09/21/26
10654,0.29,Active,09/21/26
10655,0.29,Active,09/21/26
10656,0.25,Active,09/21/26
10658,0.29,Active,09/21/26
10659,0.25,Active,09/21/26
10660,0.5,Active,09/21/26
10661,0.25,Inactive,09/21/26
10662,0.29,Active,09/21/26
10663,0.29,Inactive,09/21/26
10664,0.49,Inactive,09/21/26
10665,0.26,Inactive,09/21/26
10666,0.29,Inactive,09/21/26
10667,0.59,Active,09/21/26
10668,0.15,Inactive,09/21/26
10671,0.25,Inactive,09/21/26
10672,0.3,Active,09/21/26
10673,0.3,Active,09/21/26
10675,0,Active,09/21/26
10676,0.6,Inactive,09/21/26
10677,0,Active,09/21/26
10678,0.29,Active,09/21/26
10679,0.29,Active,09/21/26
10680,0.29,Active,09/21/26
10681,0.25,Active,09/21/26
10683,0.29,Active,09/21/26
10684,0.29,Active,09/21/26
10686,0.5,Inactive,09/21/26
10687,0.29,Active,09/21/26
10688,0.23,Active,09/21/26
10689,0.25,Inactive,09/21/26
10691,0.35,Active,09/21/26
10692,0.29,Active,09/21/26
10693,0.39,Inactive,09/21/26
10694,0.15,Inactive,09/21/26
10697,0.49,Active,09/21/26
10698,0.29,Active,09/21/26
10699,0.25,Active,09/21/26
10700,0.29,Active,09/21/26
10705,0.29,Inactive,09/21/26
10706,0.29,Inactive,09/21/26
10707,0.29,Inactive,09/21/26
10708,0.29,Active,09/21/26
10710,0.29,Active,09/21/26
10711,0,Inactive,09/21/26
10713,0.29,Active,09/21/26
10714,0.25,Active,09/21/26
10715,0.39,Active,09/21/26
10716,0.29,Active,09/21/26
10717,0.29,Active,09/21/26
10718,0.25,Active,09/21/26
10719,0.39,Active,09/21/26
10720,0.25,Active,09/21/26
10721,0.29,Active,09/21/26
10722,0.39,Active,09/21/26
10723,0.59,Active,09/21/26
10725,0.29,Inactive,09/21/26
10726,0.39,Active,09/21/26
10729,0.3,Active,09/21/26
10730,0.29,Active,09/21/26
10732,0.23,Active,09/21/26
10733,0.25,Active,09/21/26
10734,0.25,Inactive,09/21/26
10735,0.29,Active,09/21/26
10737,0.25,Active,09/21/26
10738,0.25,Inactive,09/21/26
10739,0.23,Active,09/21/26
10740,0.29,Inactive,09/21/26
10741,0.29,Active,09/21/26
10742,0.29,Active,09/21/26
10743,0.29,Active,09/21/26
10744,0.29,Active,09/21/26
10745,0.3,Active,09/21/26
10746,0.39,Inactive,09/21/26
10747,0.39,Active,09/21/26
10748,0.29,Active,09/21/26
10749,0.29,Inactive,09/21/26
10750,0.59,Inactive,09/21/26
10751,0.3,Inactive,09/21/26
10752,0.5,Inactive,09/21/26
10753,0.39,Active,09/21/26
10754,0.29,Active,09/21/26
10755,0.69,Active,09/21/26
10756,0.35,Active,09/21/26
10757,0.29,Active,09/21/26
10758,0.25,Active,09/21/26
10759,0.29,Active,09/21/26
10760,0.25,Active,09/21/26
10761,0.79,Active,09/21/26
10763,0.29,Active,09/21/26
10765,0,Active,09/21/26
10766,0.25,Active,09/21/26
10767,0.15,Inactive,09/21/26
10768,0.29,Active,09/21/26
10771,0.29,Active,09/21/26
10772,0.59,Inactive,09/21/26
10773,0.29,Active,09/21/26
10774,0.29,Active,09/21/26
10776,0.2,Active,09/21/26
10778,0.39,Active,09/21/26
10779,0.3,Inactive,09/21/26
10780,0.25,Inactive,09/21/26
10781,0.3,Active,09/21/26
10782,0.29,Inactive,09/21/26
10783,0.25,Active,09/21/26
10784,0.59,Inactive,09/21/26
10786,0.39,Active,09/21/26
10788,0.15,Inactive,09/21/26
10789,0.3,Active,09/21/26
10790,0.29,Inactive,09/21/26
10795,0.3,Active,09/21/26
10796,0.3,Inactive,09/21/26
10797,0.29,Active,09/21/26
10798,0.3,Inactive,09/21/26
10800,0.29,Inactive,09/21/26
10801,0,Inactive,09/21/26
10802,0.25,Active,09/21/26
10803,0.29,Active,09/21/26
10804,0.29,Active,09/21/26
10805,0.3,Active,09/21/26
10807,0.29,Active,09/21/26
10808,0.25,Inactive,09/21/26
10809,0.25,Active,09/21/26
10810,0.39,Active,09/21/26
10812,0.45,Active,09/21/26
10814,0.49,Inactive,09/21/26
10816,0.25,Active,09/21/26
10817,0.39,Active,09/21/26
10818,0.23,Active,09/21/26
10823,0.29,Active,09/21/26
10824,0.29,Active,09/21/26
10825,0.25,Active,09/21/26
10826,0.29,Active,09/21/26
10827,0.29,Active,09/21/26
10828,0.25,Active,09/21/26
10829,0.39,Active,09/21/26
10830,0.59,Active,09/21/26
10831,0.25,Inactive,09/21/26
10832,0.25,Inactive,09/21/26
10833,0.39,Active,09/21/26
10835,0.29,Active,09/21/26
10836,0.59,Inactive,09/21/26
10837,0.25,Inactive,09/21/26
10839,0.29,Active,09/21/26
10840,0.59,Active,09/21/26
10841,0.3,Inactive,09/21/26
10842,0.29,Active,09/21/26
10843,0.3,Inactive,09/21/26
10844,0.25,Inactive,09/21/26
10845,0.39,Active,09/21/26
10846,0.39,Active,09/21/26
10847,0.29,Active,09/21/26
10848,0.25,Active,09/21/26
10849,0.25,Active,09/21/26
10852,0.25,Active,09/21/26
10853,0.29,Active,09/21/26
10854,0.3,Active,09/21/26
10856,0.3,Active,09/21/26
10857,0.29,Active,09/21/26
10858,0.35,Active,09/21/26
10859,0,Inactive,09/21/26
10861,0.29,Active,09/21/26
10862,0.39,Inactive,09/21/26
10863,0.15,Active,09/21/26
10864,0.39,Inactive,09/21/26
10865,0.29,Active,09/21/26
10866,0.29,Active,09/21/26
10868,0.25,Active,09/21/26
10870,0.25,Active,09/21/26
10871,0.29,Active,09/21/26
10872,0.39,Active,09/21/26
10873,0.29,Inactive,09/21/26
10874,0.2,Inactive,09/21/26
10876,0.3,Active,09/21/26
10877,0.39,Active,09/21/26
10878,0.25,Active,09/21/26
10879,0.29,Active,09/21/26
10880,Not Priced,Inactive,
10881,0.25,Active,09/21/26
10882,0.39,Active,09/21/26
10883,0.2,Inactive,09/21/26
10885,0.29,Active,09/21/26
10886,0.29,Inactive,09/21/26
10887,0.29,Active,09/21/26
10890,0.39,Inactive,09/21/26
10891,0.39,Active,09/21/26
10892,0.39,Active,09/21/26
10893,0.29,Active,09/21/26
10894,0.25,Active,09/21/26
10895,0.29,Inactive,09/21/26
10896,0.39,Active,09/21/26
10899,0.3,Inactive,09/21/26
10900,0.59,Active,09/21/26
10901,0.59,Inactive,09/21/26
10902,0.39,Active,09/21/26
10903,0.39,Active,09/21/26
10904,0.25,Inactive,09/21/26
10905,0.29,Active,09/21/26
10907,0.2,Active,09/21/26
10909,0.29,Active,09/21/26
10910,0.29,Inactive,09/21/26
10912,0.35,Active,09/21/26
10913,0.29,Active,09/21/26
10914,0.39,Active,09/21/26
10915,0.29,Active,09/21/26
10918,0.25,Active,09/21/26
10919,0.29,Active,09/21/26
10920,0.25,Active,09/21/26
10921,0.35,Active,09/21/26
10923,0.39,Active,09/21/26
10924,0.29,Active,09/21/26
10925,0.29,Inactive,09/21/26
10927,0.2,Inactive,09/21/26
10928,0.4,Inactive,09/21/26
10930,0.29,Active,09/21/26
10932,0.25,Active,09/21/26
10933,0.25,Inactive,09/21/26
10934,0.59,Inactive,09/21/26
10937,0.29,Active,09/21/26
10938,0.29,Active,09/21/26
10939,0.25,Active,09/21/26
10940,0.25,Inactive,09/21/26
10941,0.39,Inactive,09/21/26
10942,0.25,Inactive,09/21/26
10943,0.35,Inactive,09/21/26
10946,0.3,Active,09/21/26
10948,0.29,Active,09/21/26
10949,0.29,Active,09/21/26
10950,0.49,Active,09/21/26
10951,0.49,Active,09/21/26
10952,0.29,Active,09/21/26
10953,0.3,Inactive,09/21/26
10954,0,Inactive,09/21/26
10955,0.69,Active,09/21/26
10956,0.1,Active,09/21/26
10957,0.39,Active,09/21/26
10958,0.29,Active,09/21/26
10959,0.25,Active,09/21/26
10960,0.29,Inactive,09/21/26
10961,0.25,Inactive,09/21/26
10962,0.25,Inactive,09/21/26
10963,0.25,Active,09/21/26
10964,0.5,Active,09/21/26
10978,0.29,Active,09/21/26
10979,0.29,Active,09/21/26
10980,0.29,Inactive,09/21/26
10981,0.29,Active,09/21/26
10982,0.29,Active,09/21/26
10985,0.39,Inactive,09/21/26
10986,0.29,Active,09/21/26
10987,0.25,Active,09/21/26
10989,0.29,Inactive,09/21/26
10992,0.25,Active,09/21/26
10993,0.29,Active,09/21/26
10994,0.3,Inactive,09/21/26
10995,0.29,Active,09/21/26
10996,0.45,Active,09/21/26
10997,0.4,Inactive,09/21/26
10999,0,Active,09/21/26
11003,0.19,Inactive,09/21/26
11004,0.25,Active,09/21/26
11006,0.25,Inactive,09/21/26
11007,0,Active,09/21/26
11008,0.25,Inactive,09/21/26
11009,0.3,Inactive,09/21/26
11010,0.25,Active,09/21/26
11011,0.25,Active,09/21/26
11012,0.22,Inactive,09/21/26
11015,0.29,Active,09/21/26
11016,0.25,Inactive,09/21/26
11017,0.29,Active,09/21/26
11018,0.29,Inactive,09/21/26
11020,0.29,Active,09/21/26
11021,0.29,Active,09/21/26
11023,0.29,Active,09/21/26
11024,0.29,Inactive,09/21/26
11025,0.39,Inactive,09/21/26
11026,0.35,Inactive,09/21/26
11027,0.25,Inactive,09/21/26
11028,0.29,Active,09/21/26
11029,0.25,Active,09/21/26
11031,0.29,Active,09/21/26
11032,0.39,Inactive,09/21/26
11033,0.39,Active,09/21/26
11034,0.25,Inactive,09/21/26
11035,0.29,Active,09/21/26
11036,0.19,Active,09/21/26
11037,0.25,Active,09/21/26
11038,0.29,Active,09/21/26
11040,0.49,Active,09/21/26
11041,0.35,Active,09/21/26
11042,0.25,Active,09/21/26
11043,0.25,Active,09/21/26
11044,0.39,Active,09/21/26
11046,0.3,Active,09/21/26
11047,0.3,Active,09/21/26
11049,0.29,Active,09/21/26
11050,0.29,Active,09/21/26
11052,0.25,Active,09/21/26
11054,0.3,Active,09/21/26
11055,0.59,Inactive,09/21/26
11056,0.3,Active,09/21/26
11058,0.5,Inactive,09/21/26
11061,0.29,Active,09/21/26
11063,0.39,Active,09/21/26
11064,0.39,Active,09/21/26
11065,0.49,Active,09/21/26
11066,0.39,Active,09/21/26
11067,0.35,Inactive,09/21/26
11068,0.39,Inactive,09/21/26
11069,0.4,Active,09/21/26
11070,0.29,Inactive,09/21/26
11071,0.3,Active,09/21/26
11072,0.2,Active,09/21/26
11073,0.29,Active,09/21/26
11075,0.39,Active,09/21/26
11076,0.19,Active,09/21/26
11077,0.5,Active,09/21/26
11078,0.29,Inactive,09/21/26
11079,0.25,Active,09/21/26
11080,0.35,Inactive,09/21/26
11083,0.29,Active,09/21/26
11084,0.3,Active,09/21/26
11085,0.25,Inactive,09/21/26
11086,0.19,Active,09/21/26
11087,0.29,Inactive,09/21/26
11088,0.35,Active,09/21/26
11089,0.25,Active,09/21/26
11090,0.29,Active,09/21/26
11091,0.3,Active,09/21/26
11093,0.25,Active,09/21/26
11094,0.25,Active,09/21/26
11095,0.39,Active,09/21/26
11097,0.49,Active,09/21/26
11099,0.25,Active,09/21/26
11100,0.25,Inactive,09/21/26
11101,0.39,Inactive,09/21/26
11103,0.25,Inactive,09/21/26
11105,0.49,Inactive,09/21/26
11106,0.25,Active,09/21/26
11107,0.29,Inactive,09/21/26
11109,0.13,Active,09/21/26
11110,0.3,Active,09/21/26
11111,Not Priced,Inactive,
11112,0.39,Active,09/21/26
11113,0.5,Inactive,09/21/26
11114,0.59,Inactive,09/21/26
11115,Not Priced,Inactive,
11116,0.49,Active,09/21/26
11118,0.2,Inactive,09/21/26
11119,0.29,Active,09/21/26
11120,0.29,Inactive,09/21/26
11121,0.25,Active,09/21/26
11123,0.29,Active,09/21/26
11124,0.29,Active,09/21/26
11125,0.39,Inactive,09/21/26
11126,0.49,Inactive,09/21/26
11127,0.1,Active,09/21/26
11129,0.39,Active,09/21/26
11130,0.3,Active,09/21/26
11131,0.6,Active,09/21/26
11132,0.15,Active,09/21/26
11133,0.39,Inactive,09/21/26
11134,0.39,Active,09/21/26
11138,0.39,Active,09/21/26
11139,0.59,Active,09/21/26
11141,0.39,Active,09/21/26
11142,0.15,Active,09/21/26
11144,0.25,Inactive,09/21/26
11145,0.19,Active,09/21/26
11146,0.25,Active,09/21/26
11148,0.29,Active,09/21/26
11149,0.25,Active,09/21/26
11150,0.29,Active,09/21/26
11153,0.29,Active,09/21/26
11154,0.29,Inactive,09/21/26
11155,0.25,Active,09/21/26
11156,0.3,Active,09/21/26
11157,0.29,Active,09/21/26
11160,0.25,Inactive,09/21/26
11161,0.29,Active,09/21/26
11162,0.35,Inactive,09/21/26
11163,0.29,Inactive,09/21/26
11164,0.49,Active,09/21/26
11165,0.25,Active,09/21/26
11166,0.4,Inactive,09/21/26
11167,0.29,Active,09/21/26
11168,0.29,Inactive,09/21/26
11169,0.39,Active,09/21/26
11170,0.49,Active,09/21/26
11171,0.5,Inactive,09/21/26
11172,0.3,Active,09/21/26
11173,0.25,Active,09/21/26
11174,0.35,Inactive,09/21/26
11176,0.29,Active,09/21/26
11177,0.25,Active,09/21/26
11178,0.39,Active,09/21/26
11179,0.39,Active,09/21/26
11180,0.29,Active,09/21/26
11181,0.29,Active,09/21/26
11182,0.29,Inactive,09/21/26
11183,0.25,Active,09/21/26
11184,0,Active,09/21/26
11185,0.15,Active,09/21/26
11186,0.29,Active,09/21/26
11187,0.29,Inactive,09/21/26
11188,0.29,Active,09/21/26
11189,0.29,Active,09/21/26
11190,0.29,Active,09/21/26
11192,0.25,Inactive,09/21/26
11193,0.3,Active,09/21/26
11194,0.25,Active,09/21/26
11197,0.25,Active,09/21/26
11198,0,Active,09/21/26
11199,0.25,Active,09/21/26
11200,0.39,Inactive,09/21/26
11201,0.29,Inactive,09/21/26
11202,0.25,Active,09/21/26
11203,0.29,Inactive,09/21/26
11204,0.25,Active,09/21/26
11205,0.2,Inactive,09/21/26
11206,0.29,Active,09/21/26
11207,0.39,Active,09/21/26
11210,0.29,Active,09/21/26
11211,0.39,Inactive,09/21/26
11212,0.39,Active,09/21/26
11214,0.15,Active,09/21/26
11215,0.29,Inactive,09/21/26
11216,0.3,Active,09/21/26
11217,0.39,Inactive,09/21/26
11219,0.49,Active,09/21/26
11220,0.29,Active,09/21/26
11222,0,Active,09/21/26
11223,0.39,Active,09/21/26
11227,0.29,Active,09/21/26
11228,0.29,Active,09/21/26
11229,0.3,Active,09/21/26
11231,0.29,Active,09/21/26
11232,0.25,Inactive,09/21/26
11233,0.25,Active,09/21/26
11234,0.15,Active,09/21/26
11235,0.29,Active,09/21/26
11236,0.39,Active,09/21/26
11237,0.25,Active,09/21/26
11238,0.25,Inactive,09/21/26
11239,0.39,Active,09/21/26
11240,0.4,Inactive,09/21/26
11241,0.25,Inactive,09/21/26
11242,0.29,Active,09/21/26
11243,0.3,Active,09/21/26
11245,0.25,Active,09/21/26
11246,0,Active,09/21/26
11247,0.29,Active,09/21/26
11248,0.59,Active,09/21/26
11250,0.49,Active,09/21/26
11251,0.39,Inactive,09/21/26
11252,0,Active,09/21/26
11253,0.25,Active,09/21/26
11255,0.39,Inactive,09/21/26
11256,0.25,Inactive,09/21/26
11259,0.29,Active,09/21/26
11260,0.39,Active,09/21/26
11261,0.29,Active,09/21/26
11263,0.3,Inactive,09/21/26
11264,0.29,Active,09/21/26
11265,Not Priced,Inactive,
11266,0.25,Active,09/21/26
11267,0.4,Active,09/21/26
11268,0.3,Active,09/21/26
11269,0.29,Active,09/21/26
11270,0.55,Active,09/21/26
11271,0.49,Active,09/21/26
11272,0.29,Active,09/21/26
11276,0.29,Active,09/21/26
11277,0.3,Inactive,09/21/26
11278,0.29,Active,09/21/26
11279,0,Active,09/21/26
11280,0.15,Active,09/21/26
11281,0.49,Inactive,09/21/26
11282,0.29,Active,09/21/26
11283,0.5,Inactive,09/21/26
11284,0.29,Active,09/21/26
11286,0.29,Active,09/21/26
11287,0.39,Inactive,09/21/26
11288,0.3,Inactive,09/21/26
11289,0.29,Inactive,09/21/26
11291,0.29,Active,09/21/26
11292,0.59,Active,09/21/26
11293,0.3,Active,09/21/26
11294,0.3,Active,09/21/26
11295,0.3,Inactive,09/21/26
11296,0.39,Active,09/21/26
11297,0.19,Active,09/21/26
11298,0.29,Inactive,09/21/26
11300,0.35,Active,09/21/26
11301,0.29,Active,09/21/26
11302,0.39,Active,09/21/26
11303,0.15,Active,09/21/26
11304,0.29,Active,09/21/26
11305,0.59,Active,09/21/26
11306,0.1,Active,09/21/26
11307,0.25,Inactive,09/21/26
11311,0.25,Inactive,09/21/26
11312,0.3,Active,09/21/26
11316,0.25,Active,09/21/26
11317,0.49,Active,09/21/26
11319,0.29,Active,09/21/26
11320,0.39,Active,09/21/26
11321,0.25,Active,09/21/26
11322,0.3,Active,09/21/26
11323,0.25,Active,09/21/26
11324,0,Inactive,09/21/26
11325,0.29,Active,09/21/26
11326,0.29,Active,09/21/26
11327,0.29,Active,09/21/26
11328,0.29,Active,09/21/26
11329,0.39,Active,09/21/26
11330,0.29,Active,09/21/26
11331,0.4,Inactive,09/21/26
11332,0.29,Active,09/21/26
11333,0.2,Inactive,09/21/26
11334,0.29,Active,09/21/26
11335,0.29,Active,09/21/26
11338,0.39,Active,09/21/26
11339,0.29,Active,09/21/26
11340,0.29,Active,09/21/26
11341,0.49,Inactive,09/21/26
11342,0.25,Active,09/21/26
11343,0.39,Active,09/21/26
11344,0.25,Active,09/21/26
11345,0.29,Active,09/21/26
11346,0.39,Active,09/21/26
11347,0.25,Active,09/21/26
11348,0.3,Inactive,09/21/26
11350,0.25,Active,09/21/26
11351,0.39,Active,09/21/26
11352,0.39,Active,09/21/26
11354,0.49,Active,09/21/26
11355,0.29,Active,09/21/26
11357,0.29,Active,09/21/26
11358,0.39,Active,09/21/26
11360,0.29,Active,09/21/26
11362,0.25,Active,09/21/26
11364,0.39,Inactive,09/21/26
11365,0.3,Active,09/21/26
11366,0.25,Active,09/21/26
11367,0.25,Active,09/21/26
11368,0.3,Inactive,09/21/26
11369,0.39,Active,09/21/26
11370,0.25,Active,09/21/26
11371,0.29,Inactive,09/21/26
11372,0.29,Active,09/21/26
11373,0.15,Active,09/21/26
11374,0.39,Active,09/21/26
11375,0.3,Active,09/21/26
11376,0.25,Active,09/21/26
11377,0.29,Inactive,09/21/26
11378,0.29,Active,09/21/26
11379,0.29,Active,09/21/26
11380,0.29,Active,09/21/26
11381,0.29,Active,09/21/26
11382,0.2,Inactive,09/21/26
11383,0.29,Active,09/21/26
11384,0.25,Inactive,09/21/26
11385,0.39,Active,09/21/26
11386,0.29,Active,09/21/26
11387,0.15,Active,09/21/26
11388,0.25,Inactive,09/21/26
11389,0.25,Active,09/21/26
11390,0.29,Inactive,09/21/26
11391,0.39,Inactive,09/21/26
11392,0.29,Inactive,09/21/26
11393,0.29,Inactive,09/21/26
11394,0.29,Inactive,09/21/26
11395,0.29,Active,09/21/26
11396,0.39,Inactive,09/21/26
11397,0.39,Inactive,09/21/26
11398,0.19,Inactive,09/21/26
11399,0.25,Inactive,09/21/26
11400,0.25,Active,09/21/26
11401,0.25,Inactive,09/21/26
11402,0.29,Active,09/21/26
11403,0.32,Inactive,09/21/26
11404,0.25,Active,09/21/26
11406,0.39,Active,09/21/26
11408,0.39,Active,09/21/26
11409,0.25,Inactive,09/21/26
11410,0.25,Active,09/21/26
11411,0.29,Active,09/21/26
11412,0.15,Active,09/21/26
11413,0.49,Inactive,09/21/26
11414,0.25,Active,09/21/26
11415,0.25,Active,09/21/26
11416,0.29,Active,09/21/26
11417,0.29,Active,09/21/26
11418,0.25,Active,09/21/26
11420,0.25,Active,09/21/26
11421,0,Inactive,09/21/26
11422,0.49,Inactive,09/21/26
11424,0.29,Active,09/21/26
11427,0.29,Inactive,09/21/26
11429,0.39,Active,09/21/26
11430,0.29,Active,09/21/26
11433,0.25,Active,09/21/26
11434,0.29,Active,09/21/26
11435,0.29,Active,09/21/26
11436,0.15,Active,09/21/26
11437,0.25,Inactive,09/21/26
11438,0.35,Inactive,09/21/26
11439,0.25,Inactive,09/21/26
11440,0.29,Active,09/21/26
11441,0.29,Active,09/21/26
11442,0,Active,09/21/26
11443,0.3,Active,09/21/26
11444,0.25,Active,09/21/26
11445,0.29,Active,09/21/26
11446,0.29,Inactive,09/21/26
11448,0.29,Inactive,09/21/26
11449,0.35,Active,09/21/26
11450,0.19,Inactive,09/21/26
11451,0.2,Active,09/21/26
11452,0.25,Active,09/21/26
11453,0.29,Inactive,09/21/26
11454,0.3,Active,09/21/26
11455,0.5,Inactive,09/21/26
11456,0.29,Active,09/21/26
11458,0.25,Active,09/21/26
11459,0.29,Inactive,09/21/26
11460,0.19,Active,09/21/26
11461,0.79,Active,09/21/26
11462,0,Inactive,09/21/26
11463,0.29,Active,09/21/26
11464,0.25,Inactive,09/21/26
11465,0.29,Active,09/21/26
11466,0.4,Active,09/21/26
11467,0.25,Active,09/21/26
11468,0.59,Active,09/21/26
11469,0.49,Active,09/21/26
11470,0.26,Inactive,09/21/26
11471,0.3,Active,09/21/26
11472,0.29,Active,09/21/26
11473,0.39,Active,09/21/26
11474,0.49,Active,09/21/26
11477,0.29,Active,09/21/26
11478,0.5,Active,09/21/26
11479,0.39,Active,09/21/26
11480,0.2,Active,09/21/26
11481,0.29,Active,09/21/26
11482,0.29,Active,09/21/26
11483,0.29,Active,09/21/26
11485,0.29,Active,09/21/26
11486,0.3,Active,09/21/26
11487,0.29,Active,09/21/26
11488,0.29,Active,09/21/26
11489,0.29,Inactive,09/21/26
11490,0.29,Inactive,09/21/26
11491,0.25,Inactive,09/21/26
11492,0.2,Active,09/21/26
11493,0.29,Active,09/21/26
11494,0.25,Inactive,09/21/26
11495,0.3,Active,09/21/26
11496,0.29,Active,09/21/26
11497,0.49,Inactive,09/21/26
11498,0.29,Active,09/21/26
11500,0.29,Active,09/21/26
11502,0.45,Active,09/21/26
11503,0.49,Active,09/21/26
11504,0.39,Active,09/21/26
11505,0.2,Active,09/21/26
11506,0.25,Active,09/21/26
11508,0.19,Active,09/21/26
11509,0.39,Inactive,09/21/26
11510,0.3,Active,09/21/26
11511,0.49,Inactive,09/21/26
11513,0.29,Active,09/21/26
11514,0.25,Active,09/21/26
11515,0.29,Inactive,09/21/26
11516,0.25,Active,09/21/26
11517,0.45,Active,09/21/26
11518,0.3,Active,09/21/26
11520,0.49,Active,09/21/26
11522,0.25,Active,09/21/26
11523,0.39,Active,09/21/26
11524,0.25,Active,09/21/26
11525,0,Inactive,09/21/26
11526,0.29,Active,09/21/26
11527,0.19,Active,09/21/26
11528,0.29,Active,09/21/26
11529,0.29,Active,09/21/26
11530,0.5,Inactive,09/21/26
11531,0.29,Inactive,09/21/26
11533,0.29,Active,09/21/26
11534,0.15,Active,09/21/26
11535,0.3,Active,09/21/26
11538,0.25,Active,09/21/26
11539,0.5,Inactive,09/21/26
11540,0.3,Inactive,09/21/26
11541,0.29,Active,09/21/26
11542,0.29,Active,09/21/26
11543,Not Priced,Inactive,
11544,0.29,Active,09/21/26
11545,0.29,Active,09/21/26
11546,0.29,Inactive,09/21/26
11548,0.3,Active,09/21/26
11549,0.29,Active,09/21/26
11550,0.29,Active,09/21/26
11551,0.25,Active,09/21/26
11552,0.29,Active,09/21/26
11553,0.29,Inactive,09/21/26
11554,0.3,Active,09/21/26
11555,0.49,Active,09/21/26
11557,0.29,Active,09/21/26
11558,0.29,Active,09/21/26
11559,0.59,Active,09/21/26
11560,0.4,Active,09/21/26
11561,0.29,Inactive,09/21/26
11562,0.25,Active,09/21/26
11563,0.25,Active,09/21/26
11564,0.29,Active,09/21/26
11565,0.25,Active,09/21/26
11566,0.2,Inactive,09/21/26
11567,Not Priced,Inactive,
11568,0.3,Active,09/21/26
11569,0.25,Inactive,09/21/26
11570,0.3,Active,09/21/26
11571,0.25,Active,09/21/26
11572,0.39,Active,09/21/26
11573,0.2,Active,09/21/26
11574,0.39,Active,09/21/26
11575,0.39,Active,09/21/26
11576,0.25,Active,09/21/26
11577,0.3,Active,09/21/26
11579,0.29,Active,09/21/26
11580,0.25,Active,09/21/26
11582,0.39,Inactive,09/21/26
11583,0.19,Active,09/21/26
11585,0.39,Active,09/21/26
11586,0.39,Active,09/21/26
11587,0.49,Active,09/21/26
11588,0.29,Active,09/21/26
11589,0.29,Inactive,09/21/26
11591,0,Active,09/21/26
11592,0.3,Active,09/21/26
11593,0.29,Inactive,09/21/26
11594,0.39,Active,09/21/26
11595,0.39,Active,09/21/26
11596,0.29,Active,09/21/26
11597,0.44,Active,09/21/26
11598,Not Priced,Inactive,
11599,0.2,Inactive,09/21/26
11600,0.29,Active,09/21/26
11601,0.25,Active,09/21/26
11602,0.25,Active,09/21/26
11603,0.29,Active,09/21/26
11604,0.25,Active,09/21/26
11605,0.29,Active,09/21/26
11606,0.3,Active,09/21/26
11607,0.29,Inactive,09/21/26
11608,0.3,Active,09/21/26
11611,0.29,Active,09/21/26
11612,0.13,Active,09/21/26
11613,0.29,Inactive,09/21/26
11615,0.29,Inactive,09/21/26
11616,0.35,Inactive,09/21/26
11617,0.29,Active,09/21/26
11618,0.25,Inactive,09/21/26
11619,0.49,Active,09/21/26
11620,0,Inactive,09/21/26
11621,0.25,Inactive,09/21/26
11623,0,Active,09/21/26
11624,0.29,Active,09/21/26
11625,1,Active,09/21/26
11626,0.49,Active,09/21/26
11627,0.29,Active,09/21/26
11628,0.33,Active,09/21/26
11630,0.3,Active,09/21/26
11632,0.29,Active,09/21/26
11633,0.3,Active,09/21/26
11634,0.29,Active,09/21/26
11636,0.39,Inactive,09/21/26
11637,0.39,Active,09/21/26
11638,0.29,Active,09/21/26
11639,0.39,Active,09/21/26
11640,0.29,Active,09/21/26
11642,0.25,Active,09/21/26
11643,0.75,Active,09/21/26
11645,0.25,Inactive,09/21/26
11646,0.25,Active,09/21/26
11647,0.25,Active,09/21/26
11649,0.29,Active,09/21/26
11650,0.29,Inactive,09/21/26
11651,0.15,Inactive,09/21/26
11652,0.39,Active,09/21/26
11654,0.3,Active,09/21/26
11655,0.25,Active,09/21/26
11656,0.3,Active,09/21/26
11657,0.29,Active,09/21/26
11658,0.39,Active,09/21/26
11659,0.35,Active,09/21/26
11660,0.29,Active,09/21/26
11661,0.29,Active,09/21/26
11662,0.3,Active,09/21/26
11663,0.29,Active,09/21/26
11664,0.29,Active,09/21/26
11665,0.19,Active,09/21/26
11666,0.59,Inactive,09/21/26
11667,0.4,Inactive,09/21/26
11668,0.49,Active,09/21/26
11669,0.29,Active,09/21/26
11670,0.29,Active,09/21/26
11671,0.29,Active,09/21/26
11672,0.25,Inactive,09/21/26
11673,0.39,Active,09/21/26
11675,0.29,Active,09/21/26
11676,0.3,Active,09/21/26
11677,0.29,Active,09/21/26
11679,0.29,Inactive,09/21/26
11680,0.39,Active,09/21/26
11681,0.29,Active,09/21/26
11682,0.19,Inactive,09/21/26
11683,0.59,Active,09/21/26
11684,0.29,Active,09/21/26
11685,0.39,Active,09/21/26
11686,0.59,Active,09/21/26
11687,0.49,Active,09/21/26
11688,0.29,Active,09/21/26
11689,0.25,Active,09/21/26
11690,0.29,Inactive,09/21/26
11691,0.29,Inactive,09/21/26
11693,0.25,Active,09/21/26
11694,0.2,Active,09/21/26
11696,0.25,Active,09/21/26
11697,0.29,Active,09/21/26
11698,0.59,Active,09/21/26
11701,0.25,Active,09/21/26
11702,0.25,Active,09/21/26
11703,0.6,Active,09/21/26
11705,0.35,Active,09/21/26
11706,0.25,Inactive,09/21/26
11707,0.29,Active,09/21/26
11708,0.25,Active,09/21/26
11710,0.29,Active,09/21/26
11711,0.25,Active,09/21/26
11713,0.29,Active,09/21/26
11714,0.49,Active,09/21/26
11715,0.75,Inactive,09/21/26
11716,0.19,Inactive,09/21/26
11718,0.39,Active,09/21/26
11719,0.29,Active,09/21/26
11720,0.29,Inactive,09/21/26
11721,0.25,Inactive,09/21/26
11722,0.29,Active,09/21/26
11723,0.25,Active,09/21/26
11724,0.29,Active,09/21/26
11726,0.29,Active,09/21/26
11727,0.49,Active,09/21/26
11728,0.3,Inactive,09/21/26
11729,0.29,Active,09/21/26
11730,0.49,Active,09/21/26
11731,0.29,Inactive,09/21/26
11734,0,Active,09/21/26
11735,0.25,Active,09/21/26
11736,0.3,Inactive,09/21/26
11737,0.15,Active,09/21/26
11738,0.23,Inactive,09/21/26
11739,0.39,Active,09/21/26
11740,0.29,Inactive,09/21/26
11743,0.25,Active,09/21/26
11744,0.29,Active,09/21/26
11745,0.25,Inactive,09/21/26
11746,0.19,Active,09/21/26
11747,0.25,Inactive,09/21/26
11748,0.59,Inactive,09/21/26
11749,0.25,Active,09/21/26
11750,0.25,Active,09/21/26
11751,0.29,Active,09/21/26
11752,0.29,Inactive,09/21/26
11753,0.29,Active,09/21/26
11754,0.25,Active,09/21/26
11755,0.25,Active,09/21/26
11756,0.29,Active,09/21/26
11758,0.25,Active,09/21/26
11762,Not Priced,Inactive,
11763,0.25,Active,09/21/26
11766,0.3,Active,09/21/26
11767,0.1,Active,09/21/26
11769,0.29,Active,09/21/26
11771,0.3,Active,09/21/26
11773,0.29,Inactive,09/21/26
11774,0.35,Active,09/21/26
11778,0.29,Active,09/21/26
11779,0.39,Inactive,09/21/26
11780,0.29,Inactive,09/21/26
11781,0.39,Active,09/21/26
11785,0.35,Inactive,09/21/26
11786,0.13,Active,09/21/26
11788,0.29,Inactive,09/21/26
11789,0.3,Active,09/21/26
11790,0.29,Inactive,09/21/26
11791,0.29,Active,09/21/26
11792,0.29,Active,09/21/26
11793,0.3,Inactive,09/21/26
11794,0.39,Active,09/21/26
11795,0.29,Active,09/21/26
11796,0.25,Inactive,09/21/26
11797,0.25,Active,09/21/26
11799,0.35,Inactive,09/21/26
11800,0.2,Active,09/21/26
11801,0.29,Active,09/21/26
11802,0.3,Inactive,09/21/26
11803,0.3,Active,09/21/26
11804,0.35,Active,09/21/26
11805,0.39,Active,09/21/26
11806,0.23,Inactive,09/21/26
11810,0.3,Active,09/21/26
11811,0.29,Active,09/21/26
11812,0.29,Inactive,09/21/26
11813,0.3,Inactive,09/21/26
11814,0.29,Inactive,09/21/26
11815,0.29,Active,09/21/26
11817,0.4,Active,09/21/26
11821,0.29,Active,09/21/26
11822,0.25,Active,09/21/26
11823,0.25,Active,09/21/26
11824,0.1,Active,09/21/26
11825,0.3,Active,09/21/26
11826,0.29,Active,09/21/26
11828,0.25,Active,09/21/26
11829,0.29,Active,09/21/26
11830,0.39,Active,09/21/26
11831,0.35,Active,09/21/26
11832,0.25,Active,09/21/26
11833,0.25,Active,09/21/26
11834,0.29,Active,09/21/26
11835,0.29,Active,09/21/26
11836,0.25,Inactive,09/21/26
11837,0.29,Active,09/21/26
11838,0.29,Active,09/21/26
11839,0.39,Inactive,09/21/26
11841,0.1,Active,09/21/26
11843,0.29,Inactive,09/21/26
11844,0.3,Active,09/21/26
11845,0.25,Active,09/21/26
11847,0.29,Inactive,09/21/26
11851,0.29,Active,09/21/26
11852,0.5,Active,09/21/26
11853,0.29,Active,09/21/26
11854,0.29,Active,09/21/26
11855,0.29,Active,09/21/26
11856,0.29,Inactive,09/21/26
11857,0.29,Inactive,09/21/26
11858,0.25,Active,09/21/26
11859,0.25,Active,09/21/26
11860,0.49,Active,09/21/26
11862,0.75,Active,09/21/26
11863,0.25,Active,09/21/26
11865,0.25,Inactive,09/21/26
11866,0.19,Inactive,09/21/26
11867,0.35,Active,09/21/26
11868,0.35,Active,09/21/26
11869,0.29,Active,09/21/26
11870,0.25,Active,09/21/26
11871,0.15,Active,09/21/26
11872,0.25,Active,09/21/26
11873,0.39,Active,09/21/26
11875,0.29,Active,09/21/26
11876,0.49,Active,09/21/26
11877,0.25,Active,09/21/26
11879,0.39,Inactive,09/21/26
11880,0.29,Active,09/21/26
11881,0.29,Inactive,09/21/26
11884,0.29,Active,09/21/26
11885,0.29,Active,09/21/26
11886,0.49,Active,09/21/26
11887,0.25,Active,09/21/26
11888,0.49,Active,09/21/26
11889,0.29,Active,09/21/26
11892,0.25,Inactive,09/21/26
11893,0.39,Active,09/21/26
11895,0.29,Active,09/21/26
11896,0.19,Active,09/21/26
11897,0.2,Active,09/21/26
11898,0.29,Active,09/21/26
11899,0.39,Active,09/21/26
11900,0.39,Active,09/21/26
11901,0.29,Active,09/21/26
11902,0.3,Inactive,09/21/26
11903,0.29,Active,09/21/26
11904,0.29,Active,09/21/26
11905,0.25,Active,09/21/26
11906,0.35,Inactive,09/21/26
11910,0.25,Inactive,09/21/26
11911,0.29,Active,09/21/26
11912,0.49,Inactive,09/21/26
11914,0.29,Inactive,09/21/26
11915,0.25,Active,09/21/26
11916,0.35,Inactive,09/21/26
11917,0,Active,09/21/26
11918,0.25,Active,09/21/26
11920,0.35,Active,09/21/26
11921,0.39,Active,09/21/26
11923,0.29,Active,09/21/26
11924,0.23,Active,09/21/26
11926,0.35,Inactive,09/21/26
11927,0.25,Active,09/21/26
11931,0.29,Active,09/21/26
11932,0.45,Active,09/21/26
11933,0.25,Active,09/21/26
11934,0.15,Active,09/21/26
11935,0.25,Active,09/21/26
11936,0.25,Inactive,09/21/26
11937,0.29,Inactive,09/21/26
11940,0,Active,09/21/26
11941,0.25,Active,09/21/26
11943,0.39,Inactive,09/21/26
11944,0.2,Active,09/21/26
11945,0.29,Active,09/21/26
11946,0.29,Active,09/21/26
11947,0.29,Inactive,09/21/26
11949,0.3,Active,09/21/26
11951,0.25,Inactive,09/21/26
11953,0.35,Active,09/21/26
11956,Not Priced,Inactive,
11957,0,Active,09/21/26
11958,0.29,Inactive,09/21/26
11960,0.35,Inactive,09/21/26
11961,0.75,Inactive,09/21/26
11962,0.29,Inactive,09/21/26
11963,0.25,Active,09/21/26
11964,0.29,Inactive,09/21/26
11965,0.39,Active,09/21/26
11966,0,Active,09/21/26
11967,0.3,Active,09/21/26
11968,0.49,Active,09/21/26
11969,0.29,Active,09/21/26
11970,0.25,Active,09/21/26
11971,0.2,Inactive,09/21/26
11972,0.29,Active,09/21/26
11973,0.4,Active,09/21/26
11974,0.29,Active,09/21/26
11975,0.29,Active,09/21/26
11976,0.29,Active,09/21/26
11978,0.29,Active,09/21/26
11979,0.39,Inactive,09/21/26
11980,0.25,Active,09/21/26
11982,0.59,Active,09/21/26
11983,0.29,Active,09/21/26
11984,0.29,Inactive,09/21/26
11986,0.29,Active,09/21/26
11988,0.25,Active,09/21/26
11989,0.25,Active,09/21/26
11994,0.5,Active,09/21/26
11995,0.25,Active,09/21/26
11996,0.29,Active,09/21/26
11998,0.29,Active,09/21/26
12000,0.4,Active,09/21/26
12001,0.29,Inactive,09/21/26
12002,0.29,Inactive,09/21/26
12004,0.45,Active,09/21/26
12005,0.35,Active,09/21/26
12008,0.2,Active,09/21/26
12009,0.29,Active,09/21/26
12010,0.29,Active,09/21/26
12011,0.29,Active,09/21/26
12012,0.39,Active,09/21/26
12014,0.3,Active,09/21/26
12017,0.29,Active,09/21/26
12018,0.25,Active,09/21/26
12019,0.49,Active,09/21/26
12020,0.59,Inactive,09/21/26
12022,0.29,Inactive,09/21/26
12023,0.25,Inactive,09/21/26
12024,0.25,Inactive,09/21/26
12025,Not Priced,Inactive,
12026,0.29,Inactive,09/21/26
12027,0.29,Inactive,09/21/26
12028,0.29,Active,09/21/26
12029,0.29,Active,09/21/26
12032,0.29,Inactive,09/21/26
12033,0.39,Inactive,09/21/26
12034,0,Inactive,09/21/26
12036,0.3,Active,09/21/26
12037,0.29,Active,09/21/26
12038,0.25,Active,09/21/26
12039,0.39,Inactive,09/21/26
12040,0,Active,09/21/26
12041,0.39,Inactive,09/21/26
12042,0.4,Inactive,09/21/26
12043,0.25,Inactive,09/21/26
12045,0.29,Inactive,09/21/26
12046,0.69,Active,09/21/26
12047,0.39,Active,09/21/26
12052,0.25,Active,09/21/26
12055,0.29,Inactive,09/21/26
12056,0.25,Inactive,09/21/26
12057,0.35,Active,09/21/26
12061,0.49,Active,09/21/26
12062,0.25,Active,09/21/26
12063,0,Active,09/21/26
12064,0.29,Inactive,09/21/26
12065,0.35,Active,09/21/26
12066,0.39,Inactive,09/21/26
12067,0.29,Inactive,09/21/26
12069,0.25,Active,09/21/26
12070,0.15,Active,09/21/26
12071,0.25,Active,09/21/26
12072,0.29,Active,09/21/26
12073,0.29,Active,09/21/26
12075,0.15,Active,09/21/26
12080,0.29,Inactive,09/21/26
12082,0.3,Active,09/21/26
12083,0.39,Active,09/21/26
12084,0.25,Active,09/21/26
12085,0.29,Active,09/21/26
12086,0.5,Inactive,09/21/26
12087,0.29,Inactive,09/21/26
12088,0.49,Active,09/21/26
12089,0.29,Active,09/21/26
12090,0.29,Active,09/21/26
12093,0.25,Inactive,09/21/26
12094,0.35,Inactive,09/21/26
12095,0.29,Active,09/21/26
12096,0.25,Inactive,09/21/26
12097,0.25,Active,09/21/26
12098,0.45,Active,09/21/26
12099,0.5,Inactive,09/21/26
12100,0.25,Active,09/21/26
12101,0.25,Active,09/21/26
12102,0.29,Active,09/21/26
12103,0.15,Inactive,09/21/26
12104,0.59,Active,09/21/26
12105,0.5,Active,09/21/26
12106,0.29,Active,09/21/26
12107,0.25,Active,09/21/26
12108,0.15,Active,09/21/26
12109,0,Active,09/21/26
12110,0.35,Active,09/21/26
12111,0.49,Inactive,09/21/26
12112,0.39,Active,09/21/26
12113,0.39,Active,09/21/26
12116,0.25,Active,09/21/26
12117,0.3,Active,09/21/26
12118,0.29,Active,09/21/26
12119,0.29,Active,09/21/26
12120,0.29,Inactive,09/21/26
12122,0.39,Active,09/21/26
12123,0.5,Active,09/21/26
12125,0.29,Active,09/21/26
12127,0.75,Active,09/21/26
12128,0.3,Inactive,09/21/26
12129,0.35,Active,09/21/26
12130,0.3,Active,09/21/26
12131,0.35,Inactive,09/21/26
12132,0.29,Active,09/21/26
12133,0.29,Active,09/21/26
12137,0.59,Active,09/21/26
12138,0.29,Inactive,09/21/26
12139,0.29,Inactive,09/21/26
12140,0.3,Active,09/21/26
12142,0.29,Inactive,09/21/26
12143,0.15,Inactive,09/21/26
12144,0.29,Active,09/21/26
12146,0.25,Active,09/21/26
12149,0.19,Inactive,09/21/26
12150,0.4,Active,09/21/26
12151,0.25,Active,09/21/26
12153,0.39,Active,09/21/26
12156,0.25,Active,09/21/26
12157,0.39,Inactive,09/21/26
12161,0.29,Active,09/21/26
12167,0.08,Active,09/21/26
12168,0.29,Active,09/21/26
12169,0.39,Active,09/21/26
12170,0.29,Active,09/21/26
12171,0.19,Active,09/21/26
12172,0.49,Active,09/21/26
12173,0.25,Inactive,09/21/26
12174,0.2,Active,09/21/26
12175,0.29,Inactive,09/21/26
12178,0.29,Active,09/21/26
12179,0.39,Inactive,09/21/26
12180,0.29,Active,09/21/26
12184,0.29,Active,09/21/26
12185,0.4,Active,09/21/26
12187,0.3,Inactive,09/21/26
12188,0.3,Active,09/21/26
12189,0.29,Inactive,09/21/26
12190,0.25,Active,09/21/26
12191,0.39,Inactive,09/21/26
12194,0.29,Inactive,09/21/26
12195,0.25,Inactive,09/21/26
12196,0.25,Active,09/21/26
12197,0.29,Inactive,09/21/26
12201,0.39,Active,09/21/26
12202,0.5,Inactive,09/21/26
12203,0.29,Active,09/21/26
12204,0.19,Active,09/21/26
12206,0.29,Active,09/21/26
12207,0.49,Inactive,09/21/26
12208,0.25,Active,09/21/26
12209,0.29,Active,09/21/26
12210,0.25,Inactive,09/21/26
12211,0.29,Active,09/21/26
12212,0.29,Inactive,09/21/26
12213,0,Active,09/21/26
12215,0.29,Active,09/21/26
12217,0.39,Active,09/21/26
12218,0.2,Active,09/21/26
12219,0.3,Inactive,09/21/26
12220,0.25,Active,09/21/26
12221,0.25,Active,09/21/26
12222,0.25,Inactive,09/21/26
12225,0.29,Active,09/21/26
12226,0.49,Active,09/21/26
12228,0.29,Active,09/21/26
12229,0.39,Active,09/21/26
12230,0.39,Active,09/21/26
12231,0.29,Active,09/21/26
12232,0.3,Inactive,09/21/26
12233,0.29,Active,09/21/26
12235,0.25,Active,09/21/26
12236,0,Active,09/21/26
12237,0.35,Inactive,09/21/26
12238,0.3,Active,09/21/26
12242,0.29,Active,09/21/26
12243,0.29,Active,09/21/26
12244,0.29,Active,09/21/26
12245,0.29,Inactive,09/21/26
12246,Not Priced,Inactive,09/21/26
12247,0.39,Active,09/21/26
12248,0.39,Active,09/21/26
12249,0.15,Inactive,09/21/26
12252,0.29,Active,09/21/26
12253,0.29,Active,09/21/26
12254,0.29,Active,09/21/26
12255,0.29,Active,09/21/26
12256,0.25,Inactive,09/21/26
12257,0.55,Active,09/21/26
12258,0.29,Active,09/21/26
12259,0.39,Inactive,09/21/26
12260,0.3,Active,09/21/26
12261,0.29,Active,09/21/26
12262,1,Active,09/21/26
12263,0.29,Inactive,09/21/26
12264,0.25,Inactive,09/21/26
12265,0.25,Inactive,09/21/26
12266,0.29,Inactive,09/21/26
12267,0.3,Active,09/21/26
12268,0.35,Inactive,09/21/26
12272,0.25,Active,09/21/26
12273,0.25,Active,09/21/26
12274,0.3,Active,09/21/26
12275,0.5,Inactive,09/21/26
12277,0.25,Active,09/21/26
12279,0.39,Active,09/21/26
12280,0.29,Active,09/21/26
12281,0.5,Active,09/21/26
12282,0.29,Active,09/21/26
12283,0.29,Inactive,09/21/26
12284,0.25,Active,09/21/26
12285,0.29,Active,09/21/26
12286,0.29,Active,09/21/26
12287,0.29,Active,09/21/26
12288,0.25,Active,09/21/26
12289,0.25,Inactive,09/21/26
12291,0.5,Inactive,09/21/26
12292,0.29,Active,09/21/26
12293,0.25,Active,09/21/26
12294,0.29,Active,09/21/26
12295,0.29,Inactive,09/21/26
12296,0.29,Inactive,09/21/26
12297,0.29,Active,09/21/26
12298,0.29,Active,09/21/26
12303,0.29,Inactive,09/21/26
12304,0.39,Inactive,09/21/26
12306,0.29,Active,09/21/26
12307,0.2,Inactive,09/21/26
12308,0.25,Active,09/21/26
12309,0.25,Active,09/21/26
12312,0.3,Active,09/21/26
12315,0.2,Active,09/21/26
12317,0.1,Active,09/21/26
12318,0.25,Active,09/21/26
12320,0.39,Active,09/21/26
12321,0.25,Inactive,09/21/26
12323,0.29,Active,09/21/26
12324,0.29,Active,09/21/26
12325,0.29,Active,09/21/26
12326,0.29,Active,09/21/26
12328,0.3,Active,09/21/26
12329,0.29,Active,09/21/26
12330,0.2,Active,09/21/26
12331,0.25,Active,09/21/26
12332,0.29,Active,09/21/26
12334,0.25,Active,09/21/26
12336,0.29,Active,09/21/26
12337,0.29,Active,09/21/26
12338,0.25,Active,09/21/26
12340,0.29,Inactive,09/21/26
12341,0.29,Inactive,09/21/26
12342,0.25,Active,09/21/26
12343,0,Active,09/21/26
12344,0.5,Inactive,09/21/26
12345,Not Priced,Inactive,
12346,0.29,Inactive,09/21/26
12347,0.29,Inactive,09/21/26
12348,0.4,Active,09/21/26
12350,0.25,Active,09/21/26
12352,0.25,Inactive,09/21/26
12353,0.39,Active,09/21/26
12354,0.29,Inactive,09/21/26
12355,0.49,Inactive,09/21/26
12356,0,Active,09/21/26
12357,0.39,Inactive,09/21/26
12358,0.3,Inactive,09/21/26
12359,0.25,Inactive,09/21/26
12360,0.29,Active,09/21/26
12361,0.45,Active,09/21/26
12363,0.25,Active,09/21/26
12365,0.5,Active,09/21/26
12366,0.39,Active,09/21/26
12367,0.4,Active,09/21/26
12368,0.4,Active,09/21/26
12369,0.25,Active,09/21/26
12370,0.29,Active,09/21/26
12373,0.29,Active,09/21/26
12375,0.29,Active,09/21/26
12376,0.19,Active,09/21/26
12382,0.29,Active,09/21/26
12383,0.29,Active,09/21/26
12384,0.29,Active,09/21/26
12386,0.35,Active,09/21/26
12390,0.29,Active,09/21/26
12391,0.29,Active,09/21/26
12393,0.75,Active,09/21/26
12394,0.25,Active,09/21/26
12395,0.29,Inactive,09/21/26
12396,0.2,Active,09/21/26
12397,0.29,Active,09/21/26
12401,0.15,Active,09/21/26
12402,0.59,Active,09/21/26
12403,0.29,Active,09/21/26
12404,0.29,Active,09/21/26
12405,0,Active,09/21/26
12407,0.39,Active,09/21/26
12408,0.29,Active,09/21/26
12409,0.19,Active,09/21/26
12411,0.29,Active,09/21/26
12413,0.29,Active,09/21/26
12414,0.2,Inactive,09/21/26
12415,0.3,Active,09/21/26
12419,0,Active,09/21/26
12420,0.25,Active,09/21/26
12421,0.29,Active,09/21/26
12423,0.25,Active,09/21/26
12426,0.25,Inactive,09/21/26
12429,0.29,Inactive,09/21/26
12430,0.29,Active,09/21/26
12436,0.25,Inactive,09/21/26
12437,0.3,Inactive,09/21/26
12439,0.29,Active,09/21/26
12440,0.5,Inactive,09/21/26
12442,0.39,Active,09/21/26
12449,0.29,Inactive,09/21/26
12452,0.25,Active,09/21/26
12453,0,Active,09/21/26
12455,0.29,Active,09/21/26
12458,0.15,Active,09/21/26
12459,0.19,Active,09/21/26
12461,0.17,Active,09/21/26
12463,0.29,Active,09/21/26
12464,0.39,Active,09/21/26
12465,0.29,Inactive,09/21/26
12466,0.29,Active,09/21/26
12470,0.25,Inactive,09/21/26
12479,0.19,Active,09/21/26
12488,0.29,Active,09/21/26
12490,0.25,Active,09/21/26
12493,0.29,Active,09/21/26
12494,0.19,Inactive,09/21/26
12495,0.3,Active,09/21/26
12500,0.29,Active,09/21/26
12501,0.69,Inactive,09/21/26
12502,0.25,Inactive,09/21/26
12504,0.25,Inactive,09/21/26
12506,0.59,Active,09/21/26
12507,0.25,Inactive,09/21/26
12512,0.29,Inactive,09/21/26
12513,0.39,Active,09/21/26
12514,0.25,Active,09/21/26
12515,0.3,Inactive,09/21/26
12517,0.59,Inactive,09/21/26
12519,0.29,Inactive,09/21/26
12520,0.35,Inactive,09/21/26
12522,0.15,Active,09/21/26
12523,0.25,Active,09/21/26
12524,0.25,Active,09/21/26
12525,0.29,Active,09/21/26
12530,0.25,Active,09/21/26
12531,0.5,Inactive,09/21/26
12532,0.25,Active,09/21/26
12533,0.25,Inactive,09/21/26
12536,0.39,Active,09/21/26
12537,0.5,Inactive,09/21/26
12538,0.25,Active,09/21/26
12539,0.29,Inactive,09/21/26
12543,0.29,Active,09/21/26
12544,0.39,Active,09/21/26
12552,0.29,Active,09/21/26
12554,0.3,Inactive,09/21/26
12558,0.39,Active,09/21/26
12561,0.29,Inactive,09/21/26
12562,0.29,Active,09/21/26
12563,0.3,Inactive,09/21/26
12565,0.29,Active,09/21/26
12566,0.29,Active,09/21/26
12567,0.35,Active,09/21/26
12568,0.3,Active,09/21/26
12569,0.39,Inactive,09/21/26
12571,0.15,Active,09/21/26
12572,0.29,Active,09/21/26
12574,0,Active,09/21/26
12575,0.15,Active,09/21/26
12576,0.29,Active,09/21/26
12580,0.39,Active,09/21/26
12583,0.35,Active,09/21/26
12595,0,Active,09/21/26
12597,0.29,Active,09/21/26
12604,0.29,Active,09/21/26
12608,0.3,Inactive,09/21/26
12609,0,Active,09/21/26
12611,0.25,Active,09/21/26
12612,0.25,Active,09/21/26
12613,0.29,Active,09/21/26
12614,0.29,Inactive,09/21/26
12617,Not Priced,Inactive,
12619,0,Active,09/21/26
12623,0.29,Active,09/21/26
12627,0.29,Active,09/21/26
12628,0.29,Active,09/21/26
12629,0.29,Active,09/21/26
12632,0.25,Active,09/21/26
12634,0.49,Inactive,09/21/26
12636,0.39,Active,09/21/26
12637,0.49,Inactive,09/21/26
12638,0.29,Inactive,09/21/26
12640,0.1,Active,09/21/26
12641,0.1,Active,09/21/26
12644,0.13,Active,09/21/26
12648,0.25,Active,09/21/26
12650,0.29,Active,09/21/26
12653,0.25,Active,09/21/26
12654,0.2,Active,09/21/26
12655,0.39,Active,09/21/26
12656,0.39,Active,09/21/26
12658,0.39,Active,09/21/26
12659,0.19,Active,09/21/26
12660,0.5,Active,09/21/26
12664,0.49,Inactive,09/21/26
12665,0.29,Active,09/21/26
12669,0.29,Inactive,09/21/26
12673,0,Active,09/21/26
12676,0.5,Inactive,09/21/26
12677,0.29,Inactive,09/21/26
12678,0.29,Active,09/21/26
12680,0.39,Inactive,09/21/26
12681,0.2,Active,09/21/26
12682,0.25,Active,09/21/26
12689,0.29,Active,09/21/26
12692,0.39,Inactive,09/21/26
12693,0.25,Active,09/21/26
12699,0.3,Active,09/21/26
12700,0.25,Inactive,09/21/26
12702,0.39,Inactive,09/21/26
12708,0.39,Inactive,09/21/26
12709,0.39,Active,09/21/26
12712,0.35,Active,09/21/26
12714,0.4,Active,09/21/26
12715,0.25,Inactive,09/21/26
12718,0.29,Active,09/21/26
12722,0.15,Inactive,09/21/26
12725,0.29,Active,09/21/26
12729,0.25,Active,09/21/26
12730,0.49,Inactive,09/21/26
12732,0.29,Inactive,09/21/26
12733,0.25,Active,09/21/26
12734,0.55,Active,09/21/26
12735,0.25,Active,09/21/26
12740,0.39,Active,09/21/26
12744,0.49,Active,09/21/26
12749,0.29,Inactive,09/21/26
12751,0,Inactive,09/21/26
12762,0.3,Active,09/21/26
12763,0.3,Inactive,09/21/26
12765,0.29,Active,09/21/26
12766,0.39,Active,09/21/26
12769,0.29,Inactive,09/21/26
12770,0.29,Inactive,09/21/26
12774,0.29,Inactive,09/21/26
12775,0.19,Active,09/21/26
12776,0.35,Active,09/21/26
12778,0.5,Active,09/21/26
12779,0.29,Active,09/21/26
12780,0.3,Active,09/21/26
12782,0.19,Active,09/21/26
12783,0.29,Active,09/21/26
12784,0,Active,09/21/26
12785,0.3,Active,09/21/26
12787,0,Active,09/21/26
12789,0.35,Inactive,09/21/26
12790,0.3,Inactive,09/21/26
12791,0.45,Active,09/21/26
12794,0.19,Active,09/21/26
12796,0.39,Inactive,09/21/26
12803,0.2,Inactive,09/21/26
12804,0.3,Active,09/21/26
12811,0.2,Active,09/21/26
12812,0.29,Active,09/21/26
12814,0.29,Active,09/21/26
12815,0.29,Active,09/21/26
12817,0.3,Active,09/21/26
12818,0.35,Active,09/21/26
12819,0.29,Inactive,09/21/26
12824,0.3,Active,09/21/26
12825,0,Inactive,09/21/26
12827,0.49,Active,09/21/26
12828,0.39,Active,09/21/26
12829,0.3,Active,09/21/26
12830,0.29,Active,09/21/26
12831,0.29,Active,09/21/26
12833,0.29,Active,09/21/26
12839,0.29,Inactive,09/21/26
12840,0.25,Inactive,09/21/26
12844,0.33,Inactive,09/21/26
12845,0.3,Active,09/21/26
12846,0.29,Active,09/21/26
12847,0.5,Active,09/21/26
12848,0,Active,09/21/26
12850,0.25,Active,09/21/26
12852,0.25,Active,09/21/26
12857,0.29,Inactive,09/21/26
12858,0.19,Active,09/21/26
12862,0.39,Active,09/21/26
12865,0.25,Active,09/21/26
12866,0.25,Active,09/21/26
12869,0.25,Active,09/21/26
12870,0.3,Active,09/21/26
12871,0.3,Active,09/21/26
12873,0.25,Active,09/21/26
12875,0.25,Inactive,09/21/26
12876,0.13,Active,09/21/26
12877,0.25,Active,09/21/26
12878,0.29,Active,09/21/26
12884,0.29,Active,09/21/26
12885,0.25,Active,09/21/26
12886,0.3,Active,09/21/26
12887,0.29,Active,09/21/26
12890,0.4,Active,09/21/26
12894,0.29,Active,09/21/26
12895,0.75,Active,09/21/26
12896,0.19,Inactive,09/21/26
12897,0.25,Inactive,09/21/26
12900,0.25,Active,09/21/26
12904,0.29,Active,09/21/26
12913,0.25,Active,09/21/26
12915,0.35,Active,09/21/26
12916,0.25,Active,09/21/26
12924,0.35,Active,09/21/26
12925,0.3,Inactive,09/21/26
12931,0.29,Inactive,09/21/26
12932,0.29,Active,09/21/26
12934,0.29,Active,09/21/26
12936,0.29,Inactive,09/21/26
12937,0.29,Inactive,09/21/26
12938,0.25,Active,09/21/26
12941,0.3,Active,09/21/26
12942,0.15,Active,09/21/26
12944,0.39,Active,09/21/26
12945,0.29,Active,09/21/26
12946,0.25,Active,09/21/26
12952,0.35,Active,09/21/26
12956,0.25,Active,09/21/26
12957,0.25,Active,09/21/26
12958,0.25,Active,09/21/26
12960,0.19,Active,09/21/26
12962,0.39,Active,09/21/26
12963,0.25,Inactive,09/21/26
12965,0.25,Active,09/21/26
12966,0.39,Active,09/21/26
12970,0.29,Inactive,09/21/26
12974,0.29,Active,09/21/26
12975,0.29,Active,09/21/26
12976,0.49,Inactive,09/21/26
12979,0.19,Active,09/21/26
12980,0.19,Active,09/21/26
12981,0.29,Active,09/21/26
12982,0.29,Active,09/21/26
12987,0.39,Active,09/21/26
12989,0.39,Active,09/21/26
12991,0.59,Inactive,09/21/26
12993,0.29,Inactive,09/21/26
13001,0.27,Inactive,09/21/26
13007,0.25,Active,09/21/26
13008,0.49,Active,09/21/26
13009,0.3,Active,09/21/26
13010,0.2,Active,09/21/26
13011,0.2,Active,09/21/26
13012,0.39,Active,09/21/26
13014,Not Priced,Inactive,
13015,0.35,Active,09/21/26
13021,0.59,Inactive,09/21/26
13027,0.25,Inactive,09/21/26
13034,0.29,Inactive,09/21/26
13035,0.39,Active,09/21/26
13036,0.39,Active,09/21/26
13037,0.25,Active,09/21/26
13038,Not Priced,Inactive,
13040,0.39,Active,09/21/26
13045,0.25,Active,09/21/26
13046,0.29,Inactive,09/21/26
13047,0.29,Inactive,09/21/26
13049,0.29,Active,09/21/26
13051,0.2,Inactive,09/21/26
13052,0.25,Inactive,09/21/26
13055,0.29,Active,09/21/26
13057,0.3,Inactive,09/21/26
13058,0.3,Active,09/21/26
13060,0.49,Active,09/21/26
13061,0.39,Active,09/21/26
13064,0.29,Active,09/21/26
13065,0.25,Active,09/21/26
13068,0.29,Active,09/21/26
13069,0.25,Active,09/21/26
13070,0.25,Inactive,09/21/26
13075,0.15,Active,09/21/26
13076,0.39,Active,09/21/26
13077,0.25,Active,09/21/26
13080,0.19,Active,09/21/26
13081,0.29,Active,09/21/26
13082,0.35,Active,09/21/26
13083,0.29,Active,09/21/26
13085,0.29,Active,09/21/26
13087,0.25,Active,09/21/26
13088,0.29,Active,09/21/26
13089,0.29,Inactive,09/21/26
13090,0.3,Inactive,09/21/26
13091,0.29,Active,09/21/26
13094,0.4,Active,09/21/26
13095,0.1,Active,09/21/26
13096,0.39,Active,09/21/26
13099,0.29,Active,09/21/26
13109,0.35,Active,09/21/26
13113,0.29,Active,09/21/26
13114,0.29,Active,09/21/26
13115,0.5,Active,09/21/26
13118,0.29,Inactive,09/21/26
13119,0.3,Active,09/21/26
13120,0.39,Active,09/21/26
13122,0.39,Inactive,09/21/26
13124,0.25,Inactive,09/21/26
13126,0.15,Active,09/21/26
13128,0.19,Active,09/21/26
13132,0.29,Active,09/21/26
13137,0.35,Active,09/21/26
13139,0.59,Inactive,09/21/26
13141,0.25,Inactive,09/21/26
13143,0.49,Active,09/21/26
13159,0.29,Inactive,09/21/26
13164,0.29,Active,09/21/26
13167,0.25,Active,09/21/26
13168,0.49,Active,09/21/26
13169,0.39,Active,09/21/26
13170,0.25,Active,09/21/26
13188,0.39,Active,09/21/26
13194,0.25,Active,09/21/26
13210,0.29,Inactive,09/21/26
13223,0.29,Active,09/21/26
13226,0.25,Active,09/21/26
13227,0.29,Active,09/21/26
13240,0.39,Active,09/21/26
13261,0.29,Active,09/21/26
13262,0.25,Active,09/21/26
13266,0.3,Active,09/21/26
13267,0.3,Inactive,09/21/26
13268,0.29,Active,09/21/26
13287,0.25,Active,09/21/26
13297,0.29,Active,09/21/26
13298,0.39,Active,09/21/26
13299,Not Priced,Inactive,
13300,0.29,Active,09/21/26
13303,0.3,Active,09/21/26
13304,0.3,Active,09/21/26
13307,0.29,Active,09/21/26
13311,0.5,Active,09/21/26
13315,0.29,Active,09/21/26
13318,0.2,Active,09/21/26
13319,0.29,Active,09/21/26
13323,0.29,Inactive,09/21/26
13324,0.39,Active,09/21/26
13326,0.49,Active,09/21/26
13328,0.1,Active,09/21/26
13329,0.25,Inactive,09/21/26
13334,0.29,Inactive,09/21/26
13336,0.29,Active,09/21/26
13337,0.1,Inactive,09/21/26
13347,0.29,Active,09/21/26
13348,0.35,Active,09/21/26
13350,0.29,Active,09/21/26
13352,0.29,Active,09/21/26
13353,0.29,Active,09/21/26
13354,0.39,Active,09/21/26
13355,0.3,Active,09/21/26
13356,0.29,Active,09/21/26
13361,0.29,Active,09/21/26
13362,0.39,Active,09/21/26
13363,0.39,Active,09/21/26
13364,0,Active,09/21/26
13365,0.49,Inactive,09/21/26
13366,0.69,Inactive,09/21/26
13369,0.59,Active,09/21/26
13371,0.25,Active,09/21/26
13372,0.4,Active,09/21/26
13373,0.1,Inactive,09/21/26
13374,0.49,Active,09/21/26
13375,0.69,Active,09/21/26
13376,0.2,Active,09/21/26
13378,0.3,Active,09/21/26
13379,0.25,Active,09/21/26
13380,0.25,Active,09/21/26
13381,0.25,Inactive,09/21/26
13382,0.39,Active,09/21/26
13383,0.39,Active,09/21/26
13390,0,Inactive,09/21/26
13394,0.49,Active,09/21/26
13401,0.55,Active,09/21/26
13403,0.29,Active,09/21/26
13405,0.29,Active,09/21/26
13406,0.59,Inactive,09/21/26
13408,0,Active,09/21/26
13410,0.39,Inactive,09/21/26
13414,0.3,Inactive,09/21/26
13416,0.39,Inactive,09/21/26
13418,0.35,Active,09/21/26
13421,0.25,Inactive,09/21/26
13440,0.29,Active,09/21/26
13441,0.29,Active,09/21/26
13442,0.29,Active,09/21/26
13445,0.15,Inactive,09/21/26
13446,0.29,Inactive,09/21/26
13447,0.5,Inactive,09/21/26
13448,0,Active,09/21/26
13457,0.29,Inactive,09/21/26
13461,0.29,Inactive,09/21/26
13463,0.39,Active,09/21/26
13464,0.39,Active,09/21/26
13468,0.29,Active,09/21/26
13469,0.3,Inactive,09/21/26
13470,0.15,Inactive,09/21/26
13471,0.25,Active,09/21/26
13477,0.29,Inactive,09/21/26
13480,0.39,Inactive,09/21/26
13485,0.4,Active,09/21/26
13488,0.29,Active,09/21/26
13489,0.39,Active,09/21/26
13495,0.39,Active,09/21/26
13496,0.25,Active,09/21/26
13501,0.25,Active,09/21/26
13503,0.29,Active,09/21/26
13504,0.3,Active,09/21/26
13508,0.59,Active,09/21/26
13510,0.25,Active,09/21/26
13512,0.25,Active,09/21/26
13513,0.29,Active,09/21/26
13514,0.39,Active,09/21/26
13515,0.29,Active,09/21/26
13526,0.39,Active,09/21/26
13527,0.29,Active,09/21/26
13535,0.29,Active,09/21/26
13536,0.25,Active,09/21/26
13537,0.29,Active,09/21/26
13538,0.49,Active,09/21/26
13539,0.29,Active,09/21/26
13543,0.39,Active,09/21/26
13555,0.29,Active,09/21/26
13556,0.25,Active,09/21/26
13557,0.25,Active,09/21/26
13562,0.29,Active,09/21/26
13563,0.3,Active,09/21/26
13565,0.25,Active,09/21/26
13567,0.25,Active,09/21/26
13568,0.39,Active,09/21/26
13569,0.4,Active,09/21/26
13570,0.4,Active,09/21/26
13573,0.4,Active,09/21/26
13574,0.29,Active,09/21/26
13583,0.25,Active,09/21/26
13589,0.15,Inactive,09/21/26
13590,0.3,Inactive,09/21/26
13592,0.29,Active,09/21/26
13593,0.3,Active,09/21/26
13594,0.19,Inactive,09/21/26
13595,0.39,Active,09/21/26
13600,0.39,Active,09/21/26
13601,0.19,Active,09/21/26
13603,0.29,Active,09/21/26
13604,0.59,Active,09/21/26
13605,0.2,Inactive,09/21/26
13606,0.25,Active,09/21/26
13607,0.29,Active,09/21/26
13608,0.29,Active,09/21/26
13609,0.25,Active,09/21/26
13611,0.5,Active,09/21/26
13617,0.39,Active,09/21/26
13619,0.39,Active,09/21/26
13620,0.29,Active,09/21/26
13622,0.25,Active,09/21/26
13623,0.3,Active,09/21/26
13627,0.25,Active,09/21/26
13630,0.25,Active,09/21/26
13636,0.5,Active,09/21/26
13637,0.15,Active,09/21/26
13638,0.29,Active,09/21/26
13639,0.29,Active,09/21/26
13640,0.25,Active,09/21/26
13642,0.29,Inactive,09/21/26
13643,0.29,Active,09/21/26
13645,0.39,Active,09/21/26
13648,0.29,Active,09/21/26
13649,0.49,Active,09/21/26
13650,0.29,Inactive,09/21/26
13651,0.29,Inactive,09/21/26
13652,0.35,Active,09/21/26
13653,0.29,Inactive,09/21/26
13654,0.25,Active,09/21/26
13656,0.59,Active,09/21/26
13658,0.49,Active,09/21/26
13659,0.49,Active,09/21/26
13660,0.49,Inactive,09/21/26
13663,0.49,Inactive,09/21/26
13667,0.25,Active,09/21/26
13668,0.4,Active,09/21/26
13669,0.29,Active,09/21/26
13670,0.29,Active,09/21/26
13675,0.25,Inactive,09/21/26
13677,0.39,Inactive,09/21/26
13681,0.29,Inactive,09/21/26
13684,0.29,Active,09/21/26
13685,0.29,Active,09/21/26
13686,0.35,Inactive,09/21/26
13689,0.29,Active,09/21/26
13692,0.59,Inactive,09/21/26
13695,0.2,Inactive,09/21/26
13696,0.25,Active,09/21/26
13697,0.3,Active,09/21/26
13702,0,Active,09/21/26
13703,0.19,Active,09/21/26
13704,0.25,Inactive,09/21/26
13705,0.39,Active,09/21/26
13706,0.25,Active,09/21/26
13710,0.3,Active,09/21/26
13711,0.29,Active,09/21/26
13713,0.25,Active,09/21/26
13722,0.29,Active,09/21/26
13723,0.25,Active,09/21/26
13725,0.25,Inactive,09/21/26
13726,0.29,Inactive,09/21/26
13727,0.29,Active,09/21/26
13733,0.25,Active,09/21/26
13735,0.29,Inactive,09/21/26
13736,0.29,Active,09/21/26
13737,0.29,Active,09/21/26
13738,0.1,Active,09/21/26
13742,0.29,Inactive,09/21/26
13743,0.29,Active,09/21/26
13744,0.15,Inactive,09/21/26
13745,0.29,Inactive,09/21/26
13748,0.29,Inactive,09/21/26
13749,0.4,Active,09/21/26
13750,0.15,Active,09/21/26
13751,0,Active,09/21/26
13752,0.25,Active,09/21/26
13754,0.29,Active,09/21/26
13755,0.25,Inactive,09/21/26
13756,0.35,Inactive,09/21/26
13758,0.49,Active,09/21/26
13759,0.25,Inactive,09/21/26
13762,0.39,Inactive,09/21/26
13764,0.29,Active,09/21/26
13765,0.29,Active,09/21/26
13769,0.35,Active,09/21/26
13772,0.19,Active,09/21/26
13776,0.29,Active,09/21/26
13777,0.29,Active,09/21/26
13778,0.35,Active,09/21/26
13781,0.29,Inactive,09/21/26
13783,0.29,Active,09/21/26
13784,0.2,Inactive,09/21/26
13785,0.29,Active,09/21/26
13787,0.29,Active,09/21/26
13788,0.3,Active,09/21/26
13805,0.25,Active,09/21/26
13812,0.25,Active,09/21/26
13813,0.25,Active,09/21/26
13816,0.29,Active,09/21/26
13821,0.29,Inactive,09/21/26
13822,0.25,Active,09/21/26
13823,0.25,Active,09/21/26
13824,0.39,Active,09/21/26
13825,0.29,Active,09/21/26
13827,0.23,Active,09/21/26
13829,0.25,Inactive,09/21/26
13832,0.29,Active,09/21/26
13834,0.29,Active,09/21/26
13835,0.15,Active,09/21/26
13836,0.23,Inactive,09/21/26
13837,0.29,Inactive,09/21/26
13841,0.49,Inactive,09/21/26
13842,0.39,Active,09/21/26
13845,0.29,Active,09/21/26
13847,0.25,Active,09/21/26
13848,0.25,Active,09/21/26
13849,0.25,Active,09/21/26
13853,0.25,Active,09/21/26
13854,0.35,Inactive,09/21/26
13859,0.5,Inactive,09/21/26
13860,0.29,Active,09/21/26
13862,0.25,Active,09/21/26
13864,0.25,Inactive,09/21/26
13870,0.29,Active,09/21/26
13872,0.15,Inactive,09/21/26
13875,0.29,Active,09/21/26
13877,0.3,Active,09/21/26
13880,0.19,Active,09/21/26
13885,0.39,Active,09/21/26
13886,0.29,Active,09/21/26
13887,0.25,Active,09/21/26
13891,0.29,Active,09/21/26
13894,0.29,Inactive,09/21/26
13896,0.25,Active,09/21/26
13897,0.15,Active,09/21/26
13898,0.39,Active,09/21/26
13899,0.39,Active,09/21/26
13900,0.39,Active,09/21/26
13902,Not Priced,Inactive,
13903,0.25,Active,09/21/26
13912,0.2,Active,09/21/26
13913,0.29,Active,09/21/26
13914,0.3,Inactive,09/21/26
13923,0.29,Active,09/21/26
13925,0.29,Active,09/21/26
13927,0.25,Active,09/21/26
13928,0.25,Active,09/21/26
13930,0.29,Active,09/21/26
13942,0.29,Active,09/21/26
13943,0.49,Active,09/21/26
13944,0.29,Inactive,09/21/26
13946,0.45,Active,09/21/26
13949,0,Active,09/21/26
13956,0.13,Active,09/21/26
13958,0.25,Inactive,09/21/26
13961,0.25,Inactive,09/21/26
13963,0.3,Active,09/21/26
13964,0.29,Inactive,09/21/26
13966,0.25,Inactive,09/21/26
13968,0.39,Active,09/21/26
13977,0.3,Active,09/21/26
13978,0.25,Active,09/21/26
13982,0.25,Inactive,09/21/26
13984,0.4,Active,09/21/26
13988,0.2,Active,09/21/26
13989,0.29,Inactive,09/21/26
13990,0.29,Active,09/21/26
13991,0.29,Active,09/21/26
14000,0.29,Active,09/21/26
14013,0.29,Active,09/21/26
14021,0.29,Inactive,09/21/26
14029,0.45,Active,09/21/26
14033,0.35,Active,09/21/26
14038,0.39,Inactive,09/21/26
14041,0.25,Active,09/21/26
14045,0.29,Active,09/21/26
14046,0.29,Inactive,09/21/26
14047,0.29,Active,09/21/26
14048,0.19,Inactive,09/21/26
14049,0.5,Inactive,09/21/26
14050,0.25,Active,09/21/26
14052,0.49,Active,09/21/26
14054,0.35,Inactive,09/21/26
14055,0.3,Active,09/21/26
14060,0.15,Inactive,09/21/26
14061,0.3,Active,09/21/26
14063,0.25,Inactive,09/21/26
14064,0.25,Active,09/21/26
14065,0.35,Inactive,09/21/26
14073,0,Active,09/21/26
14075,0.35,Active,09/21/26
14076,0.29,Active,09/21/26
14079,0,Active,09/21/26
14083,0.2,Active,09/21/26
14084,0,Inactive,09/21/26
14085,0,Inactive,09/21/26
14093,0.29,Inactive,09/21/26
14094,0.29,Active,09/21/26
14097,0.39,Inactive,09/21/26
14098,0.59,Inactive,09/21/26
14101,0.5,Active,09/21/26
14102,0.25,Active,09/21/26
14104,0.29,Active,09/21/26
14106,0.29,Inactive,09/21/26
14107,0,Inactive,09/21/26
14112,0.25,Inactive,09/21/26
14113,0,Active,09/21/26
14114,0.25,Inactive,09/21/26
14116,0.29,Active,09/21/26
14118,0.25,Inactive,09/21/26
14121,0.25,Active,09/21/26
14122,0.5,Active,09/21/26
14127,0.29,Inactive,09/21/26
14128,0.25,Active,09/21/26
14136,0.2,Inactive,09/21/26
14137,0.39,Active,09/21/26
14140,0.25,Active,09/21/26
14141,0.29,Active,09/21/26
14142,0.25,Active,09/21/26
14144,0.25,Inactive,09/21/26
14148,0.25,Active,09/21/26
14150,0.3,Active,09/21/26
14154,0.39,Active,09/21/26
14157,0.3,Active,09/21/26
14158,0.3,Active,09/21/26
14159,0.29,Active,09/21/26
14162,0.2,Inactive,09/21/26
14164,0.49,Inactive,09/21/26
14165,0.29,Inactive,09/21/26
14166,0.25,Active,09/21/26
14167,0.25,Active,09/21/26
14173,0.23,Active,09/21/26
14176,0.29,Active,09/21/26
14191,0.29,Active,09/21/26
14197,0.35,Active,09/21/26
14198,0.29,Active,09/21/26
14199,0.39,Inactive,09/21/26
14200,0.25,Active,09/21/26
14201,0.29,Active,09/21/26
14202,0.23,Active,09/21/26
14204,0.3,Active,09/21/26
14205,0,Active,09/21/26
14210,0.29,Active,09/21/26
14217,0.39,Active,09/21/26
14225,0.29,Inactive,09/21/26
14227,0,Active,09/21/26
14228,0.29,Active,09/21/26
14229,0.29,Active,09/21/26
14232,0.25,Active,09/21/26
14234,0.29,Active,09/21/26
14235,0.29,Active,09/21/26
14242,0.25,Inactive,09/21/26
14244,0.39,Active,09/21/26
14245,0.29,Active,09/21/26
14251,0.29,Active,09/21/26
14252,Not Priced,Inactive,
14257,0.29,Active,09/21/26
14266,0.29,Inactive,09/21/26
14267,0.25,Inactive,09/21/26
14269,0.5,Active,09/21/26
14270,0.29,Active,09/21/26
14276,0.29,Active,09/21/26
14278,0.29,Active,09/21/26
14279,0.29,Active,09/21/26
14280,0.25,Active,09/21/26
14281,0.29,Active,09/21/26
14283,0.29,Active,09/21/26
14285,0.29,Active,09/21/26
14287,0.25,Active,09/21/26
14290,0.4,Active,09/21/26
14292,0.3,Active,09/21/26
14293,0.29,Active,09/21/26
14294,0.3,Active,09/21/26
14295,0.25,Active,09/21/26
14296,0.29,Active,09/21/26
14303,0.25,Inactive,09/21/26
14307,0.25,Inactive,09/21/26
14309,0.25,Active,09/21/26
14314,0.29,Active,09/21/26
14318,0.29,Active,09/21/26
14320,0.15,Active,09/21/26
14322,0.39,Active,09/21/26
14323,0.29,Inactive,09/21/26
14324,0.3,Active,09/21/26
14325,0.29,Active,09/21/26
14328,0.39,Active,09/21/26
14330,0.25,Inactive,09/21/26
14334,0.25,Inactive,09/21/26
14336,0.25,Active,09/21/26
14338,0.29,Active,09/21/26
14339,0.75,Inactive,09/21/26
14340,0.2,Inactive,09/21/26
14341,0.29,Active,09/21/26
14342,0.75,Active,09/21/26
14349,0.29,Active,09/21/26
14351,0.39,Inactive,09/21/26
14356,0.29,Active,09/21/26
14359,0.29,Active,09/21/26
14362,0.19,Inactive,09/21/26
14363,0.19,Active,09/21/26
14369,0.39,Active,09/21/26
14370,0.29,Active,09/21/26
14372,0.49,Inactive,09/21/26
14377,0.39,Active,09/21/26
14380,0.29,Inactive,09/21/26
14384,0.25,Inactive,09/21/26
14385,0.25,Inactive,09/21/26
14396,0.39,Active,09/21/26
14401,0.1,Inactive,09/21/26
14402,0.49,Inactive,09/21/26
14403,0.29,Active,09/21/26
14406,0.29,Active,09/21/26
14409,0.25,Active,09/21/26
14416,0.15,Active,09/21/26
14417,0,Inactive,09/21/26
14419,0.39,Active,09/21/26
14421,0.25,Active,09/21/26
14424,0.3,Active,09/21/26
14428,0.39,Active,09/21/26
14430,0.29,Active,09/21/26
14434,0.49,Active,09/21/26
14437,0.3,Inactive,09/21/26
14438,0.2,Inactive,09/21/26
14439,0.25,Active,09/21/26
14440,0.29,Active,09/21/26
14441,0.29,Active,09/21/26
14442,0.39,Active,09/21/26
14444,0.25,Inactive,09/21/26
14445,0.29,Active,09/21/26
14446,0.29,Active,09/21/26
14447,0.69,Active,09/21/26
14448,0.25,Inactive,09/21/26
14451,0.29,Active,09/21/26
14461,0.29,Inactive,09/21/26
14464,0.39,Inactive,09/21/26
14468,0.25,Inactive,09/21/26
14470,0.25,Active,09/21/26
14473,0.39,Active,09/21/26
14481,0.3,Active,09/21/26
14484,0.3,Active,09/21/26
14485,0.1,Inactive,09/21/26
14489,0.3,Active,09/21/26
14490,0.29,Active,09/21/26
14491,0.29,Active,09/21/26
14492,0.29,Active,09/21/26
14493,0.29,Inactive,09/21/26
14497,0.25,Inactive,09/21/26
14499,0.29,Active,09/21/26
14500,0.25,Inactive,09/21/26
14507,0.1,Active,09/21/26
14514,0.1,Active,09/21/26
14516,0.29,Active,09/21/26
14518,0.39,Inactive,09/21/26
14520,0.25,Inactive,09/21/26
14527,0.25,Active,09/21/26
14528,0.49,Active,09/21/26
14529,0.29,Active,09/21/26
14530,0.15,Active,09/21/26
14531,0.5,Active,09/21/26
14536,0.39,Active,09/21/26
14537,0.25,Active,09/21/26
14541,0.39,Active,09/21/26
14543,0.29,Active,09/21/26
14547,0.39,Active,09/21/26
14550,0.25,Inactive,09/21/26
14553,0.3,Active,09/21/26
14554,0.25,Inactive,09/21/26
14556,0.25,Active,09/21/26
14557,0.3,Inactive,09/21/26
14558,0.19,Active,09/21/26
14561,0,Active,09/21/26
14562,0.39,Active,09/21/26
14566,0.25,Inactive,09/21/26
14575,0.3,Inactive,09/21/26
14581,0.29,Active,09/21/26
14584,0.39,Active,09/21/26
14587,Not Priced,Inactive,
14591,0.29,Active,09/21/26
14592,0.3,Active,09/21/26
14593,0.3,Inactive,09/21/26
14595,0.29,Active,09/21/26
14616,0.29,Active,09/21/26
14630,0.39,Active,09/21/26
14635,0.25,Inactive,09/21/26
14636,0.25,Active,09/21/26
14638,0.29,Active,09/21/26
14641,0.29,Inactive,09/21/26
14642,0.15,Active,09/21/26
14644,0.5,Active,09/21/26
14645,0.49,Active,09/21/26
14646,0.13,Active,09/21/26
14647,0.25,Active,09/21/26
14664,0.39,Active,09/21/26
14665,0.29,Active,09/21/26
14668,0.35,Inactive,09/21/26
14670,0.29,Active,09/21/26
14673,0.39,Active,09/21/26
14679,0.39,Active,09/21/26
14680,0.25,Inactive,09/21/26
14681,0.3,Active,09/21/26
14685,0.29,Inactive,09/21/26
14687,0.39,Active,09/21/26
14696,0.5,Active,09/21/26
14697,0.6,Active,09/21/26
14699,0.5,Active,09/21/26
14701,0,Active,09/21/26
14702,0.29,Active,09/21/26
14708,0.29,Inactive,09/21/26
14719,0.39,Inactive,09/21/26
14721,0.29,Active,09/21/26
14723,0.29,Active,09/21/26
14726,0.59,Active,09/21/26
14727,0.29,Active,09/21/26
14729,0.59,Active,09/21/26
14730,0.29,Active,09/21/26
14733,0.3,Active,09/21/26
14734,0.29,Active,09/21/26
14735,0.29,Active,09/21/26
14736,0.29,Inactive,09/21/26
14737,0.25,Inactive,09/21/26
14738,0.29,Inactive,09/21/26
14748,0.15,Active,09/21/26
14749,0.3,Active,09/21/26
14767,0.19,Inactive,09/21/26
14768,0.25,Active,09/21/26
14774,0.29,Active,09/21/26
14777,0.29,Inactive,09/21/26
14779,0.39,Active,09/21/26
14780,0.29,Inactive,09/21/26
14782,0.29,Active,09/21/26
14783,0.25,Active,09/21/26
14806,0.29,Active,09/21/26
14807,0.39,Active,09/21/26
14809,0.29,Inactive,09/21/26
14816,0.25,Active,09/21/26
14822,Not Priced,Inactive,
14843,0.29,Active,09/21/26
14888,0.25,Inactive,09/21/26
14896,0.29,Inactive,09/21/26
14901,0.3,Active,09/21/26
14904,0.25,Active,09/21/26
14933,0.2,Active,09/21/26
14936,0.29,Inactive,09/21/26
14940,0.25,Active,09/21/26
14951,0.3,Active,09/21/26
14952,0.5,Inactive,09/21/26
14956,0.3,Active,09/21/26
14957,0.29,Active,09/21/26
14958,0.29,Inactive,09/21/26
14960,0.29,Active,09/21/26
14961,0.75,Active,09/21/26
14963,0.25,Inactive,09/21/26
14966,0.29,Active,09/21/26
14971,0.25,Inactive,09/21/26
14973,0.29,Active,09/21/26
14975,0.2,Inactive,09/21/26
14976,0.25,Active,09/21/26
14988,0.29,Active,09/21/26
14992,0.29,Inactive,09/21/26
14997,0.29,Active,09/21/26
15009,0.29,Inactive,09/21/26
15023,0.29,Active,09/21/26
15034,0.25,Active,09/21/26
15036,0.24,Active,09/21/26
15038,0.29,Active,09/21/26
15039,0.25,Active,09/21/26
15040,0.5,Active,09/21/26
15041,0.29,Inactive,09/21/26
15046,0.15,Active,09/21/26
15055,0.29,Inactive,09/21/26
15069,0.25,Active,09/21/26
15078,0.39,Active,09/21/26
15080,0.3,Active,09/21/26
15090,0.29,Inactive,09/21/26
15101,0.29,Active,09/21/26
15105,0.25,Inactive,09/21/26
15109,0.39,Active,09/21/26
15113,0.25,Active,09/21/26
15124,0.49,Inactive,09/21/26
15130,0.29,Inactive,09/21/26
15140,0.3,Inactive,09/21/26
15142,0.25,Active,09/21/26
15144,0.2,Inactive,09/21/26
15146,0.29,Active,09/21/26
15151,0.29,Active,09/21/26
15152,0.39,Active,09/21/26
15153,0.29,Active,09/21/26
15154,0,Active,09/21/26
15156,0.25,Active,09/21/26
15170,0.29,Active,09/21/26
15173,0.25,Active,09/21/26
15190,Not Priced,Inactive,
15197,0.25,Inactive,09/21/26
15198,0.35,Active,09/21/26
15201,0,Active,09/21/26
15207,0.29,Active,09/21/26
15212,0.15,Active,09/21/26
15227,0.29,Active,09/21/26
15229,0.25,Active,09/21/26
15230,0.29,Active,09/21/26
15232,0.29,Active,09/21/26
15236,0.29,Inactive,09/21/26
15237,0.29,Active,09/21/26
15241,0.25,Active,09/21/26
15244,0.29,Active,09/21/26
15250,0.25,Active,09/21/26
15267,0.29,Inactive,09/21/26
15268,0.29,Active,09/21/26
15269,0.59,Active,09/21/26
15272,0.39,Inactive,09/21/26
15273,0.59,Active,09/21/26
15274,0.29,Active,09/21/26
15277,0.29,Active,09/21/26
15278,0.29,Active,09/21/26
15279,0.29,Active,09/21/26
15280,0.3,Active,09/21/26
15284,0.29,Active,09/21/26
15287,0.29,Inactive,09/21/26
15288,0.25,Active,09/21/26
15291,0.29,Inactive,09/21/26
15292,0.25,Inactive,09/21/26
15295,0.25,Active,09/21/26
15297,0.29,Inactive,09/21/26
15299,0.39,Active,09/21/26
15302,0.29,Active,09/21/26
15304,0,Active,09/21/26
15309,0.45,Active,09/21/26
15315,0.29,Active,09/21/26
15316,0.3,Active,09/21/26
15317,0.29,Active,09/21/26
15319,0.2,Active,09/21/26
15322,0.25,Active,09/21/26
15329,0.29,Inactive,09/21/26
15332,0.29,Inactive,09/21/26
15338,0.2,Inactive,09/21/26
15345,0.25,Active,09/21/26
15347,0.39,Active,09/21/26
15348,0.49,Inactive,09/21/26
15350,0.3,Active,09/21/26
15359,0.25,Active,09/21/26
15360,0.29,Active,09/21/26
15361,0.29,Inactive,09/21/26
15363,0.35,Inactive,09/21/26
15364,0.39,Active,09/21/26
15365,0.29,Active,09/21/26
15367,0.25,Active,09/21/26
15375,0.35,Active,09/21/26
15394,0.3,Active,09/21/26
15395,0.29,Active,09/21/26
15396,0.29,Active,09/21/26
15397,0.29,Active,09/21/26
15411,0.29,Active,09/21/26
15417,0.59,Active,09/21/26
15429,0.5,Active,09/21/26
15432,0.25,Active,09/21/26
15433,0.29,Active,09/21/26
15434,0.15,Inactive,09/21/26
15436,0.49,Active,09/21/26
15440,0.29,Active,09/21/26
15445,0.3,Active,09/21/26
15446,0,Inactive,09/21/26
15447,0.29,Active,09/21/26
15449,0.3,Active,09/21/26
15464,0.29,Active,09/21/26
15467,0.25,Active,09/21/26
15469,0.29,Inactive,09/21/26
15470,0.3,Inactive,09/21/26
15472,0.29,Active,09/21/26
15482,0.45,Active,09/21/26
15484,0.3,Active,09/21/26
15497,0.39,Active,09/21/26
15511,0.29,Active,09/21/26
15516,0.39,Active,09/21/26
15517,0.29,Active,09/21/26
15518,0.5,Inactive,09/21/26
15522,0.19,Active,09/21/26
15527,0.3,Active,09/21/26
15539,Not Priced,Inactive,
15545,0.59,Inactive,09/21/26
15546,0.29,Inactive,09/21/26
15556,0.39,Inactive,09/21/26
15561,0.29,Active,09/21/26
15566,0.29,Active,09/21/26
15567,0.29,Active,09/21/26
15568,0.75,Active,09/21/26
15569,0.39,Active,09/21/26
15571,0.25,Active,09/21/26
15582,0.29,Active,09/21/26
15593,0.55,Active,09/21/26
15594,0.25,Active,09/21/26
15600,0.29,Inactive,09/21/26
15606,0.25,Active,09/21/26
15628,0.3,Active,09/21/26
15629,0.29,Active,09/21/26
15630,0.14,Active,09/21/26
15631,0.3,Inactive,09/21/26
15633,0.29,Inactive,09/21/26
15634,0.29,Inactive,09/21/26
15635,0.29,Active,09/21/26
15636,0.39,Inactive,09/21/26
15655,0.25,Active,09/21/26
15660,0.29,Inactive,09/21/26
15661,0.19,Inactive,09/21/26
15662,0.6,Inactive,09/21/26
15672,0.25,Active,09/21/26
15673,0.25,Inactive,09/21/26
15674,0.25,Active,09/21/26
15686,0.25,Inactive,09/21/26
15688,0.23,Inactive,09/21/26
15701,0.29,Inactive,09/21/26
15705,0.29,Active,09/21/26
15710,0.23,Active,09/21/26
15712,0.25,Active,09/21/26
15714,0.29,Inactive,09/21/26
15715,0.29,Active,09/21/26
15717,0.75,Active,09/21/26
15719,0.19,Active,09/21/26
15721,0.25,Active,09/21/26
15722,0.25,Active,09/21/26
15723,0.29,Inactive,09/21/26
15732,0.3,Active,09/21/26
15735,0.25,Active,09/21/26
15737,0.29,Inactive,09/21/26
15743,0.59,Active,09/21/26
15746,0.29,Inactive,09/21/26
15747,0.25,Inactive,09/21/26
15748,0.25,Active,09/21/26
15749,0.39,Active,09/21/26
15755,0.35,Active,09/21/26
15756,0.35,Active,09/21/26
15757,0.39,Active,09/21/26
15760,0.29,Active,09/21/26
15761,0.35,Active,09/21/26
15763,0.25,Active,09/21/26
15765,0.29,Inactive,09/21/26
15766,0.29,Active,09/21/26
15767,0.5,Inactive,09/21/26
15774,0.25,Inactive,09/21/26
15775,0.19,Active,09/21/26
15778,0,Active,09/21/26
15788,0.25,Inactive,09/21/26
15795,0,Inactive,09/21/26
15803,0.39,Active,09/21/26
15804,0.25,Inactive,09/21/26
15806,0.29,Active,09/21/26
15807,0.39,Active,09/21/26
15809,0.29,Inactive,09/21/26
15822,0.49,Active,09/21/26
15832,0.29,Active,09/21/26
15834,0.29,Active,09/21/26
15836,0.29,Active,09/21/26
15839,0.54,Inactive,09/21/26
15840,0.29,Inactive,09/21/26
15841,0.25,Inactive,09/21/26
15843,0.29,Active,09/21/26
15844,0.25,Active,09/21/26
15846,0.29,Inactive,09/21/26
15847,0.39,Inactive,09/21/26
15858,0.39,Inactive,09/21/26
15862,0.25,Active,09/21/26
15864,0.49,Active,09/21/26
15865,0.29,Active,09/21/26
15868,0.39,Active,09/21/26
15870,0.59,Inactive,09/21/26
15871,0.3,Active,09/21/26
15872,0.5,Active,09/21/26
15874,0.29,Active,09/21/26
15875,0.25,Inactive,09/21/26
15879,0.3,Inactive,09/21/26
15887,0.19,Inactive,09/21/26
15889,0.29,Active,09/21/26
15894,0.25,Active,09/21/26
15912,0.29,Active,09/21/26
15916,0.29,Active,09/21/26
15918,0.29,Active,09/21/26
15921,0.25,Inactive,09/21/26
15926,0,Inactive,09/21/26
15930,0.25,Active,09/21/26
15931,0.25,Active,09/21/26
15934,0.25,Active,09/21/26
15948,0,Active,09/21/26
15951,0.25,Inactive,09/21/26
15954,0.29,Active,09/21/26
15955,0.29,Active,09/21/26
15960,0.39,Active,09/21/26
15961,0.39,Active,09/21/26
15962,0.2,Active,09/21/26
15967,0.39,Active,09/21/26
15970,0.3,Inactive,09/21/26
15971,0.6,Active,09/21/26
15972,0.29,Inactive,09/21/26
15973,0.29,Active,09/21/26
15979,0.49,Active,09/21/26
15988,0.25,Active,09/21/26
15989,0.29,Active,09/21/26
15990,0.29,Active,09/21/26
15995,0.39,Active,09/21/26
15996,0.25,Inactive,09/21/26
15999,0.25,Active,09/21/26
16001,0.29,Active,09/21/26
16002,0.39,Inactive,09/21/26
16003,0,Active,09/21/26
16007,0.25,Inactive,09/21/26
16012,0.15,Inactive,09/21/26
16013,0.39,Active,09/21/26
16040,0.39,Active,09/21/26
16042,0.3,Active,09/21/26
16045,0.25,Active,09/21/26
16046,0.19,Inactive,09/21/26
16047,0.25,Inactive,09/21/26
16054,0.35,Active,09/21/26
16055,0.25,Inactive,09/21/26
16071,0.25,Active,09/21/26
16072,0.3,Inactive,09/21/26
16073,0.3,Active,09/21/26
16074,0.25,Active,09/21/26
16085,0.45,Active,09/21/26
16089,0.23,Active,09/21/26
16090,0.39,Inactive,09/21/26
16092,0.29,Active,09/21/26
16106,0.29,Active,09/21/26
16112,0.5,Active,09/21/26
16113,0.25,Active,09/21/26
16117,0.25,Inactive,09/21/26
16118,0.25,Inactive,09/21/26
16119,0.2,Active,09/21/26
16133,0.25,Active,09/21/26
16134,0.39,Active,09/21/26
16136,0.29,Active,09/21/26
16139,0.29,Inactive,09/21/26
16140,0.39,Active,09/21/26
16147,0.29,Active,09/21/26
16151,0.25,Inactive,09/21/26
16154,0.49,Active,09/21/26
16157,0.3,Active,09/21/26
16158,0.3,Active,09/21/26
16163,0,Active,09/21/26
16174,0.25,Active,09/21/26
16196,0.39,Active,09/21/26
16198,0.29,Active,09/21/26
16200,0.29,Inactive,09/21/26
16209,0.19,Inactive,09/21/26
16217,0.25,Inactive,09/21/26
16224,0.25,Active,09/21/26
16225,0.39,Inactive,09/21/26
16226,0.29,Inactive,09/21/26
16238,0.25,Active,09/21/26
16239,0.59,Active,09/21/26
16243,0.25,Inactive,09/21/26
16244,0.29,Inactive,09/21/26
16246,0.19,Active,09/21/26
16255,0.29,Inactive,09/21/26
16260,0.25,Active,09/21/26
16261,0.25,Active,09/21/26
16270,0.25,Inactive,09/21/26
16274,0.29,Active,09/21/26
16276,0.29,Inactive,09/21/26
16277,0.29,Active,09/21/26
16280,0.39,Active,09/21/26
16281,0.29,Active,09/21/26
16283,0.29,Active,09/21/26
16288,0.25,Active,09/21/26
16294,0.6,Active,09/21/26
16305,0.25,Inactive,09/21/26
16312,0.39,Active,09/21/26
16313,0.25,Active,09/21/26
16316,0.25,Inactive,09/21/26
16317,0.49,Active,09/21/26
16318,0.29,Active,09/21/26
16324,0.29,Active,09/21/26
16326,0.25,Active,09/21/26
16327,0.35,Inactive,09/21/26
16328,0.1,Active,09/21/26
16329,0.29,Active,09/21/26
16330,0.1,Active,09/21/26
16331,0.25,Active,09/21/26
16332,0.25,Active,09/21/26
16354,0.25,Active,09/21/26
16357,0.3,Active,09/21/26
16370,0.39,Inactive,09/21/26
16372,0.29,Active,09/21/26
16373,0.29,Inactive,09/21/26
16375,0.3,Active,09/21/26
16379,0.25,Inactive,09/21/26
16383,0.79,Active,09/21/26
16396,0.29,Active,09/21/26
16397,0.3,Active,09/21/26
16406,0.59,Inactive,09/21/26
16407,0,Inactive,09/21/26
16425,0.15,Active,09/21/26
16426,0.25,Active,09/21/26
16432,0.25,Inactive,09/21/26
16433,0.29,Active,09/21/26
16440,0.4,Active,09/21/26
16449,0.15,Inactive,09/21/26
16461,0.25,Inactive,09/21/26
16473,0.3,Active,09/21/26
16489,0.29,Active,09/21/26
16491,0.19,Active,09/21/26
16495,0.25,Inactive,09/21/26
16500,0.49,Inactive,09/21/26
16503,0.25,Active,09/21/26
16504,0,Active,09/21/26
16516,Not Priced,Inactive,
16541,0.29,Active,09/21/26
16552,0.25,Active,09/21/26
16555,0.25,Active,09/21/26
16556,0.29,Active,09/21/26
16565,0.3,Active,09/21/26
16566,0.29,Inactive,09/21/26
16569,0.29,Active,09/21/26
16571,0.25,Active,09/21/26
16575,0.29,Active,09/21/26
16581,0.49,Inactive,09/21/26
16587,0.5,Inactive,09/21/26
16588,0.29,Active,09/21/26
16594,0.29,Inactive,09/21/26
16599,0.29,Active,09/21/26
16603,0.3,Active,09/21/26
16605,0.15,Active,09/21/26
16606,0.25,Active,09/21/26
16608,0.29,Inactive,09/21/26
16610,0.29,Active,09/21/26
16633,0.1,Active,09/21/26
16634,0.15,Active,09/21/26
16646,0.29,Active,09/21/26
16660,0.3,Inactive,09/21/26
16661,0.29,Active,09/21/26
16664,0.29,Active,09/21/26
16666,0.35,Active,09/21/26
16669,0.39,Active,09/21/26
16674,0.29,Inactive,09/21/26
16692,0.29,Active,09/21/26
16696,0.2,Inactive,09/21/26
16724,0.29,Active,09/21/26
16729,0.29,Inactive,09/21/26
16733,0.35,Inactive,09/21/26
16734,0.25,Inactive,09/21/26
16736,0.29,Active,09/21/26
16740,0.25,Active,09/21/26
16743,0.29,Inactive,09/21/26
16753,0.29,Active,09/21/26
16759,0.5,Active,09/21/26
16765,0.25,Inactive,09/21/26
16776,0.25,Active,09/21/26
16780,0.25,Active,09/21/26
16781,0.29,Inactive,09/21/26
16794,0.29,Active,09/21/26
16795,0.29,Active,09/21/26
16808,0.29,Active,09/21/26
16818,0.25,Active,09/21/26
16826,0.59,Active,09/21/26
16827,0.25,Active,09/21/26
16829,0.25,Active,09/21/26
16832,0.25,Active,09/21/26
16833,0.29,Active,09/21/26
16834,0.45,Active,09/21/26
16835,0.29,Active,09/21/26
16836,0.39,Active,09/21/26
16840,0.29,Active,09/21/26
16841,0.25,Active,09/21/26
16842,0.25,Inactive,09/21/26
16848,0.25,Inactive,09/21/26
16849,0.49,Active,09/21/26
16850,0.15,Active,09/21/26
16852,0.29,Active,09/21/26
16864,0.25,Active,09/21/26
16865,0.25,Active,09/21/26
16866,0.4,Active,09/21/26
16867,0.29,Inactive,09/21/26
16875,0.29,Inactive,09/21/26
16882,0.5,Active,09/21/26
16884,0.35,Inactive,09/21/26
16886,0.29,Active,09/21/26
16889,0.25,Active,09/21/26
16897,0.25,Active,09/21/26
16899,0.25,Active,09/21/26
16905,0.25,Inactive,09/21/26
16906,0.39,Inactive,09/21/26
16907,0.39,Active,09/21/26
16909,0.23,Active,09/21/26
16910,0.3,Active,09/21/26
16917,0.39,Active,09/21/26
16918,0.3,Active,09/21/26
16923,0.35,Active,09/21/26
16928,0.29,Active,09/21/26
16929,0.49,Inactive,09/21/26
16932,0.25,Inactive,09/21/26
16935,0.4,Active,09/21/26
16936,0.29,Active,09/21/26
16937,0,Active,09/21/26
16953,0.4,Active,09/21/26
16979,0.29,Active,09/21/26
16980,0,Active,09/21/26
16983,0.25,Active,09/21/26
16996,0.29,Inactive,09/21/26
16997,0.3,Inactive,09/21/26
17001,0.39,Active,09/21/26
17005,0.19,Inactive,09/21/26
17007,0.49,Active,09/21/26
17009,0.25,Active,09/21/26
17010,0.59,Inactive,09/21/26
17014,0.3,Active,09/21/26
17021,0.29,Inactive,09/21/26
17022,0.3,Active,09/21/26
17024,0.29,Inactive,09/21/26
17040,0.15,Active,09/21/26
17041,0.29,Inactive,09/21/26
17047,0.39,Inactive,09/21/26
17071,0.29,Active,09/21/26
17080,0.45,Inactive,09/21/26
17082,0.25,Active,09/21/26
17084,0.29,Active,09/21/26
17085,0.29,Inactive,09/21/26
17087,0.2,Active,09/21/26
17089,0.49,Active,09/21/26
17101,0.19,Active,09/21/26
17103,0.25,Inactive,09/21/26
17104,0.25,Active,09/21/26
17107,0.3,Active,09/21/26
17108,0.29,Active,09/21/26
17109,0.1,Active,09/21/26
17110,0.25,Active,09/21/26
17114,0.4,Inactive,09/21/26
17115,0.25,Active,09/21/26
17125,0.29,Active,09/21/26
17138,0.25,Active,09/21/26
17140,0.25,Inactive,09/21/26
17143,0.25,Active,09/21/26
17147,0.15,Inactive,09/21/26
17149,0.59,Active,09/21/26
17157,0.49,Active,09/21/26
17160,0.3,Active,09/21/26
17166,0.35,Inactive,09/21/26
17170,0.29,Active,09/21/26
17175,0.29,Inactive,09/21/26
17185,0.29,Inactive,09/21/26
17189,0.29,Inactive,09/21/26
17191,0,Active,09/21/26
17193,0.29,Active,09/21/26
17194,0.29,Active,09/21/26
17198,0.5,Inactive,09/21/26
17199,0.5,Inactive,09/21/26
17213,0.5,Active,09/21/26
17214,0.29,Active,09/21/26
17216,0.29,Active,09/21/26
17223,0.49,Active,09/21/26
17224,0.29,Active,09/21/26
17226,0.29,Active,09/21/26
17227,0.25,Inactive,09/21/26
17228,0.29,Active,09/21/26
17232,0.29,Active,09/21/26
17236,0.19,Inactive,09/21/26
17239,0.4,Active,09/21/26
17240,0.29,Active,09/21/26
17248,Not Priced,Inactive,
17249,0.29,Active,09/21/26
17250,0.59,Active,09/21/26
17262,0.25,Active,09/21/26
17263,0.6,Active,09/21/26
17266,0.59,Active,09/21/26
17271,Not Priced,Inactive,
17274,0.39,Inactive,09/21/26
17275,0.39,Inactive,09/21/26
17276,0.39,Inactive,09/21/26
17277,0.39,Inactive,09/21/26
17278,0.3,Active,09/21/26
17279,0.39,Inactive,09/21/26
17280,0.29,Active,09/21/26
17291,0.29,Active,09/21/26
17292,0.29,Active,09/21/26
17295,0.35,Inactive,09/21/26
17298,0.35,Active,09/21/26
17301,0.25,Inactive,09/21/26
17302,0.25,Inactive,09/21/26
17310,0.29,Active,09/21/26
17311,0.25,Active,09/21/26
17312,0.55,Active,09/21/26
17314,0.25,Inactive,09/21/26
17320,Not Priced,Inactive,
17328,0.39,Active,09/21/26
17330,0.29,Active,09/21/26
17332,0.15,Inactive,09/21/26
17336,0.1,Active,09/21/26
17337,0.4,Active,09/21/26
17338,Not Priced,Inactive,
17342,0.35,Active,09/21/26
17353,0.1,Active,09/21/26
17356,0.25,Active,09/21/26
17357,0.3,Inactive,09/21/26
17359,0.5,Inactive,09/21/26
17361,0.39,Inactive,09/21/26
17370,0.25,Active,09/21/26
17371,0.25,Active,09/21/26
17372,0.29,Inactive,09/21/26
17373,0,Active,09/21/26
17400,0.5,Active,09/21/26
17425,0.29,Inactive,09/21/26
17430,0.3,Active,09/21/26
17432,0.29,Active,09/21/26
17438,0.39,Active,09/21/26
17439,0.39,Active,09/21/26
17443,0.5,Inactive,09/21/26
17445,0.25,Active,09/21/26
17446,0.35,Active,09/21/26
17447,0.3,Active,09/21/26
17449,0.29,Active,09/21/26
17454,0.39,Active,09/21/26
17456,0.3,Active,09/21/26
17460,0.3,Inactive,09/21/26
17463,0.29,Active,09/21/26
17465,0.35,Active,09/21/26
17466,0.25,Inactive,09/21/26
17467,0.29,Inactive,09/21/26
17469,0.3,Inactive,09/21/26
17470,0.29,Active,09/21/26
17473,0.25,Active,09/21/26
17476,0.25,Inactive,09/21/26
17477,0.25,Active,09/21/26
17480,0.25,Inactive,09/21/26
17486,0.25,Active,09/21/26
17490,0.25,Active,09/21/26
17495,0.35,Active,09/21/26
17513,0.39,Active,09/21/26
17525,0.25,Active,09/21/26
17527,0.29,Active,09/21/26
17528,0.29,Active,09/21/26
17539,0.25,Inactive,09/21/26
17543,0.3,Active,09/21/26
17546,0.29,Active,09/21/26
17547,0.3,Active,09/21/26
17550,0.5,Active,09/21/26
17552,0.29,Active,09/21/26
17554,0.29,Active,09/21/26
17555,0.29,Active,09/21/26
17557,0.6,Active,09/21/26
17562,0.59,Active,09/21/26
17563,0.29,Inactive,09/21/26
17564,0.39,Active,09/21/26
17565,0.25,Inactive,09/21/26
17569,0.29,Active,09/21/26
17570,0.29,Active,09/21/26
17571,0.39,Active,09/21/26
17572,0.25,Active,09/21/26
17575,0.15,Active,09/21/26
17577,0.25,Active,09/21/26
17578,0.29,Active,09/21/26
17579,0.39,Inactive,09/21/26
17582,0.29,Active,09/21/26
17594,0.29,Active,09/21/26
17598,0.35,Active,09/21/26
17601,0.35,Inactive,09/21/26
17606,0.29,Inactive,09/21/26
17618,0.49,Active,09/21/26
17621,0.19,Inactive,09/21/26
17628,0.15,Active,09/21/26
17630,0.45,Inactive,09/21/26
17631,0.29,Active,09/21/26
17633,0.3,Active,09/21/26
17634,0.29,Active,09/21/26
17635,0.25,Active,09/21/26
17638,0.39,Active,09/21/26
17639,0.29,Active,09/21/26
17641,0.29,Active,09/21/26
17645,0.39,Inactive,09/21/26
17646,0.25,Active,09/21/26
17647,0.25,Active,09/21/26
17648,0.25,Inactive,09/21/26
17649,0,Active,09/21/26
17650,0.29,Active,09/21/26
17654,0.39,Inactive,09/21/26
17655,0.3,Active,09/21/26
17658,0.3,Inactive,09/21/26
17661,0.29,Active,09/21/26
17673,0.29,Inactive,09/21/26
17674,0.25,Active,09/21/26
17675,0.25,Active,09/21/26
17677,0.29,Active,09/21/26
17678,0.25,Active,09/21/26
17683,0.25,Active,09/21/26
17688,0.29,Inactive,09/21/26
17689,0.29,Active,09/21/26
17690,0.3,Active,09/21/26
17691,0.25,Inactive,09/21/26
17694,0.25,Active,09/21/26
17704,0.29,Inactive,09/21/26
17705,0.35,Inactive,09/21/26
17706,0.3,Active,09/21/26
17708,0.29,Inactive,09/21/26
17711,0.39,Active,09/21/26
17721,0.29,Active,09/21/26
17724,0.3,Inactive,09/21/26
17726,0,Active,09/21/26
17730,0.25,Active,09/21/26
17731,0.39,Active,09/21/26
17732,0.39,Inactive,09/21/26
17733,0.25,Inactive,09/21/26
17734,0.29,Active,09/21/26
17735,0.29,Active,09/21/26
17738,0.49,Active,09/21/26
17741,0.29,Inactive,09/21/26
17747,0.29,Active,09/21/26
17752,0.29,Active,09/21/26
17753,0.35,Inactive,09/21/26
17754,0.29,Inactive,09/21/26
17760,0.39,Active,09/21/26
17763,0.29,Active,09/21/26
17764,0.39,Active,09/21/26
17765,0.59,Inactive,09/21/26
17767,0.59,Inactive,09/21/26
17768,0.25,Active,09/21/26
17770,0.29,Active,09/21/26
17771,0.3,Active,09/21/26
17773,0.25,Active,09/21/26
17778,0.29,Inactive,09/21/26
17782,0.29,Inactive,09/21/26
17786,0.25,Active,09/21/26
17788,0.29,Inactive,09/21/26
17792,0.29,Active,09/21/26
17796,0.29,Active,09/21/26
17804,0.29,Active,09/21/26
17806,0.25,Active,09/21/26
17808,0.59,Active,09/21/26
17809,0.29,Active,09/21/26
17810,0.25,Inactive,09/21/26
17811,0.25,Active,09/21/26
17812,0.25,Active,09/21/26
17813,0.39,Active,09/21/26
17816,0.29,Inactive,09/21/26
17817,0.29,Active,09/21/26
17831,0,Active,09/21/26
17834,0.29,Active,09/21/26
17836,0.25,Active,09/21/26
17840,0.15,Inactive,09/21/26
17846,0.25,Active,09/21/26
17847,0.25,Active,09/21/26
17849,0.3,Active,09/21/26
17850,0.29,Inactive,09/21/26
17851,0.3,Inactive,09/21/26
17852,0.5,Active,09/21/26
17859,0.35,Active,09/21/26
17863,0.29,Active,09/21/26
17868,0.25,Active,09/21/26
17875,0.25,Inactive,09/21/26
17879,0.3,Inactive,09/21/26
17883,0.25,Inactive,09/21/26
17885,0.29,Active,09/21/26
17887,0.29,Active,09/21/26
17888,0.29,Active,09/21/26
17890,0,Active,09/21/26
17892,0.29,Active,09/21/26
17893,0.49,Inactive,09/21/26
17895,0.25,Active,09/21/26
17896,Not Priced,Inactive,
17897,0.29,Active,09/21/26
17898,0.49,Active,09/21/26
17901,0.29,Active,09/21/26
17903,0.25,Active,09/21/26
17906,0.25,Inactive,09/21/26
17911,0.3,Active,09/21/26
17914,0.25,Active,09/21/26
17916,0.39,Active,09/21/26
17919,0.29,Active,09/21/26
17921,0.3,Active,09/21/26
17922,0.29,Active,09/21/26
17925,0.35,Active,09/21/26
17928,0.35,Inactive,09/21/26
17931,0.3,Active,09/21/26
17934,0.25,Active,09/21/26
17935,0.29,Active,09/21/26
17936,0.25,Active,09/21/26
17942,0.15,Inactive,09/21/26
17948,Not Priced,Inactive,
17949,0.29,Active,09/21/26
17951,0.29,Inactive,09/21/26
17954,0.29,Active,09/21/26
17961,0.29,Inactive,09/21/26
17970,0.29,Active,09/21/26
17971,0.29,Active,09/21/26
17972,0.29,Inactive,09/21/26
17974,0.29,Inactive,09/21/26
17984,0.19,Inactive,09/21/26
17985,0.19,Inactive,09/21/26
17986,0.29,Active,09/21/26
17990,0.29,Active,09/21/26
17993,0.25,Active,09/21/26
17996,0.5,Inactive,09/21/26
17997,0.29,Inactive,09/21/26
17998,0.29,Active,09/21/26
18002,0.26,Inactive,09/21/26
18003,0.3,Active,09/21/26
18004,0.29,Inactive,09/21/26
18006,0.49,Active,09/21/26
18011,0.15,Inactive,09/21/26
18014,0.35,Active,09/21/26
18029,0.15,Active,09/21/26
18030,0.29,Active,09/21/26
18033,0.15,Active,09/21/26
18040,0,Active,09/21/26
18043,0.15,Inactive,09/21/26
18044,0.39,Inactive,09/21/26
18049,0.3,Active,09/21/26
18050,0.29,Active,09/21/26
18056,0.35,Inactive,09/21/26
18061,0.25,Inactive,09/21/26
18074,0.29,Active,09/21/26
18075,0.25,Active,09/21/26
18082,0.25,Active,09/21/26
18083,0.25,Active,09/21/26
18091,0.29,Active,09/21/26
18093,0.29,Inactive,09/21/26
18094,0.25,Inactive,09/21/26
18095,0.25,Inactive,09/21/26
18098,0.25,Active,09/21/26
18099,0.3,Active,09/21/26
18102,0.29,Active,09/21/26
18112,0.25,Inactive,09/21/26
18113,0,Active,09/21/26
18128,0.29,Active,09/21/26
18131,0.39,Inactive,09/21/26
18138,0.3,Active,09/21/26
18146,0.39,Active,09/21/26
18159,0.39,Active,09/21/26
18160,0.35,Inactive,09/21/26
18170,0.2,Active,09/21/26
18171,0.2,Inactive,09/21/26
18173,0.29,Active,09/21/26
18175,0.19,Inactive,09/21/26
18176,0.25,Inactive,09/21/26
18178,0.49,Active,09/21/26
18179,0.29,Active,09/21/26
18184,0.25,Active,09/21/26
18186,0.25,Inactive,09/21/26
18187,0.29,Active,09/21/26
18188,0.3,Active,09/21/26
18190,0.29,Active,09/21/26
18198,0.25,Active,09/21/26
18204,0.25,Inactive,09/21/26
18205,0.29,Active,09/21/26
18206,0.35,Active,09/21/26
18207,0.45,Active,09/21/26
18213,0.29,Active,09/21/26
18214,0.39,Active,09/21/26
18217,0.29,Active,09/21/26
18236,0.3,Active,09/21/26
18237,0.39,Active,09/21/26
18252,0.25,Active,09/21/26
18259,0.35,Active,09/21/26
18263,0.3,Active,09/21/26
18265,0.29,Active,09/21/26
18269,0.5,Active,09/21/26
18273,0.5,Active,09/21/26
18274,0.29,Inactive,09/21/26
18278,0.4,Active,09/21/26
18284,0.25,Inactive,09/21/26
18290,0.29,Active,09/21/26
18298,0.15,Active,09/21/26
18299,0.29,Active,09/21/26
18305,0.29,Active,09/21/26
18306,0.29,Active,09/21/26
18308,0.39,Inactive,09/21/26
18313,0.39,Inactive,09/21/26
18314,0.3,Active,09/21/26
18322,0.29,Inactive,09/21/26
18323,0.25,Active,09/21/26
18331,1,Active,09/21/26
18336,0.79,Active,09/21/26
18341,0.29,Active,09/21/26
18346,0.25,Inactive,09/21/26
18347,0.29,Inactive,09/21/26
18353,0.25,Active,09/21/26
18360,0.45,Active,09/21/26
18361,0.29,Active,09/21/26
18364,0.25,Active,09/21/26
18365,0.29,Active,09/21/26
18368,0.3,Inactive,09/21/26
18373,0.29,Inactive,09/21/26
18377,0.35,Active,09/21/26
18378,0.29,Active,09/21/26
18380,0.29,Inactive,09/21/26
18382,0.25,Active,09/21/26
18383,0.29,Active,09/21/26
18396,0.29,Inactive,09/21/26
18397,0,Active,09/21/26
18406,0.25,Inactive,09/21/26
18408,0.3,Active,09/21/26
18417,0.25,Active,09/21/26
18430,0.39,Active,09/21/26
18435,Not Priced,Inactive,
18437,0.29,Active,09/21/26
18439,0.25,Active,09/21/26
18443,0.39,Active,09/21/26
18444,0.29,Inactive,09/21/26
18452,0.25,Active,09/21/26
18467,0.49,Active,09/21/26
18471,0.2,Inactive,09/21/26
18472,0.23,Active,09/21/26
18473,0.3,Active,09/21/26
18474,0.29,Active,09/21/26
18476,0.29,Active,09/21/26
18478,0.29,Inactive,09/21/26
18489,0.29,Active,09/21/26
18490,0.49,Inactive,09/21/26
18499,0.39,Active,09/21/26
18501,0.29,Active,09/21/26
18508,0.15,Active,09/21/26
18516,0.29,Active,09/21/26
18521,0.15,Active,09/21/26
18534,0.25,Active,09/21/26
18543,0.15,Inactive,09/21/26
18544,0.29,Inactive,09/21/26
18551,0.39,Active,09/21/26
18553,0.3,Inactive,09/21/26
18555,0.29,Inactive,09/21/26
18571,0.29,Active,09/21/26
18576,0.2,Active,09/21/26
18581,0.29,Inactive,09/21/26
18582,0.39,Active,09/21/26
18584,0.39,Active,09/21/26
18588,0.3,Inactive,09/21/26
18603,0.5,Active,09/21/26
18608,0.29,Active,09/21/26
18610,0.25,Active,09/21/26
18611,0.29,Inactive,09/21/26
18612,0.29,Inactive,09/21/26
18622,0.29,Active,09/21/26
18629,0.3,Active,09/21/26
18637,0.39,Active,09/21/26
18642,0.25,Active,09/21/26
18650,0.49,Inactive,09/21/26
18652,0.29,Inactive,09/21/26
18658,0.29,Active,09/21/26
18659,0.45,Active,09/21/26
18667,0.39,Active,09/21/26
18676,0.29,Active,09/21/26
18690,0.15,Active,09/21/26
18691,0.3,Active,09/21/26
18693,0.29,Active,09/21/26
18695,0.49,Active,09/21/26
18698,0.39,Active,09/21/26
18702,0.29,Inactive,09/21/26
18717,0.25,Active,09/21/26
18734,0.25,Active,09/21/26
18735,0.19,Active,09/21/26
18737,0,Active,09/21/26
18742,0.29,Active,09/21/26
18744,0.25,Active,09/21/26
18745,0.2,Inactive,09/21/26
18751,0.2,Active,09/21/26
18754,0.29,Active,09/21/26
18755,0.29,Active,09/21/26
18759,0.29,Active,09/21/26
18761,0.39,Active,09/21/26
18762,0.25,Inactive,09/21/26
18776,0.29,Active,09/21/26
18779,0.39,Inactive,09/21/26
18781,0.15,Active,09/21/26
18783,0.29,Active,09/21/26
18785,0.3,Active,09/21/26
18786,0.25,Active,09/21/26
18787,0.29,Active,09/21/26
18788,0.39,Active,09/21/26
18789,0.29,Active,09/21/26
18792,0.29,Active,09/21/26
18795,0.29,Inactive,09/21/26
18799,0.29,Active,09/21/26
18807,0.19,Inactive,09/21/26
18812,0.25,Active,09/21/26
18816,0.29,Inactive,09/21/26
18824,0.5,Active,09/21/26
18830,0.29,Active,09/21/26
18833,0.75,Active,09/21/26
18842,0.3,Active,09/21/26
18846,0.29,Active,09/21/26
18850,0.29,Active,09/21/26
18869,0.39,Inactive,09/21/26
18870,0.25,Inactive,09/21/26
18872,0.39,Active,09/21/26
18884,0.22,Inactive,09/21/26
18886,0.29,Active,09/21/26
18891,0.29,Active,09/21/26
18895,0.19,Active,09/21/26
18899,0.29,Active,09/21/26
18900,0.39,Active,09/21/26
18901,0.29,Active,09/21/26
18906,0.25,Active,09/21/26
18910,0.55,Active,09/21/26
18914,0.1,Active,09/21/26
18919,0.29,Active,09/21/26
18922,0.29,Inactive,09/21/26
18925,0.29,Active,09/21/26
18927,0.4,Active,09/21/26
18937,0.25,Active,09/21/26
18938,0.25,Inactive,09/21/26
18941,0.25,Inactive,09/21/26
18950,0.29,Inactive,09/21/26
18952,0.29,Active,09/21/26
18959,0.25,Active,09/21/26
18960,0.23,Active,09/21/26
18964,Not Priced,Inactive,
18966,0.15,Active,09/21/26
18968,0.39,Active,09/21/26
18972,0.29,Active,09/21/26
18978,0.25,Active,09/21/26
18980,0.25,Active,09/21/26
18992,0.29,Inactive,09/21/26
18993,0.25,Inactive,09/21/26
18996,0.29,Active,09/21/26
19012,0.15,Inactive,09/21/26
19013,0.4,Active,09/21/26
19024,0.29,Inactive,09/21/26
19025,0.39,Inactive,09/21/26
19028,0.29,Active,09/21/26
19030,0.3,Active,09/21/26
19044,0.25,Active,09/21/26
19055,0.39,Active,09/21/26
19056,0.19,Active,09/21/26
19060,0.39,Active,09/21/26
19062,0.13,Active,09/21/26
19065,0.4,Inactive,09/21/26
19076,0.25,Active,09/21/26
19077,0.29,Active,09/21/26
19080,0.29,Active,09/21/26
19082,0.29,Inactive,09/21/26
19086,0.29,Active,09/21/26
19088,0.3,Active,09/21/26
19089,0.25,Active,09/21/26
19091,0.29,Active,09/21/26
19092,0.14,Active,09/21/26
19096,0.35,Active,09/21/26
19098,0.5,Active,09/21/26
19101,0.25,Inactive,09/21/26
19106,0.39,Active,09/21/26
19107,0.29,Active,09/21/26
19116,0,Active,09/21/26
19123,0.19,Inactive,09/21/26
19133,0.29,Active,09/21/26
19134,0.19,Inactive,09/21/26
19135,0.29,Active,09/21/26
19139,0.29,Active,09/21/26
19140,0.3,Active,09/21/26
19142,0.29,Active,09/21/26
19145,0.29,Inactive,09/21/26
19148,Not Priced,Inactive,
19149,0.5,Inactive,09/21/26
19155,0.29,Active,09/21/26
19156,0.19,Inactive,09/21/26
19174,0,Active,09/21/26
19175,0.29,Active,09/21/26
19180,0.29,Active,09/21/26
19188,0.29,Active,09/21/26
19189,0.29,Active,09/21/26
19190,0,Active,09/21/26
19191,0,Active,09/21/26
19192,0.29,Active,09/21/26
19195,0.25,Active,09/21/26
19196,0.29,Inactive,09/21/26
19208,0.39,Active,09/21/26
19213,0.25,Inactive,09/21/26
19217,0.19,Inactive,09/21/26
19226,0.29,Active,09/21/26
19231,0.5,Active,09/21/26
19235,0.29,Active,09/21/26
19238,0.52,Active,09/21/26
19239,0.3,Active,09/21/26
19242,0.29,Active,09/21/26
19254,0.25,Active,09/21/26
19272,0.25,Inactive,09/21/26
19279,0.25,Active,09/21/26
19282,0.39,Active,09/21/26
19283,0.25,Inactive,09/21/26
19312,0.59,Active,09/21/26
19314,0.25,Inactive,09/21/26
19319,0.3,Inactive,09/21/26
19320,0.29,Active,09/21/26
19324,0.29,Active,09/21/26
19329,0.2,Active,09/21/26
19333,0.19,Active,09/21/26
19334,0.29,Inactive,09/21/26
19335,0.29,Active,09/21/26
19338,0.49,Active,09/21/26
19340,0.25,Inactive,09/21/26
19351,0.35,Active,09/21/26
19354,0.29,Active,09/21/26
19375,0.25,Active,09/21/26
19383,Not Priced,Inactive,
19384,0.29,Active,09/21/26
19385,0.39,Active,09/21/26
19386,0.25,Inactive,09/21/26
19387,0.2,Active,09/21/26
19389,0.79,Active,09/21/26
19397,0.29,Active,09/21/26
19398,0.13,Active,09/21/26
19399,0.29,Inactive,09/21/26
19405,0.25,Inactive,09/21/26
19434,0.3,Active,09/21/26
19437,0.3,Active,09/21/26
19441,0.29,Active,09/21/26
19450,0.29,Active,09/21/26
19451,0.15,Active,09/21/26
19452,0.29,Inactive,09/21/26
19456,0.19,Inactive,09/21/26
19459,0.29,Active,09/21/26
19461,0.25,Active,09/21/26
19463,0.25,Active,09/21/26
19469,0.1,Inactive,09/21/26
19470,0.25,Active,09/21/26
19476,0.25,Inactive,09/21/26
19481,0.1,Inactive,09/21/26
19487,0.29,Inactive,09/21/26
19489,0.3,Active,09/21/26
19491,0.3,Active,09/21/26
19492,0.3,Active,09/21/26
19498,0.2,Inactive,09/21/26
19499,0.29,Inactive,09/21/26
19501,0.29,Active,09/21/26
19507,0.3,Active,09/21/26
19509,0.29,Active,09/21/26
19513,0.3,Active,09/21/26
19526,0.29,Active,09/21/26
19539,0.39,Inactive,09/21/26
19541,0.29,Active,09/21/26
19542,0.25,Inactive,09/21/26
19553,0.19,Inactive,09/21/26
19554,0.29,Inactive,09/21/26
19557,0.39,Active,09/21/26
19561,0.35,Inactive,09/21/26
19567,0.25,Inactive,09/21/26
19569,0.35,Inactive,09/21/26
19570,0.25,Active,09/21/26
19571,1,Active,09/21/26
19591,0.29,Active,09/21/26
19593,0.29,Inactive,09/21/26
19597,0.15,Inactive,09/21/26
19603,0.29,Inactive,09/21/26
19605,0.29,Active,09/21/26
19606,0.29,Inactive,09/21/26
19614,0.29,Active,09/21/26
19621,0.29,Active,09/21/26
19628,0.29,Active,09/21/26
19630,0.3,Active,09/21/26
19632,0.29,Inactive,09/21/26
19635,0,Inactive,09/21/26
19640,0.29,Active,09/21/26
19642,0.2,Active,09/21/26
19644,0.29,Inactive,09/21/26
19646,0.25,Inactive,09/21/26
19648,0.26,Inactive,09/21/26
19653,0.45,Inactive,09/21/26
19656,0.26,Active,09/21/26
19677,0.29,Active,09/21/26
19678,0.25,Active,09/21/26
19681,0.29,Active,09/21/26
19694,0.25,Active,09/21/26
19701,0.15,Inactive,09/21/26
19705,0.49,Active,09/21/26
19706,0.29,Active,09/21/26
19724,0.3,Active,09/21/26
19725,0.29,Active,09/21/26
19731,0.25,Active,09/21/26
19732,0.29,Active,09/21/26
19746,0.35,Active,09/21/26
19765,0.29,Active,09/21/26
19790,0.25,Active,09/21/26
19793,0.25,Inactive,09/21/26
19799,0.29,Active,09/21/26
19803,0.35,Active,09/21/26
19805,0.39,Active,09/21/26
19815,0.59,Active,09/21/26
19816,0.39,Active,09/21/26
19822,0.25,Inactive,09/21/26
19823,0.25,Active,09/21/26
19824,0.25,Inactive,09/21/26
19825,0.3,Inactive,09/21/26
19826,0.35,Active,09/21/26
19831,0.25,Active,09/21/26
19852,0.25,Active,09/21/26
19855,0.29,Active,09/21/26
19858,0.5,Inactive,09/21/26
19862,0.5,Inactive,09/21/26
19866,0.29,Active,09/21/26
19871,0.39,Active,09/21/26
19875,0.25,Inactive,09/21/26
19884,0.29,Active,09/21/26
19891,0.25,Inactive,09/21/26
19893,0.59,Inactive,09/21/26
19894,0.29,Inactive,09/21/26
19905,0.45,Active,09/21/26
19907,0.29,Active,09/21/26
19910,0.25,Active,09/21/26
19913,0.25,Inactive,09/21/26
19916,0.3,Active,09/21/26
19918,0.29,Inactive,09/21/26
19923,0.29,Active,09/21/26
19924,0.39,Active,09/21/26
19926,0.35,Active,09/21/26
19928,0.35,Active,09/21/26
19931,0.25,Active,09/21/26
19946,0.29,Active,09/21/26
19948,0.5,Inactive,09/21/26
19956,0.29,Active,09/21/26
19964,0.39,Inactive,09/21/26
19965,0.25,Active,09/21/26
19966,0.29,Inactive,09/21/26
19974,0.39,Active,09/21/26
19975,0.25,Inactive,09/21/26
19976,0.29,Inactive,09/21/26
19979,0.3,Active,09/21/26
19987,0.3,Active,09/21/26
19989,0.25,Inactive,09/21/26
19994,0.29,Active,09/21/26
20002,0.3,Active,09/21/26
20005,Not Priced,Inactive,
20013,0.35,Active,09/21/26
20031,0,Active,09/21/26
20035,0.29,Active,09/21/26
20046,0.1,Inactive,09/21/26
20050,0.29,Inactive,09/21/26
20056,0.25,Active,09/21/26
20060,0,Inactive,09/21/26
20065,0.39,Active,09/21/26
20080,0.25,Inactive,09/21/26
20084,0.1,Active,09/21/26
20085,0.29,Active,09/21/26
20096,0.29,Active,09/21/26
20099,0.29,Inactive,09/21/26
20103,0.3,Active,09/21/26
20104,0.39,Active,09/21/26
20105,0.3,Inactive,09/21/26
20107,0.35,Active,09/21/26
20113,0.25,Active,09/21/26
20116,0.25,Active,09/21/26
20128,0.49,Active,09/21/26
20137,0.26,Inactive,09/21/26
20140,0.29,Active,09/21/26
20147,0.29,Active,09/21/26
20152,0.25,Inactive,09/21/26
20160,0.39,Active,09/21/26
20161,0.29,Active,09/21/26
20163,0.29,Active,09/21/26
20164,0.2,Inactive,09/21/26
20165,0.49,Active,09/21/26
20170,0.29,Active,09/21/26
20171,0.29,Active,09/21/26
20173,0.29,Active,09/21/26
20174,0.25,Inactive,09/21/26
20175,0.3,Active,09/21/26
20177,0.25,Active,09/21/26
20179,0.39,Inactive,09/21/26
20191,0.35,Active,09/21/26
20199,0.25,Inactive,09/21/26
20200,0.25,Inactive,09/21/26
20209,0.29,Inactive,09/21/26
20210,0.3,Active,09/21/26
20219,0.25,Inactive,09/21/26
20235,0.3,Active,09/21/26
20236,0.25,Active,09/21/26
20237,0.25,Active,09/21/26
20239,0.29,Inactive,09/21/26
20240,0.25,Active,09/21/26
20245,0.29,Active,09/21/26
20254,0.69,Active,09/21/26
20259,0.3,Inactive,09/21/26
20269,0.29,Active,09/21/26
20274,0.25,Active,09/21/26
20275,0.25,Active,09/21/26
20276,0.39,Active,09/21/26
20283,0.29,Active,09/21/26
20286,0.39,Active,09/21/26
20287,0.5,Inactive,09/21/26
20296,Not Priced,Inactive,09/21/26
20302,0.3,Active,09/21/26
20312,0.29,Inactive,09/21/26
20316,0.4,Active,09/21/26
20318,0.19,Inactive,09/21/26
20335,0.29,Active,09/21/26
20339,0.29,Active,09/21/26
20344,0.39,Active,09/21/26
20374,0.3,Active,09/21/26
20382,0.35,Inactive,09/21/26
20385,0.29,Active,09/21/26
20390,0.25,Active,09/21/26
20391,0.35,Inactive,09/21/26
20393,0.45,Active,09/21/26
20399,0.4,Active,09/21/26
20400,0.3,Inactive,09/21/26
20403,0.2,Inactive,09/21/26
20407,0.25,Active,09/21/26
20410,0.3,Active,09/21/26
20415,0.25,Inactive,09/21/26
20421,0.35,Inactive,09/21/26
20426,0.25,Active,09/21/26
20427,0.29,Active,09/21/26
20442,0.49,Inactive,09/21/26
20444,0.29,Inactive,09/21/26
20448,0.49,Active,09/21/26
20450,0.5,Active,09/21/26
20461,0.29,Active,09/21/26
20463,0.29,Active,09/21/26
20464,0.59,Active,09/21/26
20475,0.29,Active,09/21/26
20480,0.3,Active,09/21/26
20481,0.75,Inactive,09/21/26
20484,0.3,Active,09/21/26
20492,0.15,Active,09/21/26
20494,0.29,Active,09/21/26
20495,0.29,Inactive,09/21/26
20503,0.45,Inactive,09/21/26
20505,0.29,Inactive,09/21/26
20506,0.29,Active,09/21/26
20508,0.29,Active,09/21/26
20509,0.29,Active,09/21/26
20513,0.25,Inactive,09/21/26
20514,0.25,Inactive,09/21/26
20522,0.49,Active,09/21/26
20533,0.35,Active,09/21/26
20535,0.29,Active,09/21/26
20541,0.3,Active,09/21/26
20552,0.25,Active,09/21/26
20553,0.29,Active,09/21/26
20556,0.29,Inactive,09/21/26
20560,0.25,Active,09/21/26
20561,0.49,Active,09/21/26
20563,0.25,Active,09/21/26
20575,0.38,Active,09/21/26
20578,0.39,Inactive,09/21/26
20592,0.4,Active,09/21/26
20594,0.29,Active,09/21/26
20596,0.25,Active,09/21/26
20598,0.25,Active,09/21/26
20604,0.25,Inactive,09/21/26
20605,0.29,Active,09/21/26
20612,0.25,Inactive,09/21/26
20637,0.29,Inactive,09/21/26
20638,0.3,Active,09/21/26
20639,0,Active,09/21/26
20644,0,Active,09/21/26
20645,0.25,Inactive,09/21/26
20657,0.29,Active,09/21/26
20659,0.25,Active,09/21/26
20663,0.49,Active,09/21/26
20691,0.2,Active,09/21/26
20693,0.29,Active,09/21/26
20695,0.3,Active,09/21/26
20697,0.29,Inactive,09/21/26
20705,0.49,Active,09/21/26
20706,0,Active,09/21/26
20709,0.25,Active,09/21/26
20711,0.39,Inactive,09/21/26
20712,0.29,Active,09/21/26
20713,0.3,Active,09/21/26
20714,0.35,Active,09/21/26
20716,0,Active,09/21/26
20727,0.35,Inactive,09/21/26
20731,0.26,Inactive,09/21/26
20748,Not Priced,Inactive,
20749,0.29,Active,09/21/26
20750,0.29,Active,09/21/26
20752,0.3,Active,09/21/26
20756,0.3,Active,09/21/26
20757,0.39,Active,09/21/26
20759,0.29,Active,09/21/26
20769,0.29,Inactive,09/21/26
20779,0.4,Active,09/21/26
20783,0.25,Inactive,09/21/26
20784,0.29,Active,09/21/26
20793,Not Priced,Inactive,
20809,0,Active,09/21/26
20810,0.35,Active,09/21/26
20816,0.29,Active,09/21/26
20824,0,Active,09/21/26
20827,0.35,Active,09/21/26
20830,0.29,Active,09/21/26
20834,0.25,Inactive,09/21/26
20838,0.29,Inactive,09/21/26
20840,0.19,Active,09/21/26
20846,0.3,Inactive,09/21/26
20860,0.15,Inactive,09/21/26
20863,0.25,Inactive,09/21/26
20868,0.25,Active,09/21/26
20871,0.29,Inactive,09/21/26
20875,0.49,Active,09/21/26
20876,0.3,Active,09/21/26
20889,0.6,Active,09/21/26
20893,0.29,Inactive,09/21/26
20894,0.39,Active,09/21/26
20900,0.29,Active,09/21/26
20901,0.23,Active,09/21/26
20902,0.29,Inactive,09/21/26
20903,0.29,Active,09/21/26
20914,0.25,Inactive,09/21/26
20916,0.4,Inactive,09/21/26
20917,0.29,Inactive,09/21/26
20918,0.4,Inactive,09/21/26
20924,0.25,Active,09/21/26
20926,0.29,Active,09/21/26
20937,0.45,Active,09/21/26
20942,0.35,Inactive,09/21/26
20944,0.5,Inactive,09/21/26
20966,0.29,Active,09/21/26
20970,0.29,Inactive,09/21/26
20971,0,Active,09/21/26
20973,0,Active,09/21/26
20986,0.25,Inactive,09/21/26
21002,0.75,Active,09/21/26
21012,0.25,Active,09/21/26
21013,0.25,Inactive,09/21/26
21021,0.15,Inactive,09/21/26
21022,0.25,Active,09/21/26
21028,0.3,Active,09/21/26
21030,0.25,Inactive,09/21/26
21034,0.29,Active,09/21/26
21039,0.29,Active,09/21/26
21049,0.25,Active,09/21/26
21053,0.19,Active,09/21/26
21058,0.29,Active,09/21/26
21074,0.29,Active,09/21/26
21075,0.29,Active,09/21/26
21078,0.29,Active,09/21/26
21079,0.25,Active,09/21/26
21080,0.25,Active,09/21/26
21081,Not Priced,Inactive,
21082,0.29,Active,09/21/26
21084,0.19,Inactive,09/21/26
21088,0.29,Active,09/21/26
21089,Not Priced,Inactive,
21090,0.25,Active,09/21/26
21092,0.25,Inactive,09/21/26
21094,0.39,Active,09/21/26
21095,0.39,Active,09/21/26
21108,0.25,Inactive,09/21/26
21119,0.29,Active,09/21/26
21123,0.25,Inactive,09/21/26
21132,0.29,Inactive,09/21/26
21133,0.45,Active,09/21/26
21138,0.29,Active,09/21/26
21139,0.39,Active,09/21/26
21140,0.25,Inactive,09/21/26
21141,0,Inactive,09/21/26
21142,Not Priced,Inactive,
21146,0.25,Active,09/21/26
21151,0.29,Active,09/21/26
21156,0.44,Active,09/21/26
21168,0.39,Inactive,09/21/26
21181,0.23,Inactive,09/21/26
21184,0.39,Active,09/21/26
21187,0.25,Active,09/21/26
21191,0.29,Active,09/21/26
21192,0.39,Active,09/21/26
21193,0.29,Active,09/21/26
21196,0.29,Active,09/21/26
21200,0.25,Active,09/21/26
21201,0.29,Inactive,09/21/26
21203,0.29,Inactive,09/21/26
21204,0.29,Inactive,09/21/26
21214,0.3,Active,09/21/26
21220,0.3,Active,09/21/26
21221,0.25,Inactive,09/21/26
21224,0.29,Active,09/21/26
21233,0.29,Inactive,09/21/26
21239,0.29,Inactive,09/21/26
21240,0.29,Inactive,09/21/26
21244,0.35,Active,09/21/26
21245,0.29,Active,09/21/26
21248,0.29,Active,09/21/26
21255,0.3,Inactive,09/21/26
21285,0.59,Inactive,09/21/26
21290,0.29,Active,09/21/26
21293,0.29,Active,09/21/26
21298,0.25,Active,09/21/26
21302,0.29,Active,09/21/26
21304,0.29,Active,09/21/26
21318,0.29,Inactive,09/21/26
21322,0.3,Inactive,09/21/26
21330,0.25,Active,09/21/26
21331,0.39,Inactive,09/21/26
21338,0.3,Active,09/21/26
21339,0.25,Active,09/21/26
21353,0.3,Inactive,09/21/26
21364,0.59,Inactive,09/21/26
21365,0.29,Inactive,09/21/26
21374,0.29,Inactive,09/21/26
21376,0.39,Active,09/21/26
21377,0.35,Active,09/21/26
21383,0.29,Active,09/21/26
21385,0.29,Active,09/21/26
21386,0.25,Inactive,09/21/26
21389,0.25,Active,09/21/26
21390,0.29,Active,09/21/26
21394,0.29,Active,09/21/26
21397,0.29,Active,09/21/26
21402,0.22,Inactive,09/21/26
21431,0.29,Active,09/21/26
21432,0.29,Active,09/21/26
21446,0.59,Active,09/21/26
21447,0.29,Inactive,09/21/26
21452,0.2,Active,09/21/26
21461,0.39,Active,09/21/26
21463,0.39,Active,09/21/26
21485,0.29,Active,09/21/26
21498,0.29,Active,09/21/26
21500,0.2,Active,09/21/26
21505,0.4,Active,09/21/26
21509,0,Inactive,09/21/26
21511,0.25,Active,09/21/26
21534,0.15,Active,09/21/26
21539,0.25,Active,09/21/26
21540,0.25,Active,09/21/26
21541,0.25,Active,09/21/26
21553,0.3,Active,09/21/26
21555,0,Inactive,09/21/26
21558,0.25,Inactive,09/21/26
21559,0.3,Inactive,09/21/26
21571,0.29,Inactive,09/21/26
21580,0.29,Active,09/21/26
21582,0.25,Active,09/21/26
21583,0.29,Active,09/21/26
21589,0.3,Active,09/21/26
21596,0.3,Active,09/21/26
21597,0.29,Active,09/21/26
21599,0.23,Inactive,09/21/26
21605,0.39,Active,09/21/26
21641,0.5,Active,09/21/26
21643,0.25,Active,09/21/26
21645,0.25,Inactive,09/21/26
21647,0.29,Inactive,09/21/26
21648,0.29,Active,09/21/26
21652,0.29,Inactive,09/21/26
21653,0.29,Active,09/21/26
21655,0.29,Active,09/21/26
21658,0,Active,09/21/26
21659,0.29,Active,09/21/26
21663,0.35,Active,09/21/26
21664,0.23,Active,09/21/26
21666,0.29,Active,09/21/26
21675,0.25,Active,09/21/26
21687,0.29,Active,09/21/26
21693,0.4,Active,09/21/26
21694,0.29,Inactive,09/21/26
21702,0.49,Active,09/21/26
21704,0.29,Active,09/21/26
21705,0.29,Inactive,09/21/26
21712,0.29,Inactive,09/21/26
21717,0.29,Active,09/21/26
21729,0.15,Active,09/21/26
21739,0.5,Active,09/21/26
21744,0.3,Active,09/21/26
21749,0.29,Inactive,09/21/26
21757,0.25,Active,09/21/26
21765,0.25,Inactive,09/21/26
21768,0.49,Active,09/21/26
21769,0.5,Inactive,09/21/26
21770,0.29,Active,09/21/26
21774,0.29,Inactive,09/21/26
21777,0.29,Inactive,09/21/26
21778,0.3,Active,09/21/26
21782,0.29,Active,09/21/26
21783,0.29,Active,09/21/26
21786,0.29,Active,09/21/26
21788,0.29,Inactive,09/21/26
21795,0.29,Active,09/21/26
21796,0.39,Active,09/21/26
21800,0.25,Inactive,09/21/26
21806,0.75,Active,09/21/26
21812,0.25,Active,09/21/26
21813,0.19,Active,09/21/26
21815,0.39,Active,09/21/26
21820,0.29,Active,09/21/26
21823,0.25,Active,09/21/26
21831,0.25,Active,09/21/26
21832,0.39,Inactive,09/21/26
21835,0.29,Active,09/21/26
21836,0.39,Active,09/21/26
21837,0.5,Inactive,09/21/26
21841,0.29,Active,09/21/26
21850,0.29,Active,09/21/26
21851,0.29,Inactive,09/21/26
21854,Not Priced,Inactive,
21870,0.29,Active,09/21/26
21884,0.29,Active,09/21/26
21887,0.29,Active,09/21/26
21994,Not Priced,Inactive,
21996,0.3,Active,09/21/26
22006,0.5,Active,09/21/26
22007,0.25,Active,09/21/26
22008,0.25,Active,09/21/26
22016,0.29,Active,09/21/26
22019,0.3,Active,09/21/26
22032,0.5,Active,09/21/26
22035,0.25,Inactive,09/21/26
22038,0.25,Inactive,09/21/26
22039,0.29,Active,09/21/26
22041,0.29,Active,09/21/26
22049,0.4,Active,09/21/26
22050,0.45,Active,09/21/26
22065,0.25,Inactive,09/21/26
22072,0.25,Active,09/21/26
22074,0.25,Inactive,09/21/26
22083,0.3,Inactive,09/21/26
22086,0.49,Active,09/21/26
22087,0.25,Active,09/21/26
22092,0.25,Inactive,09/21/26
22093,0.25,Inactive,09/21/26
22096,0.39,Inactive,09/21/26
22097,0.2,Active,09/21/26
22100,0.39,Active,09/21/26
22107,0.25,Active,09/21/26
22111,0.29,Active,09/21/26
22114,0.29,Active,09/21/26
22125,Not Priced,Inactive,
22128,0.25,Active,09/21/26
22135,0.25,Inactive,09/21/26
22137,0.2,Active,09/21/26
22138,0.29,Active,09/21/26
22143,0.29,Inactive,09/21/26
22167,0.39,Inactive,09/21/26
22168,0.29,Inactive,09/21/26
22171,0.25,Active,09/21/26
22175,0.26,Inactive,09/21/26
22179,0,Inactive,09/21/26
22180,0.25,Active,09/21/26
22190,0.39,Active,09/21/26
22192,0.29,Active,09/21/26
22193,0.3,Inactive,09/21/26
22197,0.39,Active,09/21/26
22198,0,Inactive,09/21/26
22200,0.15,Inactive,09/21/26
22201,0.25,Active,09/21/26
22207,0,Inactive,09/21/26
22222,0.25,Active,09/21/26
22228,0.29,Active,09/21/26
22231,0.25,Inactive,09/21/26
22234,0.29,Active,09/21/26
22236,0.39,Active,09/21/26
22239,0.35,Active,09/21/26
22241,0.25,Active,09/21/26
22257,0.29,Inactive,09/21/26
22258,0.25,Active,09/21/26
22266,0.25,Inactive,09/21/26
22270,0.29,Active,09/21/26
22271,0.29,Active,09/21/26
22279,0.29,Active,09/21/26
22290,0.25,Active,09/21/26
22302,0.19,Inactive,09/21/26
22306,0.2,Active,09/21/26
22308,0.39,Active,09/21/26
22314,0.29,Active,09/21/26
22323,0.29,Active,09/21/26
22325,0.39,Active,09/21/26
22334,0.39,Active,09/21/26
22335,0.15,Active,09/21/26
22338,0.35,Active,09/21/26
22347,0.3,Inactive,09/21/26
22350,0.3,Active,09/21/26
22352,0.29,Inactive,09/21/26
22359,0.25,Active,09/21/26
22372,0.25,Active,09/21/26
22381,0.39,Inactive,09/21/26
22386,0.29,Inactive,09/21/26
22387,0.35,Inactive,09/21/26
22396,0.29,Inactive,09/21/26
22409,0.15,Active,09/21/26
22416,0.3,Active,09/21/26
22417,0.2,Active,09/21/26
22420,0.29,Active,09/21/26
22423,0.29,Active,09/21/26
22424,0.29,Active,09/21/26
22425,0.29,Active,09/21/26
22427,0.5,Active,09/21/26
22428,0.39,Active,09/21/26
22430,0.25,Inactive,09/21/26
22433,0.49,Active,09/21/26
22445,0.25,Active,09/21/26
22446,0.29,Inactive,09/21/26
22447,0.29,Active,09/21/26
22454,0.5,Inactive,09/21/26
22458,0.5,Active,09/21/26
22464,0.29,Inactive,09/21/26
22466,0.29,Active,09/21/26
22467,0.29,Inactive,09/21/26
22468,0.29,Active,09/21/26
22474,0.29,Active,09/21/26
22481,0.59,Inactive,09/21/26
22492,0.25,Active,09/21/26
22494,0.29,Active,09/21/26
22501,0.39,Active,09/21/26
22506,0.29,Inactive,09/21/26
22509,0.3,Active,09/21/26
22511,0.29,Active,09/21/26
22513,0.25,Active,09/21/26
22519,0.39,Active,09/21/26
22529,0.29,Active,09/21/26
22533,0.35,Active,09/21/26
22534,0.4,Active,09/21/26
22567,0.25,Active,09/21/26
22569,0.39,Inactive,09/21/26
22570,0.39,Inactive,09/21/26
22571,0.29,Inactive,09/21/26
22578,0.39,Inactive,09/21/26
22585,0.29,Active,09/21/26
22588,0.29,Inactive,09/21/26
22591,0.3,Active,09/21/26
22592,0.3,Active,09/21/26
22600,0.29,Active,09/21/26
22608,0.15,Inactive,09/21/26
22609,0.29,Inactive,09/21/26
22610,0.29,Active,09/21/26
22616,0.23,Active,09/21/26
22618,0.39,Active,09/21/26
22620,0.25,Active,09/21/26
22627,0.29,Active,09/21/26
22628,0.25,Inactive,09/21/26
22629,0.1,Active,09/21/26
22634,0.29,Inactive,09/21/26
22637,0.29,Active,09/21/26
22646,0.59,Active,09/21/26
22652,0.4,Active,09/21/26
22654,0.29,Inactive,09/21/26
22657,0.39,Active,09/21/26
22658,0.39,Inactive,09/21/26
22659,0.29,Active,09/21/26
22665,0.25,Active,09/21/26
22666,0.3,Active,09/21/26
22667,0.25,Active,09/21/26
22669,0.29,Active,09/21/26
22683,0.29,Active,09/21/26
22685,0.29,Inactive,09/21/26
22694,0.29,Active,09/21/26
22695,0.2,Active,09/21/26
22697,0.29,Active,09/21/26
22702,0.29,Inactive,09/21/26
22708,0.79,Active,09/21/26
22710,0.25,Inactive,09/21/26
22714,0.29,Active,09/21/26
22719,0.29,Active,09/21/26
22727,0.5,Active,09/21/26
22731,0.29,Inactive,09/21/26
22735,0.25,Active,09/21/26
22738,0.25,Active,09/21/26
22740,0,Active,09/21/26
22750,0.29,Active,09/21/26
22753,0.29,Inactive,09/21/26
22755,0.25,Active,09/21/26
22757,0.29,Inactive,09/21/26
22758,0.29,Active,09/21/26
22772,0.29,Active,09/21/26
22787,0.25,Active,09/21/26
22790,0.29,Inactive,09/21/26
22796,0,Active,09/21/26
22804,0.25,Active,09/21/26
22809,0.39,Active,09/21/26
22810,0.3,Active,09/21/26
22812,0.19,Inactive,09/21/26
22817,0.39,Active,09/21/26
22821,0.39,Active,09/21/26
22829,0.25,Active,09/21/26
22840,0.2,Active,09/21/26
22843,0.79,Active,09/21/26
22844,0.29,Active,09/21/26
22845,0.49,Active,09/21/26
22852,0.3,Inactive,09/21/26
22853,0.25,Active,09/21/26
22859,0.6,Inactive,09/21/26
22869,0.35,Active,09/21/26
22874,0.19,Active,09/21/26
22878,0.27,Active,09/21/26
22884,0.29,Active,09/21/26
22889,0.29,Active,09/21/26
22895,0.25,Active,09/21/26
22899,0.29,Active,09/21/26
22908,0.29,Active,09/21/26
22911,0.3,Active,09/21/26
22935,0.39,Active,09/21/26
22939,0.25,Active,09/21/26
22942,0.29,Active,09/21/26
22943,0.23,Active,09/21/26
22961,0.4,Active,09/21/26
22964,0.29,Active,09/21/26
22975,0.29,Inactive,09/21/26
22982,0.39,Inactive,09/21/26
22984,0.25,Active,09/21/26
22986,0.29,Active,09/21/26
22995,0.25,Active,09/21/26
23002,0.19,Inactive,09/21/26
23005,0,Active,09/21/26
23006,0.23,Active,09/21/26
23008,0.25,Inactive,09/21/26
23009,0.29,Active,09/21/26
23016,0.35,Inactive,09/21/26
23018,0.25,Inactive,09/21/26
23020,0.39,Active,09/21/26
23022,0.29,Active,09/21/26
23023,0.19,Active,09/21/26
23035,0.23,Active,09/21/26
23037,0.25,Active,09/21/26
23038,0.29,Inactive,09/21/26
23039,0.23,Active,09/21/26
23042,0.39,Active,09/21/26
23054,0.29,Inactive,09/21/26
23058,0.25,Active,09/21/26
23059,0.25,Active,09/21/26
23061,0.15,Inactive,09/21/26
23070,0.15,Active,09/21/26
23071,0,Active,09/21/26
23073,0.25,Active,09/21/26
23078,0,Active,09/21/26
23088,0.3,Active,09/21/26
23090,0.23,Active,09/21/26
23093,0.29,Inactive,09/21/26
23097,0.29,Inactive,09/21/26
23100,0.29,Inactive,09/21/26
23105,0.29,Active,09/21/26
23107,0.4,Active,09/21/26
23115,0.5,Inactive,09/21/26
23119,0.29,Inactive,09/21/26
23132,0.29,Inactive,09/21/26
23136,0.1,Inactive,09/21/26
23144,0.39,Active,09/21/26
23148,0.35,Active,09/21/26
23151,0.5,Active,09/21/26
23156,0.29,Inactive,09/21/26
23157,0.25,Active,09/21/26
23178,0.29,Active,09/21/26
23181,0.3,Active,09/21/26
23194,0.25,Active,09/21/26
23208,0.29,Active,09/21/26
23213,0.5,Active,09/21/26
23231,0,Active,09/21/26
23240,0.29,Active,09/21/26
23244,0.5,Active,09/21/26
23249,0.3,Inactive,09/21/26
23254,0.25,Inactive,09/21/26
23260,0.39,Active,09/21/26
23265,0.29,Inactive,09/21/26
23267,0.29,Inactive,09/21/26
23269,0.29,Inactive,09/21/26
23280,0.29,Active,09/21/26
23282,0.29,Active,09/21/26
23283,0.39,Inactive,09/21/26
23287,0.25,Inactive,09/21/26
23290,0.29,Inactive,09/21/26
23291,0.3,Inactive,09/21/26
23299,0.39,Inactive,09/21/26
23301,0.49,Active,09/21/26
23303,0.29,Inactive,09/21/26
23304,0.39,Inactive,09/21/26
23305,0.39,Active,09/21/26
23307,0.25,Active,09/21/26
23310,0.29,Active,09/21/26
23311,0.39,Active,09/21/26
23313,0.3,Active,09/21/26
23315,0.45,Active,09/21/26
23318,0.29,Inactive,09/21/26
23322,0.25,Inactive,09/21/26
23327,0.29,Active,09/21/26
23329,0.29,Active,09/21/26
23340,0.5,Active,09/21/26
23341,0.29,Active,09/21/26
23342,0.39,Active,09/21/26
23345,0.29,Active,09/21/26
23347,0.19,Active,09/21/26
23351,0.29,Active,09/21/26
23358,0.29,Inactive,09/21/26
23366,0.38,Active,09/21/26
23375,0.19,Active,09/21/26
23378,0.5,Active,09/21/26
23381,0.3,Active,09/21/26
23382,0.39,Inactive,09/21/26
23384,0.45,Active,09/21/26
23391,0.3,Active,09/21/26
23392,0.3,Active,09/21/26
23393,0.39,Inactive,09/21/26
23396,0.29,Active,09/21/26
23398,0.13,Active,09/21/26
23405,0.39,Inactive,09/21/26
23408,0.29,Active,09/21/26
23409,0.5,Active,09/21/26
23412,0.39,Active,09/21/26
23413,0.29,Inactive,09/21/26
23418,0.25,Active,09/21/26
23421,0.25,Inactive,09/21/26
23426,0.25,Active,09/21/26
23429,0.29,Active,09/21/26
23434,0,Active,09/21/26
23437,0.29,Active,09/21/26
23438,0.29,Active,09/21/26
23441,0.29,Inactive,09/21/26
23450,0.4,Active,09/21/26
23456,0.5,Inactive,09/21/26
23458,0.29,Inactive,09/21/26
23459,0.25,Inactive,09/21/26
23463,0.69,Active,09/21/26
23465,0.3,Active,09/21/26
23466,0.29,Active,09/21/26
23467,0.29,Active,09/21/26
23468,0.39,Inactive,09/21/26
23475,0.3,Active,09/21/26
23476,0.29,Active,09/21/26
23477,0.25,Active,09/21/26
23481,0.39,Active,09/21/26
23484,0.29,Active,09/21/26
23486,0.29,Active,09/21/26
23491,0.29,Active,09/21/26
23492,0.29,Inactive,09/21/26
23510,0.39,Active,09/21/26
23514,0.39,Inactive,09/21/26
23516,0.25,Active,09/21/26
23519,0.29,Active,09/21/26
23521,0.3,Inactive,09/21/26
23523,0.19,Inactive,09/21/26
23529,0.3,Active,09/21/26
23533,0.22,Inactive,09/21/26
23538,0.25,Inactive,09/21/26
23540,0.25,Active,09/21/26
23545,0.39,Active,09/21/26
23546,0.29,Active,09/21/26
23547,0.25,Active,09/21/26
23548,0.25,Active,09/21/26
23554,0.1,Active,09/21/26
23555,0.29,Active,09/21/26
23556,0.29,Active,09/21/26
23557,0.25,Active,09/21/26
23573,0.39,Inactive,09/21/26
23578,0.39,Active,09/21/26
23584,0.15,Active,09/21/26
23594,0.29,Active,09/21/26
23601,0.49,Active,09/21/26
23606,0.25,Active,09/21/26
23607,0.29,Active,09/21/26
23614,0.29,Active,09/21/26
23615,0.25,Inactive,09/21/26
23622,0.5,Active,09/21/26
23623,0.29,Active,09/21/26
23633,0.19,Active,09/21/26
23644,0.29,Active,09/21/26
23652,0.25,Active,09/21/26
23653,0.25,Inactive,09/21/26
23659,0.29,Active,09/21/26
23660,0.29,Active,09/21/26
23661,0.29,Active,09/21/26
23662,0.39,Active,09/21/26
23664,0.39,Active,09/21/26
23665,0.25,Inactive,09/21/26
23667,0.39,Active,09/21/26
23668,0.3,Active,09/21/26
23670,0.5,Active,09/21/26
23673,0.35,Active,09/21/26
23674,0.29,Inactive,09/21/26
23684,0.39,Inactive,09/21/26
23687,0.3,Active,09/21/26
23689,0.29,Active,09/21/26
23691,0.25,Active,09/21/26
23704,0.25,Inactive,09/21/26
23707,0.29,Active,09/21/26
23708,0.29,Active,09/21/26
23718,0.25,Inactive,09/21/26
23719,0.25,Active,09/21/26
23720,0.25,Active,09/21/26
23721,0.25,Active,09/21/26
23722,0.25,Active,09/21/26
23727,0.29,Inactive,09/21/26
23728,0.29,Active,09/21/26
23730,0.29,Active,09/21/26
23736,0.35,Inactive,09/21/26
23746,0.25,Active,09/21/26
23749,0.23,Active,09/21/26
23752,0.2,Inactive,09/21/26
23753,0.29,Active,09/21/26
23754,0.25,Active,09/21/26
23755,0,Active,09/21/26
23758,0.15,Active,09/21/26
23763,0,Active,09/21/26
23767,0.29,Inactive,09/21/26
23780,0.19,Inactive,09/21/26
23781,0.29,Active,09/21/26
23782,0.29,Active,09/21/26
23783,0.29,Active,09/21/26
23784,0.3,Inactive,09/21/26
23786,0.19,Active,09/21/26
23787,0.25,Inactive,09/21/26
23794,0.25,Inactive,09/21/26
23796,0.45,Active,09/21/26
23802,0.29,Active,09/21/26
23803,0.13,Active,09/21/26
23812,0.19,Inactive,09/21/26
23813,0.29,Active,09/21/26
23817,0.29,Active,09/21/26
23822,0.29,Inactive,09/21/26
23826,0.19,Active,09/21/26
23827,0.3,Active,09/21/26
23830,0.29,Inactive,09/21/26
23832,0.6,Active,09/21/26
23837,0.25,Inactive,09/21/26
23841,0.25,Active,09/21/26
23843,0.39,Active,09/21/26
23844,0.29,Inactive,09/21/26
23853,0.39,Active,09/21/26
23859,0.39,Active,09/21/26
23867,0.25,Inactive,09/21/26
23868,0.39,Inactive,09/21/26
23878,0.35,Active,09/21/26
23884,0.19,Inactive,09/21/26
23892,0.25,Inactive,09/21/26
23894,0.29,Active,09/21/26
23895,0.35,Active,09/21/26
23897,0.25,Active,09/21/26
23909,0.29,Active,09/21/26
24028,0.25,Active,09/21/26
24030,0.1,Active,09/21/26
24031,0.29,Active,09/21/26
24035,0.59,Inactive,09/21/26
24037,0.29,Active,09/21/26
24038,0.13,Active,09/21/26
24042,0.29,Active,09/21/26
24046,0.3,Active,09/21/26
24048,0.5,Active,09/21/26
24050,0.39,Active,09/21/26
24051,0.25,Active,09/21/26
24053,0.25,Active,09/21/26
24054,0.2,Active,09/21/26
24068,0.29,Inactive,09/21/26
24070,0.29,Active,09/21/26
24075,0.29,Active,09/21/26
24077,0.4,Active,09/21/26
24078,0.29,Inactive,09/21/26
24080,0.5,Active,09/21/26
24090,0.39,Active,09/21/26
24092,0.25,Inactive,09/21/26
24103,0.5,Active,09/21/26
24104,0.29,Active,09/21/26
24106,0.25,Active,09/21/26
24108,0.15,Active,09/21/26
24109,0.25,Inactive,09/21/26
24113,0.35,Active,09/21/26
24119,0.39,Inactive,09/21/26
24121,0.2,Inactive,09/21/26
24126,0.1,Inactive,09/21/26
24127,0,Inactive,09/21/26
24131,0.29,Active,09/21/26
24135,0.29,Active,09/21/26
24143,0.25,Inactive,09/21/26
24148,0.25,Active,09/21/26
24161,0.3,Active,09/21/26
24184,0.3,Inactive,09/21/26
24206,0.39,Active,09/21/26
24208,0.3,Active,09/21/26
24217,0.29,Active,09/21/26
24220,0.29,Active,09/21/26
24221,0.29,Active,09/21/26
24235,0.29,Active,09/21/26
24239,0.39,Inactive,09/21/26
24248,0.1,Active,09/21/26
24251,0.29,Inactive,09/21/26
24255,0.25,Active,09/21/26
24256,0.29,Inactive,09/21/26
24257,0.19,Active,09/21/26
24259,0.29,Active,09/21/26
24260,0.15,Inactive,09/21/26
24266,0.29,Active,09/21/26
24270,0.25,Inactive,09/21/26
24273,0.49,Active,09/21/26
24278,0.59,Inactive,09/21/26
24284,0.13,Active,09/21/26
24290,0.2,Active,09/21/26
24291,0.25,Active,09/21/26
24294,0.25,Active,09/21/26
24296,0.29,Active,09/21/26
24298,0.25,Active,09/21/26
24304,0.2,Active,09/21/26
24305,0.29,Active,09/21/26
24306,0.25,Active,09/21/26
24307,0.5,Active,09/21/26
24308,0.29,Inactive,09/21/26
24309,0.29,Active,09/21/26
24310,0.39,Active,09/21/26
24311,0.25,Inactive,09/21/26
24313,0.29,Inactive,09/21/26
24316,0.29,Inactive,09/21/26
24317,0.39,Active,09/21/26
24322,0.2,Inactive,09/21/26
24325,0.39,Inactive,09/21/26
24327,0.5,Active,09/21/26
24330,0.29,Active,09/21/26
24334,0.49,Inactive,09/21/26
24335,0.29,Active,09/21/26
24337,0.29,Active,09/21/26
24338,0.39,Inactive,09/21/26
24343,0.25,Active,09/21/26
24344,0.25,Active,09/21/26
24345,0.2,Inactive,09/21/26
24346,0.29,Active,09/21/26
24347,0.39,Inactive,09/21/26
24352,0.39,Inactive,09/21/26
24357,0.39,Inactive,09/21/26
24360,0.39,Active,09/21/26
24364,0.39,Active,09/21/26
24366,0.25,Active,09/21/26
24370,0.3,Inactive,09/21/26
24375,0.25,Active,09/21/26
24376,0.39,Active,09/21/26
24379,0.3,Active,09/21/26
24381,0.25,Active,09/21/26
24382,0.25,Active,09/21/26
24384,0.25,Active,09/21/26
24387,0.3,Inactive,09/21/26
24388,0,Active,09/21/26
24399,0.29,Inactive,09/21/26
24404,0.35,Inactive,09/21/26
24406,0.39,Active,09/21/26
24432,0.69,Active,09/21/26
24439,0,Active,09/21/26
24444,0.25,Active,09/21/26
24446,0.29,Active,09/21/26
24448,0,Inactive,09/21/26
24462,0.25,Active,09/21/26
24468,0,Active,09/21/26
24471,0.29,Active,09/21/26
24473,0.29,Active,09/21/26
24477,0.29,Active,09/21/26
24480,0,Active,09/21/26
24486,0.5,Inactive,09/21/26
24487,0.59,Active,09/21/26
24488,0.29,Inactive,09/21/26
24497,0.29,Active,09/21/26
24498,0.25,Active,09/21/26
24499,0.29,Active,09/21/26
24507,0.39,Inactive,09/21/26
24510,0.29,Active,09/21/26
24524,0.4,Inactive,09/21/26
24527,0.25,Active,09/21/26
24530,0.29,Inactive,09/21/26
24532,0.25,Active,09/21/26
24536,0.29,Active,09/21/26
24542,0.39,Inactive,09/21/26
24544,0.1,Active,09/21/26
24548,0.2,Inactive,09/21/26
24554,0.29,Inactive,09/21/26
24569,0.29,Inactive,09/21/26
24570,0.25,Inactive,09/21/26
24572,0.4,Inactive,09/21/26
24573,0.25,Active,09/21/26
24574,0,Inactive,09/21/26
24575,0,Inactive,09/21/26
24582,0.39,Active,09/21/26
24583,0.29,Active,09/21/26
24584,0.25,Active,09/21/26
24588,0.29,Active,09/21/26
24592,0.29,Inactive,09/21/26
24601,0,Inactive,09/21/26
24603,0.29,Inactive,09/21/26
24606,0.29,Active,09/21/26
24610,0.25,Active,09/21/26
24613,0.25,Active,09/21/26
24614,0.29,Active,09/21/26
24620,0.29,Active,09/21/26
24621,0.29,Inactive,09/21/26
24632,0.29,Active,09/21/26
24633,0.2,Active,09/21/26
24635,0.59,Inactive,09/21/26
24636,0.25,Active,09/21/26
24646,0.3,Inactive,09/21/26
24647,0.15,Active,09/21/26
24652,0.3,Active,09/21/26
24655,0.29,Active,09/21/26
24659,0.25,Active,09/21/26
24666,0.39,Active,09/21/26
24671,0.25,Active,09/21/26
24672,0.25,Active,09/21/26
24675,0.35,Active,09/21/26
24678,0,Active,09/21/26
24680,0.45,Active,09/21/26
24681,0.29,Active,09/21/26
24682,0.29,Inactive,09/21/26
24689,0.22,Inactive,09/21/26
24690,0,Inactive,09/21/26
24692,0.39,Active,09/21/26
24695,0.39,Inactive,09/21/26
24699,0.29,Active,09/21/26
24700,0.3,Active,09/21/26
24701,0.49,Active,09/21/26
24703,0.39,Inactive,09/21/26
24707,0.3,Active,09/21/26
24711,0.29,Active,09/21/26
24712,0.29,Active,09/21/26
24718,0.29,Active,09/21/26
24722,0.39,Active,09/21/26
24724,0.29,Inactive,09/21/26
24726,0.39,Inactive,09/21/26
24728,0.29,Active,09/21/26
24729,0,Active,09/21/26
24733,0.25,Active,09/21/26
24736,0.25,Active,09/21/26
24739,0.29,Inactive,09/21/26
24755,0.25,Active,09/21/26
24756,0.39,Active,09/21/26
24757,0.25,Active,09/21/26
24764,0.29,Active,09/21/26
24768,0.29,Active,09/21/26
24771,0.25,Active,09/21/26
24776,0.29,Inactive,09/21/26
24780,0.35,Active,09/21/26
24789,0.19,Active,09/21/26
24790,0.5,Active,09/21/26
24794,0.39,Active,09/21/26
24797,0.29,Active,09/21/26
24799,0.39,Active,09/21/26
24801,0.29,Active,09/21/26
24808,0.39,Active,09/21/26
24809,0.29,Active,09/21/26
24818,0.29,Inactive,09/21/26
24831,0.5,Inactive,09/21/26
24835,0.39,Active,09/21/26
24837,0.15,Active,09/21/26
24854,0.39,Inactive,09/21/26
24860,0.25,Inactive,09/21/26
24870,0.35,Active,09/21/26
24871,0.29,Inactive,09/21/26
24873,0.29,Active,09/21/26
24875,0.25,Active,09/21/26
24878,0.3,Inactive,09/21/26
24879,0.29,Active,09/21/26
24881,0.29,Active,09/21/26
24882,0.25,Inactive,09/21/26
24885,0.25,Active,09/21/26
24890,0.25,Active,09/21/26
24893,0.3,Inactive,09/21/26
24894,0.39,Active,09/21/26
24895,0.39,Active,09/21/26
24898,0.1,Active,09/21/26
24901,0.39,Active,09/21/26
24903,0.25,Active,09/21/26
24905,0.5,Inactive,09/21/26
24911,0.25,Active,09/21/26
24917,0.29,Active,09/21/26
24919,0.3,Active,09/21/26
24921,0.2,Inactive,09/21/26
24923,0.3,Active,09/21/26
24925,0.29,Active,09/21/26
24935,0.29,Active,09/21/26
24939,0.25,Active,09/21/26
24948,0.29,Active,09/21/26
24950,0.29,Inactive,09/21/26
24951,0.25,Active,09/21/26
24955,0.29,Active,09/21/26
24961,0.39,Active,09/21/26
24963,0.29,Active,09/21/26
24975,0.39,Active,09/21/26
24976,0.5,Inactive,09/21/26
24981,0.39,Active,09/21/26
24982,0.29,Active,09/21/26
24984,0.29,Active,09/21/26
24988,0.19,Inactive,09/21/26
24992,0.29,Active,09/21/26
24995,0.29,Inactive,09/21/26
24997,0.4,Active,09/21/26
24998,0.29,Active,09/21/26
24999,0.35,Active,09/21/26
25000,0.59,Active,09/21/26
25005,0.2,Active,09/21/26
25007,0.39,Active,09/21/26
25025,0.25,Active,09/21/26
25026,0.25,Active,09/21/26
25046,0.29,Active,09/21/26
25050,0.29,Active,09/21/26
25052,0.39,Active,09/21/26
25053,0.29,Inactive,09/21/26
25055,0.29,Inactive,09/21/26
25056,0.39,Inactive,09/21/26
25060,0.25,Inactive,09/21/26
25063,0.25,Active,09/21/26
25073,0.29,Active,09/21/26
25077,0.59,Active,09/21/26
25079,0.25,Active,09/21/26
25086,0.35,Inactive,09/21/26
25088,Not Priced,Inactive,
25093,0.25,Inactive,09/21/26
25100,0.29,Inactive,09/21/26
25102,0.39,Inactive,09/21/26
25106,0.4,Active,09/21/26
25110,0.25,Active,09/21/26
25112,0.25,Active,09/21/26
25114,0.29,Inactive,09/21/26
25115,0.29,Active,09/21/26
25116,0.5,Inactive,09/21/26
25117,0.29,Active,09/21/26
25118,0.5,Inactive,09/21/26
25119,0.5,Inactive,09/21/26
25123,0.29,Active,09/21/26
25124,0.3,Inactive,09/21/26
25126,0.29,Active,09/21/26
25131,0.45,Active,09/21/26
25139,0.39,Active,09/21/26
25148,0.39,Active,09/21/26
25151,0.2,Active,09/21/26
25154,0.29,Active,09/21/26
25155,0.29,Inactive,09/21/26
25162,0.29,Active,09/21/26
25164,0.29,Active,09/21/26
25165,0.29,Inactive,09/21/26
25166,0.29,Active,09/21/26
25169,0.39,Inactive,09/21/26
25183,0.25,Inactive,09/21/26
25184,0.29,Inactive,09/21/26
25186,0.25,Active,09/21/26
25187,0.59,Active,09/21/26
25192,0.3,Inactive,09/21/26
25194,0,Inactive,09/21/26
25205,0.25,Inactive,09/21/26
25207,0.29,Active,09/21/26
25208,0.29,Active,09/21/26
25209,0.29,Active,09/21/26
25211,0.29,Active,09/21/26
25215,0.29,Inactive,09/21/26
25223,0.3,Active,09/21/26
25230,0.29,Active,09/21/26
25232,0.35,Active,09/21/26
25237,0.19,Inactive,09/21/26
25238,0.2,Inactive,09/21/26
25239,0.3,Inactive,09/21/26
25240,0.2,Active,09/21/26
25245,0.39,Inactive,09/21/26
25248,0.29,Active,09/21/26
25250,0.29,Inactive,09/21/26
25251,0.3,Active,09/21/26
25253,0.29,Active,09/21/26
25255,0.25,Active,09/21/26
25257,0.3,Active,09/21/26
25261,0.25,Active,09/21/26
25269,0.29,Active,09/21/26
25272,0.39,Active,09/21/26
25273,Not Priced,Inactive,
25276,0.25,Active,09/21/26
25283,0.29,Inactive,09/21/26
25290,0.29,Active,09/21/26
25291,0.29,Inactive,09/21/26
25293,0.39,Active,09/21/26
25295,0.29,Inactive,09/21/26
25298,0.39,Active,09/21/26
25300,0.29,Active,09/21/26
25301,0.39,Inactive,09/21/26
25310,0.39,Active,09/21/26
25317,Not Priced,Inactive,
25319,0.25,Active,09/21/26
25320,0.5,Active,09/21/26
25325,0.25,Inactive,09/21/26
25329,0.35,Active,09/21/26
25335,0,Inactive,09/21/26
25336,0.5,Inactive,09/21/26
25340,0.29,Active,09/21/26
25344,0.15,Active,09/21/26
25345,0.25,Active,09/21/26
25349,0.25,Active,09/21/26
25352,0.25,Inactive,09/21/26
25356,0.5,Active,09/21/26
25360,0.25,Inactive,09/21/26
25361,0.39,Active,09/21/26
25363,0.35,Inactive,09/21/26
25366,0.2,Active,09/21/26
25372,0.29,Active,09/21/26
25373,0.3,Active,09/21/26
25374,0.29,Active,09/21/26
25375,0.29,Active,09/21/26
25377,0.3,Active,09/21/26
25380,0.29,Inactive,09/21/26
25383,0.25,Active,09/21/26
25384,0.49,Active,09/21/26
25385,0.3,Active,09/21/26
25386,0.29,Active,09/21/26
25393,0.29,Active,09/21/26
25397,Not Priced,Inactive,
25398,0.29,Active,09/21/26
25403,0,Inactive,09/21/26
25405,0,Active,09/21/26
25411,0.25,Inactive,09/21/26
25412,0.5,Inactive,09/21/26
25416,0.35,Active,09/21/26
25417,0.29,Inactive,09/21/26
25420,0.29,Active,09/21/26
25428,0.39,Inactive,09/21/26
25429,0.29,Active,09/21/26
25431,0.39,Active,09/21/26
25433,0.59,Inactive,09/21/26
25436,0.39,Inactive,09/21/26
25445,0.29,Active,09/21/26
25449,0.25,Inactive,09/21/26
25451,0.29,Active,09/21/26
25452,0.1,Inactive,09/21/26
25463,0.29,Active,09/21/26
25465,0.26,Inactive,09/21/26
25466,0.25,Inactive,09/21/26
25467,0.29,Active,09/21/26
25470,0.35,Active,09/21/26
25476,0.25,Active,09/21/26
25479,0.39,Active,09/21/26
25482,0.29,Active,09/21/26
25486,0.25,Active,09/21/26
25489,0.25,Active,09/21/26
25490,0.29,Inactive,09/21/26
25492,0.25,Active,09/21/26
25499,0.5,Inactive,09/21/26
25500,0.24,Active,09/21/26
25502,0.29,Active,09/21/26
25509,0.39,Active,09/21/26
25520,0.25,Active,09/21/26
25526,0.29,Inactive,09/21/26
25534,0.3,Active,09/21/26
25539,0.25,Active,09/21/26
25542,0.45,Inactive,09/21/26
25545,0.29,Inactive,09/21/26
25550,0.29,Active,09/21/26
25553,0.29,Active,09/21/26
25554,0.29,Active,09/21/26
25557,0.29,Active,09/21/26
25565,0.29,Active,09/21/26
25567,0.29,Active,09/21/26
25570,0.19,Active,09/21/26
25571,0.5,Active,09/21/26
25573,0.29,Active,09/21/26
25574,0.42,Active,09/21/26
25575,0.25,Active,09/21/26
25582,0.29,Active,09/21/26
25586,0.25,Active,09/21/26
25591,0,Active,09/21/26
25592,0.25,Active,09/21/26
25594,0.29,Inactive,09/21/26
25596,0.25,Active,09/21/26
25597,0.25,Active,09/21/26
25599,0.25,Active,09/21/26
25600,0.59,Active,09/21/26
25601,0.39,Active,09/21/26
25602,0.49,Active,09/21/26
25604,0.25,Active,09/21/26
25614,0.25,Active,09/21/26
25615,0.39,Active,09/21/26
25618,0.59,Active,09/21/26
25626,0,Active,09/21/26
25628,0.25,Active,09/21/26
25634,0.39,Active,09/21/26
25635,0.29,Active,09/21/26
25636,Not Priced,Inactive,
25641,0.3,Active,09/21/26
25642,0.29,Active,09/21/26
25643,0.25,Inactive,09/21/26
25647,0.2,Inactive,09/21/26
25648,0.25,Active,09/21/26
25649,0.19,Inactive,09/21/26
25652,0.59,Inactive,09/21/26
25654,0.15,Inactive,09/21/26
25659,0.25,Inactive,09/21/26
25662,0.29,Inactive,09/21/26
25665,0.29,Active,09/21/26
25666,0.39,Inactive,09/21/26
25668,0.29,Inactive,09/21/26
25680,0.29,Active,09/21/26
25683,0.29,Active,09/21/26
25687,0.29,Active,09/21/26
25688,Not Priced,Inactive,
25691,0.25,Active,09/21/26
25696,0.29,Inactive,09/21/26
25697,0.29,Inactive,09/21/26
25700,0.29,Inactive,09/21/26
25702,0.25,Active,09/21/26
25704,0.15,Active,09/21/26
25705,0.39,Active,09/21/26
25706,0.3,Inactive,09/21/26
25711,0.39,Active,09/21/26
25720,0.1,Active,09/21/26
25722,0.29,Active,09/21/26
25723,0.1,Active,09/21/26
25724,0.54,Inactive,09/21/26
25725,0.29,Inactive,09/21/26
25726,0.29,Active,09/21/26
25733,0.29,Active,09/21/26
25734,0.39,Active,09/21/26
25736,0,Active,09/21/26
25738,0.3,Active,09/21/26
25740,0.29,Inactive,09/21/26
25741,0.39,Inactive,09/21/26
25743,0.29,Active,09/21/26
25745,0.29,Active,09/21/26
25746,0.25,Inactive,09/21/26
25748,0.29,Inactive,09/21/26
25751,0.3,Active,09/21/26
25755,0.29,Inactive,09/21/26
25757,0.59,Active,09/21/26
25758,0.5,Active,09/21/26
25762,0.29,Active,09/21/26
25768,0.25,Active,09/21/26
25780,0.29,Active,09/21/26
25781,0.3,Inactive,09/21/26
25790,0.29,Active,09/21/26
25793,0.25,Inactive,09/21/26
25797,0.39,Active,09/21/26
25798,0.29,Active,09/21/26
25802,0.29,Active,09/21/26
25804,0.5,Active,09/21/26
25811,0.39,Active,09/21/26
25813,0.29,Inactive,09/21/26
25824,0.5,Inactive,09/21/26
25827,0.35,Active,09/21/26
25828,0.25,Inactive,09/21/26
25829,0.49,Active,09/21/26
25831,0.29,Active,09/21/26
25836,0.29,Active,09/21/26
25847,0.2,Active,09/21/26
25848,0.39,Inactive,09/21/26
25849,0.39,Inactive,09/21/26
25857,0.29,Inactive,09/21/26
25868,0.29,Inactive,09/21/26
25870,0.49,Active,09/21/26
25871,0.3,Active,09/21/26
25879,0.1,Active,09/21/26
25895,0.29,Inactive,09/21/26
25896,0.29,Inactive,09/21/26
25899,0.29,Active,09/21/26
25905,0.39,Inactive,09/21/26
25906,0.15,Active,09/21/26
25908,0.29,Inactive,09/21/26
25911,0.15,Inactive,09/21/26
25923,0.25,Active,09/21/26
25927,0.3,Inactive,09/21/26
25928,0.29,Active,09/21/26
25929,0.25,Active,09/21/26
25930,0.3,Inactive,09/21/26
25931,0.3,Inactive,09/21/26
25933,0.3,Inactive,09/21/26
25934,0.25,Active,09/21/26
25936,0.25,Active,09/21/26
25937,0.25,Active,09/21/26
25939,0.39,Active,09/21/26
25945,0.1,Inactive,09/21/26
25947,0.29,Inactive,09/21/26
25953,0.25,Active,09/21/26
25963,0.15,Inactive,09/21/26
25973,0.39,Inactive,09/21/26
25982,0.29,Inactive,09/21/26
25986,0.29,Active,09/21/26
25987,0.4,Active,09/21/26
25988,0.25,Inactive,09/21/26
25992,0.25,Active,09/21/26
25999,0.29,Inactive,09/21/26
26023,0.25,Active,09/21/26
26036,0.29,Active,09/21/26
26067,0.39,Active,09/21/26
26074,0.15,Active,09/21/26
26080,0.25,Active,09/21/26
26081,0.13,Active,09/21/26
26085,0.29,Active,09/21/26
26087,0.25,Active,09/21/26
26091,0.29,Inactive,09/21/26
26099,0.39,Inactive,09/21/26
26100,0.29,Active,09/21/26
26108,0.25,Inactive,09/21/26
26110,0.29,Active,09/21/26
26112,0.35,Inactive,09/21/26
26114,0.25,Active,09/21/26
26124,0.15,Active,09/21/26
26126,0.29,Active,09/21/26
26127,0.25,Inactive,09/21/26
26128,0.25,Inactive,09/21/26
26133,0.29,Active,09/21/26
26143,0.25,Active,09/21/26
26146,0.29,Active,09/21/26
26147,0.39,Active,09/21/26
26150,0,Active,09/21/26
26155,0.39,Active,09/21/26
26157,0.39,Active,09/21/26
26160,0.25,Active,09/21/26
26162,0.29,Inactive,09/21/26
26163,0.39,Active,09/21/26
26170,0.39,Active,09/21/26
26171,0.25,Active,09/21/26
26172,0.19,Inactive,09/21/26
26174,0.3,Active,09/21/26
26178,0.29,Inactive,09/21/26
26184,0.2,Inactive,09/21/26
26186,0.25,Active,09/21/26
26187,0.2,Inactive,09/21/26
26202,0.29,Inactive,09/21/26
26203,0.29,Active,09/21/26
26206,0.29,Active,09/21/26
26210,0.3,Active,09/21/26
26212,0.3,Active,09/21/26
26219,0.29,Inactive,09/21/26
26226,0.25,Inactive,09/21/26
26230,0.29,Active,09/21/26
26233,0.29,Active,09/21/26
26234,0.3,Active,09/21/26
26241,0.39,Active,09/21/26
26242,0.5,Active,09/21/26
26244,0.25,Inactive,09/21/26
26245,0.35,Active,09/21/26
26246,0.29,Active,09/21/26
26248,0.35,Active,09/21/26
26249,0.17,Active,09/21/26
26250,0.39,Active,09/21/26
26251,0.25,Active,09/21/26
26252,0.39,Active,09/21/26
26253,0.3,Active,09/21/26
26259,0.29,Active,09/21/26
26263,0.5,Active,09/21/26
26269,0.3,Active,09/21/26
26272,0.39,Inactive,09/21/26
26275,0.29,Inactive,09/21/26
26284,0.29,Active,09/21/26
26289,0.29,Active,09/21/26
26298,0.29,Active,09/21/26
26301,0.25,Active,09/21/26
26302,0.29,Active,09/21/26
26303,0.49,Active,09/21/26
26312,0.25,Active,09/21/26
26314,0.39,Inactive,09/21/26
26315,0.39,Active,09/21/26
26316,0,Inactive,09/21/26
26317,0.29,Active,09/21/26
26331,0.29,Inactive,09/21/26
26332,0.5,Inactive,09/21/26
26334,0.15,Active,09/21/26
26335,0.29,Active,09/21/26
26336,0.29,Active,09/21/26
26341,0.39,Active,09/21/26
26344,0.29,Active,09/21/26
26345,0.25,Inactive,09/21/26
26347,0.19,Active,09/21/26
26348,0.29,Active,09/21/26
26349,0.25,Active,09/21/26
26350,0.3,Inactive,09/21/26
26354,0.29,Active,09/21/26
26358,0.26,Inactive,09/21/26
26359,0.3,Inactive,09/21/26
26361,0.39,Active,09/21/26
26362,0.29,Active,09/21/26
26381,0.25,Active,09/21/26
26384,0.25,Active,09/21/26
26387,0.49,Active,09/21/26
26393,0.25,Inactive,09/21/26
26394,0.29,Inactive,09/21/26
26397,0.35,Active,09/21/26
26398,0.29,Active,09/21/26
26401,0.29,Active,09/21/26
26411,0.39,Active,09/21/26
26413,0.29,Inactive,09/21/26
26414,0.25,Active,09/21/26
26418,0.29,Active,09/21/26
26420,0.25,Active,09/21/26
26427,0.29,Active,09/21/26
26431,0.29,Inactive,09/21/26
26436,0.29,Inactive,09/21/26
26438,0.25,Inactive,09/21/26
26439,0.19,Active,09/21/26
26442,0.39,Inactive,09/21/26
26445,0.3,Active,09/21/26
26447,0.25,Active,09/21/26
26449,0.2,Active,09/21/26
26451,0.29,Active,09/21/26
26454,0.23,Active,09/21/26
26466,0.29,Active,09/21/26
26468,0.75,Active,09/21/26
26469,0.29,Active,09/21/26
26474,0.29,Active,09/21/26
26475,0.29,Active,09/21/26
26477,0.1,Inactive,09/21/26
26478,0.29,Active,09/21/26
26480,0.25,Active,09/21/26
26481,0.42,Active,09/21/26
26482,0.29,Active,09/21/26
26483,0.29,Active,09/21/26
26487,0.25,Active,09/21/26
26489,0.29,Active,09/21/26
26490,0.29,Active,09/21/26
26495,0.29,Inactive,09/21/26
26496,0.29,Inactive,09/21/26
26497,0.15,Active,09/21/26
26499,0.29,Active,09/21/26
26508,0,Active,09/21/26
26511,0.45,Active,09/21/26
26516,0.29,Inactive,09/21/26
26517,0.29,Inactive,09/21/26
26518,0.29,Inactive,09/21/26
26519,0.29,Active,09/21/26
26522,0.75,Active,09/21/26
26529,0.29,Active,09/21/26
26530,0.29,Active,09/21/26
26531,0.49,Active,09/21/26
26537,0.3,Inactive,09/21/26
26538,0.25,Active,09/21/26
26541,0.49,Active,09/21/26
26543,0.29,Active,09/21/26
26545,0.3,Active,09/21/26
26546,0.29,Inactive,09/21/26
26547,0.29,Active,09/21/26
26548,0.29,Active,09/21/26
26553,0.29,Active,09/21/26
26557,0.39,Inactive,09/21/26
26558,0.29,Active,09/21/26
26571,0.25,Active,09/21/26
26577,0.29,Active,09/21/26
26582,0.29,Active,09/21/26
26588,0.25,Inactive,09/21/26
26590,0.39,Active,09/21/26
26592,0.25,Inactive,09/21/26
26593,0.19,Inactive,09/21/26
26594,0.29,Active,09/21/26
26595,0.3,Inactive,09/21/26
26596,0.3,Active,09/21/26
26607,0.15,Active,09/21/26
26608,0,Active,09/21/26
26609,0.25,Active,09/21/26
26613,0.35,Active,09/21/26
26619,0.29,Active,09/21/26
26624,0.29,Active,09/21/26
26625,0.29,Active,09/21/26
26626,0.3,Active,09/21/26
26627,0.35,Inactive,09/21/26
26628,0.25,Inactive,09/21/26
26633,0.39,Active,09/21/26
26635,0.15,Active,09/21/26
26636,0.25,Inactive,09/21/26
26641,0.29,Inactive,09/21/26
26642,0.49,Active,09/21/26
26643,0.39,Active,09/21/26
26644,0.29,Active,09/21/26
26655,0.49,Active,09/21/26
26656,0.29,Active,09/21/26
26657,0.3,Active,09/21/26
26667,0.49,Inactive,09/21/26
26673,0.29,Active,09/21/26
26674,0.29,Active,09/21/26
26683,0.29,Inactive,09/21/26
26690,0.2,Active,09/21/26
26691,0.35,Active,09/21/26
26692,0.29,Active,09/21/26
26698,0.25,Active,09/21/26
26706,0.39,Active,09/21/26
26720,0,Active,09/21/26
26722,0.29,Inactive,09/21/26
26723,0.49,Inactive,09/21/26
26729,0.29,Active,09/21/26
26737,0.39,Active,09/21/26
26740,0.39,Inactive,09/21/26
26741,0.29,Inactive,09/21/26
26758,0.29,Active,09/21/26
26761,0,Inactive,09/21/26
26763,0.35,Active,09/21/26
26764,0.25,Inactive,09/21/26
26777,0.39,Inactive,09/21/26
26778,0.3,Active,09/21/26
26780,0.29,Inactive,09/21/26
26782,0.29,Active,09/21/26
26788,0.29,Active,09/21/26
26796,0.25,Inactive,09/21/26
26809,0.39,Active,09/21/26
26810,0.29,Inactive,09/21/26
26812,0.25,Active,09/21/26
26820,0.29,Active,09/21/26
26822,0.1,Active,09/21/26
26824,0.25,Active,09/21/26
26825,0.29,Active,09/21/26
26827,0.29,Active,09/21/26
26828,Not Priced,Inactive,
26830,0.29,Active,09/21/26
26833,0.29,Inactive,09/21/26
26834,0.29,Inactive,09/21/26
26839,Not Priced,Inactive,
26850,0.39,Inactive,09/21/26
26855,0.29,Inactive,09/21/26
26864,0.39,Inactive,09/21/26
26869,0.39,Active,09/21/26
26871,0.23,Active,09/21/26
26873,0.35,Active,09/21/26
26889,0.25,Active,09/21/26
26892,0.25,Active,09/21/26
26895,0.25,Active,09/21/26
26898,0,Inactive,09/21/26
26900,0.25,Active,09/21/26
26903,0.25,Active,09/21/26
26905,0.39,Inactive,09/21/26
26906,0.29,Active,09/21/26
26912,0.39,Inactive,09/21/26
26916,0.35,Active,09/21/26
26919,0.29,Inactive,09/21/26
26920,0.25,Inactive,09/21/26
26922,0.29,Active,09/21/26
26924,0.29,Active,09/21/26
26926,0.29,Inactive,09/21/26
26927,0.25,Active,09/21/26
26928,0.39,Inactive,09/21/26
26929,0.3,Active,09/21/26
26936,0.35,Active,09/21/26
26941,0.29,Active,09/21/26
26954,0.3,Active,09/21/26
26957,0.25,Inactive,09/21/26
26959,0.39,Active,09/21/26
26960,0.29,Active,09/21/26
26966,0,Active,09/21/26
26979,0.35,Active,09/21/26
26985,0.25,Active,09/21/26
26989,0.25,Active,09/21/26
27001,0.39,Active,09/21/26
27004,0.29,Active,09/21/26
27008,0.39,Inactive,09/21/26
27026,0.19,Active,09/21/26
27027,0.2,Active,09/21/26
27040,0.19,Inactive,09/21/26
27044,0.29,Active,09/21/26
27047,0.3,Active,09/21/26
27050,0.29,Active,09/21/26
27053,0.3,Inactive,09/21/26
27054,0.3,Active,09/21/26
27056,0.25,Active,09/21/26
27057,0.29,Inactive,09/21/26
27062,0.35,Active,09/21/26
27066,0.29,Inactive,09/21/26
27077,0.4,Inactive,09/21/26
27095,0.2,Active,09/21/26
27097,0.3,Active,09/21/26
27111,0.29,Active,09/21/26
27113,0.29,Active,09/21/26
27117,0.25,Inactive,09/21/26
27121,0.39,Active,09/21/26
27122,0.29,Active,09/21/26
27126,0.29,Active,09/21/26
27133,0.29,Inactive,09/21/26
27135,0.29,Active,09/21/26
27141,0.29,Active,09/21/26
27142,0.29,Inactive,09/21/26
27144,0,Active,09/21/26
27150,0.29,Inactive,09/21/26
27153,0,Active,09/21/26
27159,0.29,Active,09/21/26
27164,0.5,Inactive,09/21/26
27165,0.29,Active,09/21/26
27171,0.29,Active,09/21/26
27173,0.25,Inactive,09/21/26
27181,0.29,Active,09/21/26
27183,0.35,Active,09/21/26
27184,0.1,Inactive,09/21/26
27188,0.29,Inactive,09/21/26
27189,0.29,Active,09/21/26
27196,0.29,Active,09/21/26
27201,0.29,Inactive,09/21/26
27203,0.39,Active,09/21/26
27209,0.25,Active,09/21/26
27214,0.29,Active,09/21/26
27220,0.3,Active,09/21/26
27224,0.29,Inactive,09/21/26
27234,0.59,Inactive,09/21/26
27235,0.52,Active,09/21/26
27241,0.29,Active,09/21/26
27254,0.39,Active,09/21/26
27255,0.39,Active,09/21/26
27256,0.25,Inactive,09/21/26
27261,0.29,Active,09/21/26
27262,0.25,Inactive,09/21/26
27278,0.29,Active,09/21/26
27291,0.3,Active,09/21/26
27294,0.29,Active,09/21/26
27295,0.29,Active,09/21/26
27297,0.29,Active,09/21/26
27302,0.3,Active,09/21/26
27311,0.29,Active,09/21/26
27320,0.45,Active,09/21/26
27323,0.39,Active,09/21/26
27324,0.29,Active,09/21/26
27327,0.39,Active,09/21/26
27330,0.29,Active,09/21/26
27332,0,Inactive,09/21/26
27346,0.39,Inactive,09/21/26
27350,0.19,Active,09/21/26
27351,0,Inactive,09/21/26
27353,0.25,Active,09/21/26
27354,0.3,Active,09/21/26
27355,0.25,Active,09/21/26
27356,0.4,Inactive,09/21/26
27358,0.3,Inactive,09/21/26
27359,0.3,Active,09/21/26
27362,0.29,Active,09/21/26
27365,0.25,Inactive,09/21/26
27366,0.29,Active,09/21/26
27375,0.25,Active,09/21/26
27377,0.25,Inactive,09/21/26
27385,0.29,Inactive,09/21/26
27386,0.35,Active,09/21/26
27387,0.29,Active,09/21/26
27388,0.59,Active,09/21/26
27391,0.29,Inactive,09/21/26
27395,0.29,Active,09/21/26
27396,0.39,Inactive,09/21/26
27397,0.29,Active,09/21/26
27399,0.35,Active,09/21/26
27407,0.25,Active,09/21/26
27408,0.29,Inactive,09/21/26
27413,0.25,Active,09/21/26
27414,0.35,Active,09/21/26
27417,0.25,Inactive,09/21/26
27424,0.39,Active,09/21/26
27434,0.3,Active,09/21/26
27439,0.3,Active,09/21/26
27444,0.29,Active,09/21/26
27449,0.25,Active,09/21/26
27451,0.39,Active,09/21/26
27469,0.59,Inactive,09/21/26
27472,0.25,Inactive,09/21/26
27474,0.35,Active,09/21/26
27481,0.29,Active,09/21/26
27493,0.29,Active,09/21/26
27494,0.25,Inactive,09/21/26
27495,0.1,Active,09/21/26
27496,0.29,Active,09/21/26
27503,0.25,Inactive,09/21/26
27505,0.29,Active,09/21/26
27507,0,Inactive,09/21/26
27510,0.29,Active,09/21/26
27512,0,Inactive,09/21/26
27525,0.25,Active,09/21/26
27526,0.29,Inactive,09/21/26
27529,0.25,Active,09/21/26
27532,0.29,Inactive,09/21/26
27535,0.2,Active,09/21/26
27545,0.35,Inactive,09/21/26
27547,0.29,Active,09/21/26
27548,0.39,Active,09/21/26
27549,0.75,Inactive,09/21/26
27552,0.19,Inactive,09/21/26
27554,0.25,Inactive,09/21/26
27555,0.25,Active,09/21/26
27561,0.25,Inactive,09/21/26
27564,0.45,Active,09/21/26
27565,0.25,Inactive,09/21/26
27575,0.39,Active,09/21/26
27579,0.29,Active,09/21/26
27580,0.5,Active,09/21/26
27585,0.35,Active,09/21/26
27586,0.15,Inactive,09/21/26
27588,0.29,Active,09/21/26
27596,0,Active,09/21/26
27597,0.25,Active,09/21/26
27599,0,Active,09/21/26
27600,0.25,Active,09/21/26
27604,0.52,Active,09/21/26
27609,0.29,Inactive,09/21/26
27610,0.29,Active,09/21/26
27635,0.25,Active,09/21/26
27642,0.35,Active,09/21/26
27650,0.79,Active,09/21/26
27655,0.25,Inactive,09/21/26
27656,0.25,Active,09/21/26
27659,0.15,Active,09/21/26
27660,0.19,Inactive,09/21/26
27663,0.25,Active,09/21/26
27664,0.29,Inactive,09/21/26
27672,0.59,Active,09/21/26
27674,0.29,Active,09/21/26
27684,0.39,Inactive,09/21/26
27685,0.29,Inactive,09/21/26
27687,0.25,Active,09/21/26
27696,0.29,Active,09/21/26
27698,0.29,Inactive,09/21/26
27699,0.49,Active,09/21/26
27700,0.49,Active,09/21/26
27706,0,Inactive,09/21/26
27721,0.39,Active,09/21/26
27722,0.29,Active,09/21/26
27733,0.35,Active,09/21/26
27734,0.39,Inactive,09/21/26
27746,0.29,Active,09/21/26
27750,0.29,Active,09/21/26
27753,0.29,Inactive,09/21/26
27760,0.35,Active,09/21/26
27765,0.25,Active,09/21/26
27770,0.19,Active,09/21/26
27775,0.3,Inactive,09/21/26
27776,0.29,Inactive,09/21/26
27785,Not Priced,Inactive,
27786,0.39,Inactive,09/21/26
27789,0.29,Inactive,09/21/26
27793,0.3,Active,09/21/26
27796,0.25,Inactive,09/21/26
27798,0.25,Inactive,09/21/26
27804,0.29,Active,09/21/26
27805,0.29,Active,09/21/26
27808,0.39,Inactive,09/21/26
27810,0.49,Active,09/21/26
27811,0.25,Active,09/21/26
27813,0.45,Active,09/21/26
27820,0.19,Inactive,09/21/26
27822,0.29,Active,09/21/26
27823,0,Inactive,09/21/26
27826,0.5,Active,09/21/26
27834,0.2,Inactive,09/21/26
27840,0.35,Active,09/21/26
27841,0.3,Inactive,09/21/26
27843,0.29,Active,09/21/26
27866,0.29,Active,09/21/26
27869,0.29,Active,09/21/26
27878,0.25,Active,09/21/26
27882,0.39,Inactive,09/21/26
27884,0.13,Active,09/21/26
27885,0.19,Inactive,09/21/26
27889,0,Inactive,09/21/26
27908,0.25,Active,09/21/26
27914,0.25,Inactive,09/21/26
27915,0.19,Active,09/21/26
27923,0.25,Active,09/21/26
27934,0.25,Inactive,09/21/26
27958,0.39,Active,09/21/26
27964,0.25,Active,09/21/26
27965,0.29,Active,09/21/26
27966,0.49,Active,09/21/26
27968,0.29,Active,09/21/26
27982,0.29,Active,09/21/26
27983,0.29,Inactive,09/21/26
27989,0.5,Active,09/21/26
27992,0.25,Inactive,09/21/26
28001,0.29,Inactive,09/21/26
28002,0.49,Active,09/21/26
28014,0.39,Active,09/21/26
28017,0.39,Active,09/21/26
28041,0.39,Active,09/21/26
28045,0.25,Inactive,09/21/26
28056,0.39,Inactive,09/21/26
28059,0.39,Active,09/21/26
28068,0.35,Inactive,09/21/26
28072,0.13,Active,09/21/26
28079,0.3,Active,09/21/26
28082,0.25,Inactive,09/21/26
28086,0.25,Active,09/21/26
28088,0.29,Inactive,09/21/26
28093,0.3,Active,09/21/26
28094,0,Inactive,09/21/26
28098,0.35,Active,09/21/26
28101,0.29,Active,09/21/26
28105,0.29,Active,09/21/26
28111,0.25,Active,09/21/26
28112,0.35,Inactive,09/21/26
28157,0.25,Active,09/21/26
28166,0.29,Active,09/21/26
28170,0.29,Active,09/21/26
28173,0.35,Inactive,09/21/26
28181,0.25,Inactive,09/21/26
28182,0.25,Active,09/21/26
28191,0.25,Active,09/21/26
28199,0.29,Active,09/21/26
28218,0.25,Active,09/21/26
28220,0.29,Active,09/21/26
28245,0.39,Active,09/21/26
28248,0.39,Inactive,09/21/26
28273,0,Inactive,09/21/26
28288,0.2,Inactive,09/21/26
28290,0.39,Active,09/21/26
28291,0.19,Active,09/21/26
28296,0.39,Active,09/21/26
28332,0.25,Active,09/21/26
28337,0.25,Inactive,09/21/26
28363,0.39,Inactive,09/21/26
28364,0.29,Inactive,09/21/26
28366,0.39,Inactive,09/21/26
28380,0.29,Active,09/21/26
28381,0.25,Active,09/21/26
28388,0.29,Inactive,09/21/26
28390,0.25,Inactive,09/21/26
28397,0.35,Active,09/21/26
28410,0.25,Active,09/21/26
28413,0.39,Active,09/21/26
28414,0.29,Active,09/21/26
28435,0,Active,09/21/26
28436,0.29,Inactive,09/21/26
28451,0,Inactive,09/21/26
28453,0.25,Active,09/21/26
28463,0.29,Active,09/21/26
28477,0.29,Inactive,09/21/26
28524,0.49,Inactive,09/21/26
28530,0.1,Active,09/21/26
28543,0.29,Inactive,09/21/26
28550,0.3,Active,09/21/26
28558,0.25,Active,09/21/26
28560,0.29,Active,09/21/26
28578,0.23,Inactive,09/21/26
28582,0.29,Inactive,09/21/26
28583,0.29,Active,09/21/26
28591,0.3,Active,09/21/26
28601,0.3,Active,09/21/26
28624,0.39,Active,09/21/26
28629,0.6,Active,09/21/26
28631,0.3,Active,09/21/26
28635,0.25,Active,09/21/26
28653,0.39,Active,09/21/26
28656,0,Active,09/21/26
28677,0.25,Active,09/21/26
28682,0.25,Inactive,09/21/26
28684,0.3,Inactive,09/21/26
28688,0.29,Active,09/21/26
28693,0.45,Active,09/21/26
28696,0.35,Active,09/21/26
28697,0.29,Active,09/21/26
28698,0.4,Inactive,09/21/26
28701,0.25,Active,09/21/26
28717,0.25,Active,09/21/26
28718,0.3,Active,09/21/26
28723,0.25,Active,09/21/26
28726,0.25,Active,09/21/26
28727,0.29,Active,09/21/26
28730,0.25,Active,09/21/26
28741,0.4,Active,09/21/26
28744,0.35,Inactive,09/21/26
28745,0.15,Inactive,09/21/26
28746,0.29,Inactive,09/21/26
28762,0.35,Inactive,09/21/26
28775,0.29,Inactive,09/21/26
28783,0.29,Active,09/21/26
28784,0.59,Active,09/21/26
28785,0.25,Active,09/21/26
28790,0.29,Inactive,09/21/26
28800,0.29,Inactive,09/21/26
28829,0.4,Inactive,09/21/26
28832,0.29,Active,09/21/26
28844,0,Active,09/21/26
28858,Not Priced,Inactive,
28877,0.25,Active,09/21/26
28888,0.25,Active,09/21/26
28892,0.29,Active,09/21/26
28897,0.29,Active,09/21/26
28919,0.25,Active,09/21/26
28921,0.25,Inactive,09/21/26
28938,0.29,Inactive,09/21/26
28943,0.25,Active,09/21/26
28953,0.29,Active,09/21/26
28956,0.4,Active,09/21/26
28957,0.29,Inactive,09/21/26
28966,0.3,Inactive,09/21/26
28968,0.3,Active,09/21/26
28980,0.29,Active,09/21/26
28997,0.25,Active,09/21/26
29004,0.23,Active,09/21/26
29008,0.25,Active,09/21/26
29012,0.29,Active,09/21/26
29041,0.25,Active,09/21/26
29089,0.3,Active,09/21/26
29160,0.29,Active,09/21/26
29195,0.35,Active,09/21/26
29196,0.29,Active,09/21/26
29210,0.2,Active,09/21/26
29213,0.29,Inactive,09/21/26
29217,0.25,Inactive,09/21/26
29222,0.3,Active,09/21/26
29225,0.39,Active,09/21/26
29228,0.25,Active,09/21/26
29233,0.29,Inactive,09/21/26
29236,0.25,Active,09/21/26
29247,0.39,Active,09/21/26
29257,0.25,Active,09/21/26
29261,0.25,Active,09/21/26
29280,0.35,Inactive,09/21/26
29290,0.35,Active,09/21/26
29295,0.4,Active,09/21/26
29298,0.29,Active,09/21/26
29299,0.29,Active,09/21/26
29307,0.39,Active,09/21/26
29323,0.39,Inactive,09/21/26
29327,0.25,Active,09/21/26
29339,0,Active,09/21/26
29360,0.35,Active,09/21/26
29371,0.39,Active,09/21/26
29378,0.29,Active,09/21/26
29380,0.29,Active,09/21/26
29387,0.25,Active,09/21/26
29403,0.29,Active,09/21/26
29411,0.39,Inactive,09/21/26
29437,0.29,Active,09/21/26
29439,0.29,Active,09/21/26
29441,0.39,Active,09/21/26
29445,0.3,Inactive,09/21/26
29454,0.5,Inactive,09/21/26
29456,0.39,Active,09/21/26
29471,0.29,Active,09/21/26
29482,0.3,Active,09/21/26
29483,0.29,Active,09/21/26
29500,0.29,Inactive,09/21/26
29501,0.25,Inactive,09/21/26
29543,0.29,Active,09/21/26
29566,0.25,Active,09/21/26
29570,0.49,Active,09/21/26
29590,0.29,Inactive,09/21/26
29617,0.25,Inactive,09/21/26
29621,0,Active,09/21/26
29625,0.29,Inactive,09/21/26
29631,0.29,Active,09/21/26
29632,0.2,Active,09/21/26
29648,0.29,Active,09/21/26
29678,0.39,Active,09/21/26
29679,0.35,Active,09/21/26
29684,0.39,Inactive,09/21/26
29688,0.35,Inactive,09/21/26
29689,0.29,Active,09/21/26
29697,0.29,Active,09/21/26
29734,0.29,Inactive,09/21/26
29739,0.29,Active,09/21/26
29760,0.29,Active,09/21/26
29763,0.2,Inactive,09/21/26
29778,0.25,Active,09/21/26
29780,0.25,Active,09/21/26
29788,0.2,Active,09/21/26
29805,0.25,Active,09/21/26
29811,0.15,Active,09/21/26
29821,0.25,Active,09/21/26
29827,0.29,Active,09/21/26
29828,0.29,Active,09/21/26
29838,0.29,Active,09/21/26
29842,0.29,Active,09/21/26
29843,0.29,Active,09/21/26
29846,0.29,Active,09/21/26
29853,0.29,Inactive,09/21/26
29859,0.5,Inactive,09/21/26
29864,0.39,Active,09/21/26
29868,0.29,Active,09/21/26
29871,0.39,Active,09/21/26
29877,0.45,Active,09/21/26
29882,0.25,Active,09/21/26
29917,0.59,Active,09/21/26
29919,0.3,Active,09/21/26
29924,0.29,Inactive,09/21/26
29955,0.29,Active,09/21/26
29970,0.29,Active,09/21/26
29982,0.26,Inactive,09/21/26
30002,0.25,Active,09/21/26
30010,0.25,Active,09/21/26
30021,0.39,Active,09/21/26
30024,0.25,Active,09/21/26
30049,0.25,Inactive,09/21/26
30080,0.29,Inactive,09/21/26
30142,0.2,Inactive,09/21/26
30146,0.1,Active,09/21/26
30158,0.39,Inactive,09/21/26
30163,0.29,Active,09/21/26
30167,0,Inactive,09/21/26
30172,0.39,Active,09/21/26
30186,0.39,Inactive,09/21/26
30189,0.3,Inactive,09/21/26
30191,0.29,Active,09/21/26
30200,0.3,Inactive,09/21/26
30226,0.35,Active,09/21/26
30234,0.3,Active,09/21/26
30235,0.25,Active,09/21/26
30241,0.29,Active,09/21/26
30244,0.29,Active,09/21/26
30245,0.39,Active,09/21/26
30264,0.39,Inactive,09/21/26
30270,0.29,Inactive,09/21/26
30283,0.25,Active,09/21/26
30303,0.29,Active,09/21/26
30304,0.29,Active,09/21/26
30308,0.29,Active,09/21/26
30324,0.29,Active,09/21/26
30326,0.15,Active,09/21/26
30337,0.25,Active,09/21/26
30338,0.25,Active,09/21/26
30359,0.29,Active,09/21/26
30361,0.3,Active,09/21/26
30367,0.29,Active,09/21/26
30370,0.19,Active,09/21/26
30371,0,Active,09/21/26
30431,Not Priced,Inactive,
30459,0.59,Active,09/21/26
30461,0.25,Active,09/21/26
30464,0,Active,09/21/26
30505,0.15,Inactive,09/21/26
30518,0.25,Inactive,09/21/26
30524,0.35,Active,09/21/26
30525,0.39,Active,09/21/26
30529,0,Active,09/21/26
30545,0.2,Active,09/21/26
30549,0.29,Inactive,09/21/26
30565,0.29,Active,09/21/26
30567,0.3,Inactive,09/21/26
30574,0,Inactive,09/21/26
30576,0.39,Active,09/21/26
30586,0.5,Active,09/21/26
30593,0.39,Active,09/21/26
30594,0.39,Inactive,09/21/26
30601,0.29,Active,09/21/26
30608,0.29,Active,09/21/26
30609,0.25,Active,09/21/26
30617,0.3,Active,09/21/26
30632,0.15,Inactive,09/21/26
30656,0.29,Inactive,09/21/26
30659,0.39,Active,09/21/26
30665,0.29,Active,09/21/26
30670,0.2,Active,09/21/26
30673,0.39,Active,09/21/26
30674,0.25,Active,09/21/26
30675,0.25,Active,09/21/26
30676,0.5,Inactive,09/21/26
30679,0.25,Active,09/21/26
30695,0.35,Active,09/21/26
30696,0.3,Active,09/21/26
30701,0.3,Active,09/21/26
30718,0.5,Active,09/21/26
30725,0.29,Active,09/21/26
30728,0.39,Active,09/21/26
30736,0.29,Active,09/21/26
30742,0.45,Active,09/21/26
30743,0.15,Inactive,09/21/26
30750,0.29,Inactive,09/21/26
30762,0.29,Inactive,09/21/26
30763,0.29,Inactive,09/21/26
30764,0.39,Inactive,09/21/26
30769,0.2,Inactive,09/21/26
30775,0.3,Active,09/21/26
30776,0.29,Active,09/21/26
30784,0.29,Active,09/21/26
30798,0.15,Active,09/21/26
30801,0.29,Inactive,09/21/26
30819,0.25,Inactive,09/21/26
30822,0.29,Active,09/21/26
30828,0.29,Active,09/21/26
30831,0.29,Active,09/21/26
30832,0.25,Active,09/21/26
30836,0.29,Inactive,09/21/26
30839,0.29,Inactive,09/21/26
30850,0.29,Active,09/21/26
30858,0.25,Active,09/21/26
30860,0.3,Active,09/21/26
30870,0.3,Inactive,09/21/26
30873,0,Inactive,09/21/26
30879,0.29,Active,09/21/26
30889,0.49,Active,09/21/26
30893,0.3,Inactive,09/21/26
30894,0.45,Active,09/21/26
30897,0.29,Active,09/21/26
30901,0.25,Active,09/21/26
30904,0.39,Active,09/21/26
30907,0.29,Inactive,09/21/26
30909,0.25,Inactive,09/21/26
30930,Not Priced,Inactive,
30936,0.75,Active,09/21/26
30963,0.25,Active,09/21/26
30969,0.4,Active,09/21/26
30985,0.29,Active,09/21/26
30986,0.29,Active,09/21/26
31003,0.29,Active,09/21/26
31014,0.29,Active,09/21/26
31016,0.3,Active,09/21/26
31024,0,Inactive,09/21/26
31032,0.23,Active,09/21/26
31036,0.29,Active,09/21/26
31038,0.39,Active,09/21/26
31045,0.25,Active,09/21/26
31047,0.29,Active,09/21/26
31049,Not Priced,Inactive,
31054,0.29,Active,09/21/26
31056,0.29,Active,09/21/26
31064,0.19,Active,09/21/26
31065,0.39,Active,09/21/26
31067,0.3,Active,09/21/26
31069,Not Priced,Inactive,
31071,0.25,Inactive,09/21/26
31073,0.39,Active,09/21/26
31077,0.49,Active,09/21/26
31091,0.29,Active,09/21/26
31101,0.3,Active,09/21/26
31116,0.25,Active,09/21/26
31118,0.29,Active,09/21/26
31120,0.35,Active,09/21/26
31131,0.25,Active,09/21/26
31133,0.4,Active,09/21/26
31141,0.69,Inactive,09/21/26
31145,0.3,Active,09/21/26
31148,0.25,Active,09/21/26
31149,Not Priced,Inactive,
31154,0.35,Inactive,09/21/26
31157,Not Priced,Inactive,
31169,0.15,Active,09/21/26
31172,0.39,Active,09/21/26
31184,0,Inactive,09/21/26
31185,0.39,Active,09/21/26
31186,0.29,Active,09/21/26
31187,0.29,Inactive,09/21/26
31188,0.69,Inactive,09/21/26
31191,0.29,Inactive,09/21/26
31192,0.25,Inactive,09/21/26
31194,0.29,Inactive,09/21/26
31204,0.29,Inactive,09/21/26
31205,0,Active,09/21/26
31208,0.39,Active,09/21/26
31213,0.29,Active,09/21/26
31221,0.29,Active,09/21/26
31222,0.1,Active,09/21/26
31226,0.29,Active,09/21/26
31234,0.29,Active,09/21/26
31235,0.29,Active,09/21/26
31236,0.29,Active,09/21/26
31238,0.35,Active,09/21/26
31239,0.29,Active,09/21/26
31244,0.4,Active,09/21/26
31245,0.29,Active,09/21/26
31246,0.29,Active,09/21/26
31248,0.29,Active,09/21/26
31250,0.29,Inactive,09/21/26
31251,0.29,Active,09/21/26
31256,0.29,Inactive,09/21/26
31257,0.29,Inactive,09/21/26
31260,0.25,Inactive,09/21/26
31261,0.25,Active,09/21/26
31264,0.19,Inactive,09/21/26
31268,0.29,Active,09/21/26
31272,0.19,Inactive,09/21/26
31278,0.35,Inactive,09/21/26
31280,0.29,Active,09/21/26
31281,0.29,Inactive,09/21/26
31282,0.29,Active,09/21/26
31285,0.45,Active,09/21/26
31289,0,Inactive,09/21/26
31291,0.35,Active,09/21/26
31292,0.29,Inactive,09/21/26
31293,0.29,Active,09/21/26
31295,0.25,Active,09/21/26
31297,0.25,Active,09/21/26
31299,0.29,Active,09/21/26
31302,0.35,Inactive,09/21/26
31304,0.45,Active,09/21/26
31307,0.23,Inactive,09/21/26
31308,0.29,Active,09/21/26
31309,0.25,Active,09/21/26
31310,0.35,Inactive,09/21/26
31317,0.29,Active,09/21/26
31322,0.29,Active,09/21/26
31323,0.29,Active,09/21/26
31329,0.25,Active,09/21/26
31330,0.25,Active,09/21/26
31332,0.69,Active,09/21/26
31333,0.19,Active,09/21/26
31338,0.39,Active,09/21/26
31339,0.29,Active,09/21/26
31341,0.29,Active,09/21/26
31345,0.3,Active,09/21/26
31352,0.3,Active,09/21/26
31354,0.29,Active,09/21/26
31355,0.29,Active,09/21/26
31357,0.29,Active,09/21/26
31363,0.29,Inactive,09/21/26
31369,0.3,Active,09/21/26
31370,0.19,Inactive,09/21/26
31379,0.35,Inactive,09/21/26
31382,0,Active,09/21/26
31386,0.19,Inactive,09/21/26
31389,0.39,Active,09/21/26
31394,0.39,Active,09/21/26
31398,0.69,Active,09/21/26
31399,0.2,Active,09/21/26
31401,0.29,Active,09/21/26
31404,0.3,Active,09/21/26
31405,0.3,Active,09/21/26
31406,0.5,Active,09/21/26
31410,0.49,Active,09/21/26
31412,0.29,Active,09/21/26
31413,0.69,Active,09/21/26
31415,0.29,Inactive,09/21/26
31419,0.29,Inactive,09/21/26
31420,0.29,Active,09/21/26
31423,0.29,Inactive,09/21/26
31427,0,Active,09/21/26
31433,0.13,Active,09/21/26
31437,0.29,Active,09/21/26
31441,0.29,Inactive,09/21/26
31442,0.25,Inactive,09/21/26
31443,0.25,Active,09/21/26
31444,0.29,Inactive,09/21/26
31450,0.29,Active,09/21/26
31454,0.25,Active,09/21/26
31455,0.39,Active,09/21/26
31456,0.25,Inactive,09/21/26
31460,0.25,Inactive,09/21/26
31461,0.39,Active,09/21/26
31463,0.29,Active,09/21/26
31477,0.29,Active,09/21/26
31481,0,Active,09/21/26
31482,0.29,Active,09/21/26
31485,0.25,Inactive,09/21/26
31491,0.25,Active,09/21/26
31492,0,Inactive,09/21/26
31502,0.29,Inactive,09/21/26
31504,0.25,Active,09/21/26
31505,0.29,Active,09/21/26
31509,0.25,Active,09/21/26
31514,0.15,Inactive,09/21/26
31517,0.23,Active,09/21/26
31533,0.25,Active,09/21/26
31542,0.29,Active,09/21/26
31546,0.39,Active,09/21/26
31550,0.29,Active,09/21/26
31553,0.29,Active,09/21/26
31556,0.29,Active,09/21/26
31561,0.29,Active,09/21/26
31565,0.3,Active,09/21/26
31566,0.35,Active,09/21/26
31570,0.2,Active,09/21/26
31576,0.25,Active,09/21/26
31577,0.2,Inactive,09/21/26
31583,0,Active,09/21/26
31585,0.29,Active,09/21/26
31587,0.25,Active,09/21/26
31588,0.39,Active,09/21/26
31591,Not Priced,Inactive,
31592,0.25,Inactive,09/21/26
31594,0.36,Active,09/21/26
31595,0,Active,09/21/26
31598,0.29,Inactive,09/21/26
31599,0.26,Inactive,09/21/26
31600,0.29,Active,09/21/26
31601,0.35,Inactive,09/21/26
31602,0,Active,09/21/26
31603,0.29,Active,09/21/26
31609,0.5,Inactive,09/21/26
31610,0.29,Inactive,09/21/26
31617,0.29,Active,09/21/26
31619,0.75,Active,09/21/26
31637,0.39,Active,09/21/26
31639,0.29,Active,09/21/26
31642,0.25,Active,09/21/26
31643,0.39,Active,09/21/26
31647,0.3,Inactive,09/21/26
31648,0.39,Active,09/21/26
31656,0.29,Active,09/21/26
31658,0.29,Inactive,09/21/26
31663,0.29,Active,09/21/26
31665,0.29,Inactive,09/21/26
31668,0.2,Inactive,09/21/26
31671,0.25,Active,09/21/26
31678,0.29,Inactive,09/21/26
31679,0.25,Inactive,09/21/26
31680,0.39,Active,09/21/26
31681,0.39,Active,09/21/26
31686,0.3,Inactive,09/21/26
31687,0.39,Active,09/21/26
31691,0,Active,09/21/26
31693,0.6,Active,09/21/26
31695,0.3,Active,09/21/26
31701,0.3,Active,09/21/26
31702,0.29,Active,09/21/26
31708,0.29,Active,09/21/26
31710,0.29,Active,09/21/26
31712,0.39,Active,09/21/26
31714,0.39,Active,09/21/26
31716,0.2,Inactive,09/21/26
31718,0.29,Inactive,09/21/26
31720,0.29,Active,09/21/26
31728,0.39,Active,09/21/26
31729,0.29,Inactive,09/21/26
31730,0.25,Active,09/21/26
31731,0.25,Active,09/21/26
31732,0.29,Inactive,09/21/26
31734,0.29,Active,09/21/26
31736,0,Active,09/21/26
31738,0.29,Active,09/21/26
31745,0.5,Inactive,09/21/26
31747,0.25,Active,09/21/26
31748,0.29,Active,09/21/26
31749,0.29,Active,09/21/26
31751,0.29,Active,09/21/26
31757,0.25,Active,09/21/26
31761,0.29,Active,09/21/26
31765,0.3,Active,09/21/26
31767,0.19,Inactive,09/21/26
31769,0.3,Active,09/21/26
31771,0.19,Active,09/21/26
31776,0.29,Inactive,09/21/26
31778,0.15,Active,09/21/26
31779,0.25,Active,09/21/26
31780,0.29,Active,09/21/26
31781,0.29,Active,09/21/26
31782,0.39,Inactive,09/21/26
31783,0.39,Active,09/21/26
31784,0.29,Active,09/21/26
31787,0.3,Inactive,09/21/26
31788,0.25,Active,09/21/26
31789,0.25,Active,09/21/26
31791,0.25,Inactive,09/21/26
31794,0.2,Inactive,09/21/26
31795,0.29,Active,09/21/26
31797,0.29,Active,09/21/26
31799,0.29,Inactive,09/21/26
31801,0.29,Active,09/21/26
31808,0.29,Active,09/21/26
31817,0.39,Active,09/21/26
31819,0.39,Active,09/21/26
31820,0.25,Active,09/21/26
31823,0.25,Inactive,09/21/26
31828,0.59,Active,09/21/26
31841,0.3,Inactive,09/21/26
31843,0.25,Active,09/21/26
31844,0.25,Inactive,09/21/26
31847,0.39,Inactive,09/21/26
31848,0.29,Active,09/21/26
31850,0.1,Inactive,09/21/26
31855,0.29,Active,09/21/26
31860,0.25,Active,09/21/26
31864,0.1,Active,09/21/26
31868,0.29,Active,09/21/26
31869,0.3,Active,09/21/26
31872,0.25,Active,09/21/26
31877,0.3,Active,09/21/26
31878,0.49,Active,09/21/26
31879,0.29,Active,09/21/26
31893,0.29,Inactive,09/21/26
31897,0.3,Active,09/21/26
31899,0.39,Active,09/21/26
31903,0.39,Active,09/21/26
31904,0.25,Active,09/21/26
31914,0.29,Active,09/21/26
31915,0.29,Active,09/21/26
31917,0.29,Active,09/21/26
31918,0.29,Active,09/21/26
31920,0.39,Active,09/21/26
31921,0.39,Inactive,09/21/26
31928,0.3,Active,09/21/26
31930,0.39,Inactive,09/21/26
31931,0.29,Active,09/21/26
31932,Not Priced,Inactive,
31936,0.25,Active,09/21/26
31944,0.5,Inactive,09/21/26
31948,0.2,Inactive,09/21/26
31950,0.29,Active,09/21/26
31959,0.29,Active,09/21/26
31969,0.15,Inactive,09/21/26
31973,0.39,Active,09/21/26
31974,0.29,Inactive,09/21/26
31977,0.29,Active,09/21/26
31978,0.29,Active,09/21/26
31979,0.29,Active,09/21/26
31980,0.25,Inactive,09/21/26
31981,0.15,Inactive,09/21/26
31987,0.3,Active,09/21/26
31988,0.39,Active,09/21/26
31990,0.25,Active,09/21/26
31994,0.25,Active,09/21/26
31997,0.25,Active,09/21/26
32006,0.29,Inactive,09/21/26
32008,0.39,Active,09/21/26
32011,0.39,Inactive,09/21/26
32016,0.25,Active,09/21/26
32023,Not Priced,Inactive,
32025,0.25,Active,09/21/26
32026,0.29,Active,09/21/26
32027,0.35,Active,09/21/26
32030,0.39,Active,09/21/26
32032,0.25,Active,09/21/26
32034,0.49,Active,09/21/26
32035,0.29,Inactive,09/21/26
32039,0.25,Active,09/21/26
32041,0.2,Inactive,09/21/26
32044,0.39,Active,09/21/26
32045,0.49,Active,09/21/26
32052,0.29,Active,09/21/26
32054,0.25,Active,09/21/26
32057,0.59,Active,09/21/26
32059,0.29,Active,09/21/26
32061,0.3,Active,09/21/26
32068,0.35,Active,09/21/26
32071,0.25,Active,09/21/26
32074,0.25,Inactive,09/21/26
32078,0.3,Active,09/21/26
32084,0,Active,09/21/26
32086,0.15,Inactive,09/21/26
32087,0.39,Active,09/21/26
32090,0.25,Inactive,09/21/26
32091,0.25,Inactive,09/21/26
32092,0.4,Active,09/21/26
32093,0.29,Inactive,09/21/26
32097,0.39,Active,09/21/26
32105,0.29,Active,09/21/26
32107,0.29,Active,09/21/26
32112,0.29,Active,09/21/26
32113,0.29,Active,09/21/26
32116,0.25,Active,09/21/26
32119,0.29,Active,09/21/26
32123,0.15,Active,09/21/26
32134,0.25,Inactive,09/21/26
32148,0.3,Inactive,09/21/26
32149,0.25,Inactive,09/21/26
32159,0.29,Active,09/21/26
32160,0.15,Inactive,09/21/26
32164,0.39,Inactive,09/21/26
32165,0.25,Active,09/21/26
32168,0.39,Inactive,09/21/26
32170,0.49,Active,09/21/26
32176,0,Active,09/21/26
32178,0.39,Active,09/21/26
32181,0.25,Inactive,09/21/26
32187,0.23,Active,09/21/26
32188,0.29,Inactive,09/21/26
32190,0.25,Active,09/21/26
32191,0.25,Active,09/21/26
32193,0.3,Inactive,09/21/26
32201,0.29,Inactive,09/21/26
32211,0.25,Active,09/21/26
32212,0.25,Active,09/21/26
32214,0.25,Inactive,09/21/26
32216,0.3,Active,09/21/26
32219,0.3,Active,09/21/26
32221,0.3,Active,09/21/26
32223,0.39,Active,09/21/26
32224,0.3,Active,09/21/26
32226,0.3,Inactive,09/21/26
32229,0.29,Active,09/21/26
32231,0.29,Active,09/21/26
32232,0.29,Active,09/21/26
32235,0.29,Active,09/21/26
32236,0.49,Active,09/21/26
32240,0.29,Inactive,09/21/26
32242,0.39,Active,09/21/26
32243,0.39,Inactive,09/21/26
32257,0.29,Active,09/21/26
32261,0.35,Inactive,09/21/26
32263,0.19,Inactive,09/21/26
32272,0.39,Inactive,09/21/26
32275,0.3,Active,09/21/26
32280,Not Priced,Inactive,
32281,0.29,Inactive,09/21/26
32284,0.29,Active,09/21/26
32291,0.29,Inactive,09/21/26
32295,0.29,Active,09/21/26
32296,0.1,Active,09/21/26
32297,0.29,Inactive,09/21/26
32310,0.29,Active,09/21/26
32319,0.29,Active,09/21/26
32320,0.25,Inactive,09/21/26
32321,0.29,Active,09/21/26
32325,0.29,Active,09/21/26
32328,0.25,Active,09/21/26
32329,0.29,Inactive,09/21/26
32330,0.3,Active,09/21/26
32332,0.39,Inactive,09/21/26
32336,0.29,Inactive,09/21/26
32342,0.29,Active,09/21/26
32344,0.39,Active,09/21/26
32346,0.15,Inactive,09/21/26
32352,0.39,Inactive,09/21/26
32354,0.25,Active,09/21/26
32369,0.39,Active,09/21/26
32375,0.29,Inactive,09/21/26
32379,0.25,Active,09/21/26
32385,0.25,Inactive,09/21/26
32393,0.29,Active,09/21/26
32394,0.25,Active,09/21/26
32398,0.29,Active,09/21/26
32399,0.29,Active,09/21/26
32404,0.29,Inactive,09/21/26
32405,0.39,Inactive,09/21/26
32406,0.29,Inactive,09/21/26
32410,0,Active,09/21/26
32412,0.39,Active,09/21/26
32413,0.29,Active,09/21/26
32415,0.49,Active,09/21/26
32418,0.59,Active,09/21/26
32421,0.42,Active,09/21/26
32428,0.29,Inactive,09/21/26
32430,0.49,Active,09/21/26
32432,0.39,Inactive,09/21/26
32435,0.29,Inactive,09/21/26
32436,0.39,Active,09/21/26
32438,0.29,Active,09/21/26
32439,0.29,Inactive,09/21/26
32445,0.29,Active,09/21/26
32447,Not Priced,Inactive,
32449,0.35,Inactive,09/21/26
32460,0.25,Inactive,09/21/26
32461,0.39,Active,09/21/26
32462,0.25,Inactive,09/21/26
32463,0,Active,09/21/26
32464,0,Active,09/21/26
32468,0.35,Inactive,09/21/26
32475,0.25,Active,09/21/26
32476,0.29,Inactive,09/21/26
32477,0.25,Inactive,09/21/26
32479,0.29,Active,09/21/26
32485,0.25,Inactive,09/21/26
32488,0.19,Active,09/21/26
32493,0.3,Inactive,09/21/26
32494,0.29,Active,09/21/26
32497,0.25,Active,09/21/26
32499,0,Active,09/21/26
32507,0.45,Active,09/21/26
32510,0.35,Inactive,09/21/26
32511,0.3,Active,09/21/26
32513,0.29,Inactive,09/21/26
32514,0.19,Active,09/21/26
32515,0.29,Inactive,09/21/26
32517,0.25,Active,09/21/26
32523,0.25,Active,09/21/26
32525,0.29,Active,09/21/26
32528,0.1,Inactive,09/21/26
32529,0.3,Inactive,09/21/26
32534,0.29,Active,09/21/26
32540,0.25,Active,09/21/26
32545,0.39,Inactive,09/21/26
32550,0.29,Inactive,09/21/26
32553,0.39,Active,09/21/26
32554,0.1,Active,09/21/26
32556,0.49,Active,09/21/26
32557,0.39,Active,09/21/26
32561,0.59,Active,09/21/26
32562,0.29,Active,09/21/26
32563,0.29,Inactive,09/21/26
32564,0.35,Active,09/21/26
32565,0.25,Active,09/21/26
32574,0.25,Inactive,09/21/26
32581,0.25,Inactive,09/21/26
32582,0.25,Active,09/21/26
32586,0.29,Inactive,09/21/26
32587,0.39,Active,09/21/26
32591,0.39,Active,09/21/26
32593,0.29,Active,09/21/26
32595,0.29,Inactive,09/21/26
32605,0.39,Active,09/21/26
32606,0.39,Active,09/21/26
32607,0.29,Active,09/21/26
32608,0.29,Inactive,09/21/26
32609,0.35,Active,09/21/26
32610,0.3,Active,09/21/26
32611,0.25,Inactive,09/21/26
32613,0.3,Inactive,09/21/26
32614,0.29,Inactive,09/21/26
32618,0.2,Inactive,09/21/26
32619,0.3,Inactive,09/21/26
32620,0.29,Active,09/21/26
32623,0.29,Active,09/21/26
32627,0.35,Inactive,09/21/26
32630,0.25,Active,09/21/26
32631,0.2,Inactive,09/21/26
32642,0.29,Active,09/21/26
32645,0.3,Active,09/21/26
32649,0.25,Active,09/21/26
32658,0.29,Inactive,09/21/26
32672,0,Inactive,09/21/26
32673,0.25,Active,09/21/26
32674,0.29,Active,09/21/26
32679,0.1,Inactive,09/21/26
32681,0.25,Active,09/21/26
32685,0.39,Inactive,09/21/26
32690,0.29,Active,09/21/26
32702,0.29,Active,09/21/26
32703,0.1,Active,09/21/26
32704,0.15,Active,09/21/26
32709,0.25,Inactive,09/21/26
32711,0.25,Active,09/21/26
32721,0.25,Active,09/21/26
32726,0.25,Active,09/21/26
32727,0.25,Active,09/21/26
32729,0.39,Active,09/21/26
32731,0,Active,09/21/26
32733,0.29,Active,09/21/26
32738,0.25,Inactive,09/21/26
32752,0.25,Inactive,09/21/26
32753,0.29,Active,09/21/26
32765,0.25,Active,09/21/26
32768,0.39,Active,09/21/26
32770,0.25,Active,09/21/26
32771,0.19,Active,09/21/26
32774,0.5,Inactive,09/21/26
32777,0.29,Inactive,09/21/26
32779,0.29,Active,09/21/26
32780,0.29,Active,09/21/26
32783,0.25,Active,09/21/26
32786,0.25,Inactive,09/21/26
32787,0.39,Inactive,09/21/26
32792,0.49,Active,09/21/26
32795,0.39,Active,09/21/26
32797,0.29,Active,09/21/26
32802,0.25,Active,09/21/26
32805,0.29,Active,09/21/26
32808,0.19,Active,09/21/26
32809,0.1,Active,09/21/26
32812,0.25,Active,09/21/26
32813,0.19,Inactive,09/21/26
32816,0.29,Active,09/21/26
32819,0.29,Inactive,09/21/26
32820,0.49,Active,09/21/26
32822,0.75,Active,09/21/26
32825,0.29,Active,09/21/26
32826,0.29,Inactive,09/21/26
32830,0.3,Inactive,09/21/26
32831,0.49,Inactive,09/21/26
32835,Not Priced,Inactive,
32836,0.39,Active,09/21/26
32838,0.29,Inactive,09/21/26
32840,0.25,Active,09/21/26
32842,0.5,Inactive,09/21/26
32844,0.29,Active,09/21/26
32848,0.29,Active,09/21/26
32849,0.5,Inactive,09/21/26
32851,0,Inactive,09/21/26
32852,0.29,Inactive,09/21/26
32858,0.39,Active,09/21/26
32861,0.29,Active,09/21/26
32865,0.3,Active,09/21/26
32869,0.19,Inactive,09/21/26
32870,0.29,Active,09/21/26
32871,0.25,Active,09/21/26
32872,0,Active,09/21/26
32876,0.39,Active,09/21/26
32883,0.25,Active,09/21/26
32884,0,Inactive,09/21/26
32888,0.29,Active,09/21/26
32890,0.35,Active,09/21/26
32896,0.25,Active,09/21/26
32901,0.59,Inactive,09/21/26
32903,0.29,Active,09/21/26
32904,0.39,Inactive,09/21/26
32918,0.29,Active,09/21/26
32925,0.29,Active,09/21/26
32930,0.49,Inactive,09/21/26
32933,0.29,Active,09/21/26
32934,0.1,Active,09/21/26
32939,0.49,Active,09/21/26
32962,0.25,Inactive,09/21/26
32967,0.29,Active,09/21/26
32972,0.3,Active,09/21/26
32974,0.39,Active,09/21/26
32975,0.15,Inactive,09/21/26
32976,0.39,Active,09/21/26
32979,0.29,Active,09/21/26
32980,0.29,Inactive,09/21/26
32987,0.25,Inactive,09/21/26
32991,0.25,Active,09/21/26
33002,0.2,Active,09/21/26
33004,0.29,Active,09/21/26
33006,0.25,Active,09/21/26
33007,0.29,Active,09/21/26
33013,0.49,Active,09/21/26
33024,0.3,Active,09/21/26
33025,0,Active,09/21/26
33026,0.39,Active,09/21/26
33029,0.15,Active,09/21/26
33047,0.25,Active,09/21/26
33054,0.25,Active,09/21/26
33056,0.29,Inactive,09/21/26
33060,0.29,Active,09/21/26
33062,0.35,Active,09/21/26
33067,0.25,Active,09/21/26
33069,0.39,Active,09/21/26
33070,0.25,Active,09/21/26
33072,0.3,Inactive,09/21/26
33073,0.2,Active,09/21/26
33074,0.29,Active,09/21/26
33080,0.25,Active,09/21/26
33081,0.25,Active,09/21/26
33083,0.25,Inactive,09/21/26
33084,0.3,Active,09/21/26
33085,0.25,Inactive,09/21/26
33089,0.29,Active,09/21/26
33091,0.29,Inactive,09/21/26
33092,0.25,Active,09/21/26
33093,0.29,Active,09/21/26
33094,0.25,Inactive,09/21/26
33103,0.35,Active,09/21/26
33106,0.29,Active,09/21/26
33109,0.29,Active,09/21/26
33111,0.29,Inactive,09/21/26
33112,0.49,Active,09/21/26
33114,0.25,Active,09/21/26
33124,0.2,Inactive,09/21/26
33125,0.29,Inactive,09/21/26
33126,0.39,Active,09/21/26
33127,0.39,Active,09/21/26
33129,0.29,Active,09/21/26
33131,0.15,Active,09/21/26
33135,0.25,Active,09/21/26
33136,0.39,Inactive,09/21/26
33137,0.39,Active,09/21/26
33138,0.25,Inactive,09/21/26
33140,0.29,Inactive,09/21/26
33146,0.29,Active,09/21/26
33152,0.3,Active,09/21/26
33153,0.45,Active,09/21/26
33155,0.39,Active,09/21/26
33156,0.29,Active,09/21/26
33159,0.29,Active,09/21/26
33162,0.29,Active,09/21/26
33163,0.25,Active,09/21/26
33166,0.29,Active,09/21/26
33168,0.29,Active,09/21/26
33169,0.49,Active,09/21/26
33171,0,Active,09/21/26
33172,0.26,Inactive,09/21/26
33173,0.25,Active,09/21/26
33174,0.29,Active,09/21/26
33175,0.29,Inactive,09/21/26
33176,0.29,Inactive,09/21/26
33177,0.45,Active,09/21/26
33178,0.29,Active,09/21/26
33181,0.25,Active,09/21/26
33187,0.29,Active,09/21/26
33192,0.26,Inactive,09/21/26
33193,0.15,Inactive,09/21/26
33197,0.39,Active,09/21/26
33205,0.25,Active,09/21/26
33208,0.29,Active,09/21/26
33210,0.25,Active,09/21/26
33213,0.25,Active,09/21/26
33216,0.29,Active,09/21/26
33222,0.29,Active,09/21/26
33224,0.29,Active,09/21/26
33225,0.29,Active,09/21/26
33226,0.2,Inactive,09/21/26
33227,0.29,Active,09/21/26
33229,0.29,Active,09/21/26
33230,0.15,Inactive,09/21/26
33234,0.39,Inactive,09/21/26
33238,0.29,Active,09/21/26
33242,0.29,Inactive,09/21/26
33243,0.29,Inactive,09/21/26
33244,0.29,Active,09/21/26
33245,0.39,Active,09/21/26
33246,0.29,Active,09/21/26
33251,0.25,Active,09/21/26
33260,0.45,Active,09/21/26
33262,0.35,Active,09/21/26
33266,0.6,Active,09/21/26
33267,0.49,Active,09/21/26
33268,0.29,Active,09/21/26
33269,0.29,Active,09/21/26
33272,0.29,Active,09/21/26
33273,0.15,Inactive,09/21/26
33275,0.29,Active,09/21/26
33276,0.35,Inactive,09/21/26
33289,0.25,Active,09/21/26
33294,0.39,Inactive,09/21/26
33297,0.38,Active,09/21/26
33298,0.49,Active,09/21/26
33300,0.29,Active,09/21/26
33302,0.15,Active,09/21/26
33307,0.29,Active,09/21/26
33308,0.3,Active,09/21/26
33309,0.19,Active,09/21/26
33311,0.3,Active,09/21/26
33312,0.2,Active,09/21/26
33313,0.25,Active,09/21/26
33317,0.25,Active,09/21/26
33318,0,Active,09/21/26
33321,Not Priced,Inactive,
33324,0.25,Active,09/21/26
33325,0.29,Inactive,09/21/26
33326,0.29,Inactive,09/21/26
33329,0.25,Inactive,09/21/26
33340,0.79,Active,09/21/26
33345,0.29,Active,09/21/26
33348,0.25,Inactive,09/21/26
33360,0.49,Active,09/21/26
33365,0,Active,09/21/26
33368,0.39,Active,09/21/26
33371,0.15,Inactive,09/21/26
33372,0.29,Active,09/21/26
33375,0.25,Inactive,09/21/26
33377,0.29,Active,09/21/26
33380,0.25,Active,09/21/26
33381,0.29,Active,09/21/26
33384,0.39,Inactive,09/21/26
33389,0.3,Active,09/21/26
33390,0.29,Active,09/21/26
33395,0.25,Inactive,09/21/26
33396,0.29,Active,09/21/26
33404,0.29,Active,09/21/26
33410,0,Active,09/21/26
33412,0.29,Inactive,09/21/26
33415,0.15,Inactive,09/21/26
33417,0.39,Active,09/21/26
33418,0.25,Inactive,09/21/26
33423,0.25,Inactive,09/21/26
33425,0.29,Active,09/21/26
33426,0.49,Active,09/21/26
33437,0.4,Active,09/21/26
33459,0.35,Active,09/21/26
33466,0.19,Inactive,09/21/26
33470,0.15,Active,09/21/26
33471,0.39,Active,09/21/26
33486,0.29,Active,09/21/26
33487,0.29,Active,09/21/26
33488,0.29,Active,09/21/26
33489,0.35,Active,09/21/26
33491,0.45,Active,09/21/26
33494,0.39,Active,09/21/26
33505,0.25,Inactive,09/21/26
33509,0.29,Active,09/21/26
33519,0.39,Active,09/21/26
33521,0.5,Active,09/21/26
33522,0.25,Active,09/21/26
33526,0.1,Active,09/21/26
33527,0.29,Active,09/21/26
33529,0.29,Inactive,09/21/26
33536,0.22,Inactive,09/21/26
33540,0.29,Active,09/21/26
33545,0.25,Inactive,09/21/26
33547,0.25,Inactive,09/21/26
33548,0,Active,09/21/26
33555,0.3,Active,09/21/26
33557,0.3,Active,09/21/26
33560,0.29,Active,09/21/26
33571,0.25,Active,09/21/26
33575,0.29,Active,09/21/26
33577,0.29,Inactive,09/21/26
33579,0.25,Active,09/21/26
33584,0.29,Inactive,09/21/26
33587,0.3,Inactive,09/21/26
33596,0.39,Active,09/21/26
33601,0.3,Inactive,09/21/26
33602,0,Active,09/21/26
33609,0.29,Active,09/21/26
33611,0.29,Active,09/21/26
33615,0.29,Inactive,09/21/26
33616,0.39,Active,09/21/26
33622,0.15,Inactive,09/21/26
33632,0.39,Active,09/21/26
33638,0.25,Inactive,09/21/26
33653,0.29,Active,09/21/26
33656,0.29,Active,09/21/26
33658,0.25,Active,09/21/26
33662,0.29,Inactive,09/21/26
33670,0.15,Active,09/21/26
33673,0.25,Inactive,09/21/26
33677,0.19,Active,09/21/26
33679,0.35,Inactive,09/21/26
33682,0.49,Active,09/21/26
33704,0.29,Active,09/21/26
33708,0.29,Active,09/21/26
33714,0.15,Inactive,09/21/26
33715,0.39,Active,09/21/26
33716,0.3,Active,09/21/26
33719,0.4,Active,09/21/26
33722,0.29,Inactive,09/21/26
33723,0.1,Active,09/21/26
33725,0.15,Inactive,09/21/26
33728,0.3,Active,09/21/26
33731,0,Inactive,09/21/26
33735,0.25,Inactive,09/21/26
33737,0.25,Active,09/21/26
33743,0,Active,09/21/26
33746,0.25,Inactive,09/21/26
33755,0.3,Active,09/21/26
33757,0.25,Active,09/21/26
33760,0.29,Active,09/21/26
33761,0.29,Active,09/21/26
33765,0.25,Active,09/21/26
33774,0.35,Inactive,09/21/26
33776,0.29,Active,09/21/26
33782,Not Priced,Inactive,
33785,0.25,Active,09/21/26
33793,0.29,Active,09/21/26
33806,0.29,Inactive,09/21/26
33809,0.25,Inactive,09/21/26
33812,0.25,Inactive,09/21/26
33815,0.29,Active,09/21/26
33817,0.39,Active,09/21/26
33821,0.29,Active,09/21/26
33824,0.3,Inactive,09/21/26
33826,0.15,Active,09/21/26
33833,0.5,Active,09/21/26
33834,0.29,Inactive,09/21/26
33841,0.5,Inactive,09/21/26
33846,0.35,Inactive,09/21/26
33847,0.35,Inactive,09/21/26
33850,0.39,Active,09/21/26
33852,0.29,Active,09/21/26
33853,0.25,Active,09/21/26
33866,0.29,Active,09/21/26
33868,0,Active,09/21/26
33879,0.3,Active,09/21/26
33889,0.39,Inactive,09/21/26
33894,0.25,Inactive,09/21/26
33897,0.3,Active,09/21/26
33898,0.19,Active,09/21/26
33905,0.1,Active,09/21/26
33907,0.25,Active,09/21/26
33909,0.3,Inactive,09/21/26
33912,0.25,Active,09/21/26
33917,0.2,Active,09/21/26
33918,0.3,Inactive,09/21/26
33923,0.29,Active,09/21/26
33925,0.29,Active,09/21/26
33928,0.1,Inactive,09/21/26
33930,0.3,Active,09/21/26
33932,0.29,Inactive,09/21/26
33934,0.29,Inactive,09/21/26
33943,0.25,Active,09/21/26
33945,0.25,Active,09/21/26
33950,0.29,Active,09/21/26
33951,0.25,Inactive,09/21/26
33952,0.25,Active,09/21/26
33965,0.25,Active,09/21/26
33966,0.29,Active,09/21/26
33972,0.29,Active,09/21/26
33973,0.6,Active,09/21/26
33976,0.25,Active,09/21/26
33985,0.29,Active,09/21/26
33990,0.29,Active,09/21/26
33995,0.29,Inactive,09/21/26
33998,0.25,Inactive,09/21/26
34006,0.3,Active,09/21/26
34014,0.29,Active,09/21/26
34016,0.25,Active,09/21/26
34023,0.29,Inactive,09/21/26
34024,0.2,Inactive,09/21/26
34050,0.4,Active,09/21/26
34051,0.39,Active,09/21/26
34057,0.39,Active,09/21/26
34061,0.29,Active,09/21/26
34085,0.3,Active,09/21/26
34093,0.39,Active,09/21/26
34098,0.3,Active,09/21/26
34124,0.35,Active,09/21/26
34125,0.19,Inactive,09/21/26
34126,0.29,Active,09/21/26
34129,0.29,Active,09/21/26
34130,0.3,Active,09/21/26
34136,0.29,Active,09/21/26
34137,0.29,Active,09/21/26
34139,0.29,Active,09/21/26
34141,0.29,Active,09/21/26
34143,0.39,Inactive,09/21/26
34152,0.39,Inactive,09/21/26
34153,0.29,Active,09/21/26
34154,0.2,Active,09/21/26
34162,0.29,Inactive,09/21/26
34169,0.25,Active,09/21/26
34171,0.49,Active,09/21/26
34188,0.39,Active,09/21/26
34196,0.25,Active,09/21/26
34197,0.25,Active,09/21/26
34199,0.29,Inactive,09/21/26
34203,0.29,Active,09/21/26
34206,0.29,Active,09/21/26
34215,0.29,Active,09/21/26
34222,0.29,Active,09/21/26
34229,0.19,Active,09/21/26
34230,0.39,Active,09/21/26
34231,0.49,Active,09/21/26
34232,0.25,Active,09/21/26
34233,0.3,Active,09/21/26
34234,0.25,Active,09/21/26
34235,0.25,Inactive,09/21/26
34241,0.39,Active,09/21/26
34251,0.39,Active,09/21/26
34252,0.29,Inactive,09/21/26
34255,0.29,Active,09/21/26
34256,0.39,Active,09/21/26
34257,0.25,Active,09/21/26
34260,0.29,Active,09/21/26
34265,0.29,Active,09/21/26
34268,0.35,Active,09/21/26
34269,0.25,Active,09/21/26
34272,0.3,Active,09/21/26
34281,0.29,Active,09/21/26
34290,0.13,Active,09/21/26
34293,0.59,Inactive,09/21/26
34297,0.29,Active,09/21/26
34298,0.49,Inactive,09/21/26
34307,0.25,Inactive,09/21/26
34308,0.39,Active,09/21/26
34311,0.29,Active,09/21/26
34312,0.25,Active,09/21/26
34316,0.25,Active,09/21/26
34317,0.29,Active,09/21/26
34319,0.54,Inactive,09/21/26
34321,0.29,Inactive,09/21/26
34323,0.15,Inactive,09/21/26
34324,0.35,Active,09/21/26
34325,0.39,Active,09/21/26
34326,0.39,Inactive,09/21/26
34331,0.45,Active,09/21/26
34332,0.2,Inactive,09/21/26
34338,0.2,Active,09/21/26
34343,Not Priced,Inactive,
34347,0.75,Active,09/21/26
34349,0.25,Active,09/21/26
34354,0.29,Active,09/21/26
34356,0.29,Inactive,09/21/26
34358,0.29,Active,09/21/26
34360,0.25,Inactive,09/21/26
34361,0.25,Inactive,09/21/26
34362,0.29,Inactive,09/21/26
34363,0.29,Inactive,09/21/26
34372,0.29,Active,09/21/26
34377,0.39,Active,09/21/26
34381,0,Inactive,09/21/26
34384,0.25,Inactive,09/21/26
34387,0.3,Active,09/21/26
34393,0.29,Active,09/21/26
34397,0.29,Inactive,09/21/26
34398,0.3,Active,09/21/26
34401,0.39,Active,09/21/26
34406,0.3,Active,09/21/26
34410,0.29,Active,09/21/26
34412,0.26,Inactive,09/21/26
34431,0.29,Active,09/21/26
34432,0.29,Active,09/21/26
34433,0.39,Active,09/21/26
34434,0.29,Inactive,09/21/26
34436,0.39,Active,09/21/26
34450,0.39,Active,09/21/26
34452,0.29,Active,09/21/26
34457,0.25,Active,09/21/26
34458,0.29,Inactive,09/21/26
34469,0.35,Active,09/21/26
34471,0.29,Inactive,09/21/26
34503,0.29,Inactive,09/21/26
34504,0.29,Active,09/21/26
34511,0.29,Active,09/21/26
34515,0.29,Active,09/21/26
34518,0.35,Active,09/21/26
34520,0.29,Inactive,09/21/26
34522,0.29,Active,09/21/26
34524,0.29,Active,09/21/26
34529,0.59,Inactive,09/21/26
34530,0.15,Active,09/21/26
34536,0.19,Active,09/21/26
34537,0.39,Active,09/21/26
34549,0.29,Active,09/21/26
34553,0.25,Active,09/21/26
34564,0.39,Active,09/21/26
34565,0.3,Inactive,09/21/26
34567,0.25,Active,09/21/26
34576,0.2,Active,09/21/26
34577,0.29,Active,09/21/26
34582,0.25,Active,09/21/26
34585,0.59,Active,09/21/26
34598,0.15,Active,09/21/26
34604,0.25,Active,09/21/26
34606,0.25,Active,09/21/26
34609,0.25,Active,09/21/26
34611,0.2,Active,09/21/26
34623,0.29,Inactive,09/21/26
34630,0.29,Active,09/21/26
34636,0.25,Inactive,09/21/26
34643,0.29,Active,09/21/26
34644,0.39,Active,09/21/26
34648,0.29,Active,09/21/26
34663,0.29,Active,09/21/26
34668,0.29,Active,09/21/26
34669,0.29,Inactive,09/21/26
34676,0.3,Active,09/21/26
34689,0.39,Active,09/21/26
34695,0.25,Active,09/21/26
34698,0.29,Active,09/21/26
34700,0.4,Inactive,09/21/26
34702,0.35,Active,09/21/26
34710,0.75,Active,09/21/26
34724,0.35,Active,09/21/26
34729,0.29,Active,09/21/26
34731,0.25,Active,09/21/26
34735,0.1,Active,09/21/26
34737,0.35,Inactive,09/21/26
34738,0.29,Active,09/21/26
34743,0.25,Active,09/21/26
34744,0.25,Active,09/21/26
34745,0.49,Inactive,09/21/26
34746,0.29,Inactive,09/21/26
34751,0.49,Active,09/21/26
34764,0.29,Active,09/21/26
34776,0.29,Active,09/21/26
34778,0.25,Inactive,09/21/26
34783,0.29,Active,09/21/26
34784,0.25,Inactive,09/21/26
34792,0.39,Inactive,09/21/26
34793,0.25,Active,09/21/26
34796,0.29,Active,09/21/26
34797,0.25,Active,09/21/26
34798,0,Active,09/21/26
34800,0.25,Active,09/21/26
34803,0.39,Inactive,09/21/26
34804,0.29,Active,09/21/26
34807,0.39,Active,09/21/26
34815,0.25,Inactive,09/21/26
34816,0.29,Inactive,09/21/26
34823,0.29,Active,09/21/26
34824,0.29,Inactive,09/21/26
34826,0.29,Active,09/21/26
34830,0,Active,09/21/26
34831,0.25,Active,09/21/26
34833,0.49,Active,09/21/26
34836,0.25,Active,09/21/26
34838,0.25,Active,09/21/26
34839,0.29,Active,09/21/26
34841,0.25,Active,09/21/26
34842,0.35,Active,09/21/26
34845,0.29,Active,09/21/26
34847,0.29,Active,09/21/26
34851,0.19,Inactive,09/21/26
34852,0.19,Active,09/21/26
34855,0.29,Active,09/21/26
34862,0.29,Active,09/21/26
34863,0,Active,09/21/26
34864,0.29,Active,09/21/26
34867,0.29,Active,09/21/26
34868,0.25,Active,09/21/26
34869,0.25,Inactive,09/21/26
34870,0.29,Inactive,09/21/26
34874,0.25,Inactive,09/21/26
34882,0.3,Active,09/21/26
34885,0.2,Inactive,09/21/26
34891,0.25,Active,09/21/26
34892,0.39,Active,09/21/26
34896,0.29,Active,09/21/26
34897,0.25,Active,09/21/26
34900,0.15,Active,09/21/26
34901,0.3,Active,09/21/26
34902,0.29,Inactive,09/21/26
34909,0,Inactive,09/21/26
34916,0.25,Inactive,09/21/26
34918,0.39,Inactive,09/21/26
34921,0.59,Inactive,09/21/26
34923,0.25,Inactive,09/21/26
34928,0.39,Inactive,09/21/26
34934,0.3,Active,09/21/26
34936,0.29,Active,09/21/26
34937,0.25,Active,09/21/26
34938,0.25,Active,09/21/26
34939,0.75,Active,09/21/26
34940,0.3,Active,09/21/26
34941,0.29,Active,09/21/26
34943,0.25,Active,09/21/26
34945,0.29,Active,09/21/26
34947,0.5,Active,09/21/26
34953,0.29,Active,09/21/26
34956,0.25,Active,09/21/26
34957,0.29,Inactive,09/21/26
34959,0.25,Inactive,09/21/26
34960,0.25,Inactive,09/21/26
34961,0.5,Inactive,09/21/26
34964,0.29,Active,09/21/26
34967,0.3,Inactive,09/21/26
34970,0.29,Active,09/21/26
34972,0.35,Active,09/21/26
34976,0.29,Active,09/21/26
34977,0.29,Active,09/21/26
34978,0.39,Inactive,09/21/26
34979,0.29,Active,09/21/26
34984,0.29,Inactive,09/21/26
34985,0,Active,09/21/26
34986,0.5,Active,09/21/26
34993,0.29,Active,09/21/26
34994,0.4,Inactive,09/21/26
34996,0.25,Inactive,09/21/26
35016,0.39,Inactive,09/21/26
35021,0.29,Active,09/21/26
35025,0.25,Active,09/21/26
35027,0.39,Inactive,09/21/26
35032,0.39,Active,09/21/26
35035,0.29,Active,09/21/26
35038,0.25,Inactive,09/21/26
35044,0.29,Active,09/21/26
35048,0.39,Active,09/21/26
35050,0.25,Active,09/21/26
35052,0.29,Active,09/21/26
35064,0.29,Active,09/21/26
35068,0.25,Active,09/21/26
35075,0.1,Inactive,09/21/26
35080,0.39,Active,09/21/26
35081,0.25,Active,09/21/26
35083,0.29,Active,09/21/26
35113,0.25,Active,09/21/26
35139,0.5,Active,09/21/26
35140,0.29,Active,09/21/26
35160,0.15,Active,09/21/26
35161,0.49,Active,09/21/26
35166,0.6,Active,09/21/26
35169,0.3,Inactive,09/21/26
35170,0.35,Active,09/21/26
35172,0.6,Active,09/21/26
35178,0.39,Active,09/21/26
35179,0.39,Active,09/21/26
35180,0.29,Active,09/21/26
35181,0,Active,09/21/26
35184,0.29,Active,09/21/26
35192,0.29,Active,09/21/26
35194,0.39,Inactive,09/21/26
35196,0.25,Active,09/21/26
35203,0.29,Active,09/21/26
35205,0.29,Inactive,09/21/26
35206,0.39,Active,09/21/26
35207,0.25,Inactive,09/21/26
35209,0.39,Active,09/21/26
35210,0.29,Active,09/21/26
35214,0.29,Active,09/21/26
35215,0.39,Active,09/21/26
35219,0.29,Inactive,09/21/26
35220,0.59,Active,09/21/26
35221,0.3,Active,09/21/26
35222,0.29,Active,09/21/26
35226,0.29,Active,09/21/26
35239,0.39,Inactive,09/21/26
35240,0.3,Active,09/21/26
35241,0.25,Active,09/21/26
35242,0.29,Active,09/21/26
35243,0.29,Inactive,09/21/26
35245,0.39,Active,09/21/26
35248,0.3,Active,09/21/26
35249,0.25,Active,09/21/26
35250,0.39,Active,09/21/26
35265,0.29,Active,09/21/26
35266,0.3,Active,09/21/26
35270,0.25,Active,09/21/26
35276,0.39,Active,09/21/26
35282,0.25,Inactive,09/21/26
35290,0.29,Active,09/21/26
35292,0.29,Active,09/21/26
35296,0.5,Active,09/21/26
35317,0.29,Active,09/21/26
35319,0.29,Inactive,09/21/26
35320,0.25,Active,09/21/26
35324,0.3,Active,09/21/26
35325,0.29,Active,09/21/26
35329,0.29,Active,09/21/26
35331,0,Active,09/21/26
35337,0.35,Inactive,09/21/26
35340,0.29,Active,09/21/26
35343,Not Priced,Inactive,
35344,0.25,Inactive,09/21/26
35345,0.29,Active,09/21/26
35346,0.59,Active,09/21/26
35350,0.25,Active,09/21/26
35354,0.39,Active,09/21/26
35357,0.75,Active,09/21/26
35362,0.29,Active,09/21/26
35369,0.3,Active,09/21/26
35374,0,Active,09/21/26
35375,0.39,Active,09/21/26
35380,0.29,Active,09/21/26
35381,0.35,Active,09/21/26
35391,0.29,Active,09/21/26
35401,0.4,Inactive,09/21/26
35402,0.29,Active,09/21/26
35403,0.35,Inactive,09/21/26
35405,0.25,Active,09/21/26
35411,0.35,Inactive,09/21/26
35413,0.29,Inactive,09/21/26
35414,0.3,Active,09/21/26
35416,0,Active,09/21/26
35417,0.25,Active,09/21/26
35418,0.29,Inactive,09/21/26
35419,0.25,Active,09/21/26
35420,0.3,Active,09/21/26
35422,0.3,Inactive,09/21/26
35425,0.39,Inactive,09/21/26
35427,0.3,Active,09/21/26
35428,0.29,Inactive,09/21/26
35430,0.39,Inactive,09/21/26
35435,0.39,Active,09/21/26
35446,0.25,Inactive,09/21/26
35447,0.35,Active,09/21/26
35450,0.29,Active,09/21/26
35451,0.29,Inactive,09/21/26
35453,0.25,Active,09/21/26
35456,0.2,Inactive,09/21/26
35457,0.25,Active,09/21/26
35462,0.15,Active,09/21/26
35467,0.3,Inactive,09/21/26
35470,0.29,Active,09/21/26
35471,0.29,Inactive,09/21/26
35473,0.29,Inactive,09/21/26
35476,0.2,Active,09/21/26
35488,0.25,Inactive,09/21/26
35490,0.29,Active,09/21/26
35497,0.3,Active,09/21/26
35499,0.29,Active,09/21/26
35500,0.29,Active,09/21/26
35507,0.45,Active,09/21/26
35508,0.25,Active,09/21/26
35511,0.29,Inactive,09/21/26
35513,0.3,Active,09/21/26
35514,0.39,Active,09/21/26
35516,0.19,Active,09/21/26
35521,0.29,Inactive,09/21/26
35543,0.29,Active,09/21/26
35558,0.29,Active,09/21/26
35561,0.25,Active,09/21/26
35564,0.49,Inactive,09/21/26
35577,0.29,Active,09/21/26
35578,0.75,Active,09/21/26
35583,0.75,Active,09/21/26
35584,0.39,Inactive,09/21/26
35585,0.29,Active,09/21/26
35590,0.19,Active,09/21/26
35598,0.39,Inactive,09/21/26
35607,0.25,Active,09/21/26
35609,0.39,Inactive,09/21/26
35612,0.25,Active,09/21/26
35616,0.25,Inactive,09/21/26
35617,0.25,Active,09/21/26
35628,0.29,Active,09/21/26
35631,0.29,Active,09/21/26
35633,0.39,Inactive,09/21/26
35634,0.25,Active,09/21/26
35635,0.29,Inactive,09/21/26
35637,0.15,Active,09/21/26
35638,0.25,Inactive,09/21/26
35642,0.25,Active,09/21/26
35651,0.29,Active,09/21/26
35652,0.25,Inactive,09/21/26
35654,0.29,Inactive,09/21/26
35655,0.29,Active,09/21/26
35656,0.5,Inactive,09/21/26
35658,0.29,Inactive,09/21/26
35661,0.25,Active,09/21/26
35663,0.19,Inactive,09/21/26
35665,0.29,Active,09/21/26
35666,0.39,Inactive,09/21/26
35667,0.29,Active,09/21/26
35671,0.25,Active,09/21/26
35674,0.29,Active,09/21/26
35676,0.29,Active,09/21/26
35679,0.15,Active,09/21/26
35680,0.29,Active,09/21/26
35683,0.29,Inactive,09/21/26
35686,0.49,Active,09/21/26
35687,0.25,Active,09/21/26
35692,0.3,Active,09/21/26
35693,0.25,Active,09/21/26
35694,0.39,Inactive,09/21/26
35696,0.29,Inactive,09/21/26
35703,0.29,Active,09/21/26
35706,0.3,Inactive,09/21/26
35714,0.29,Active,09/21/26
35715,0.35,Inactive,09/21/26
35719,0.29,Active,09/21/26
35721,0.29,Inactive,09/21/26
35723,0.49,Inactive,09/21/26
35724,0.4,Inactive,09/21/26
35729,0.25,Active,09/21/26
35736,0.25,Inactive,09/21/26
35737,0.5,Active,09/21/26
35741,0.29,Active,09/21/26
35745,0.25,Active,09/21/26
35747,0.59,Inactive,09/21/26
35749,0.29,Inactive,09/21/26
35753,0.3,Active,09/21/26
35756,0.29,Inactive,09/21/26
35757,0.25,Active,09/21/26
35759,0.3,Inactive,09/21/26
35761,0,Active,09/21/26
35763,0.29,Active,09/21/26
35765,0.25,Inactive,09/21/26
35767,0.29,Inactive,09/21/26
35768,0.49,Active,09/21/26
35771,0.29,Inactive,09/21/26
35773,0.59,Active,09/21/26
35775,0.29,Inactive,09/21/26
35779,0.3,Inactive,09/21/26
35783,0.19,Active,09/21/26
35784,0.29,Active,09/21/26
35785,0.35,Active,09/21/26
35786,0.2,Inactive,09/21/26
35797,0.25,Active,09/21/26
35798,0.39,Inactive,09/21/26
35800,0.5,Active,09/21/26
35803,0.25,Inactive,09/21/26
35807,0.29,Active,09/21/26
35809,0.29,Inactive,09/21/26
35810,0.29,Active,09/21/26
35813,0.29,Inactive,09/21/26
35817,0.45,Active,09/21/26
35818,0,Active,09/21/26
35827,0.29,Inactive,09/21/26
35831,0.29,Active,09/21/26
35837,0.39,Active,09/21/26
35841,0.49,Inactive,09/21/26
35844,0.29,Active,09/21/26
35848,0.3,Active,09/21/26
35850,0.35,Active,09/21/26
35854,0.39,Inactive,09/21/26
35855,0.39,Active,09/21/26
35856,0.2,Inactive,09/21/26
35857,0.15,Inactive,09/21/26
35860,0.25,Active,09/21/26
35864,0.29,Active,09/21/26
35865,0.29,Active,09/21/26
35870,0.29,Active,09/21/26
35871,0.39,Active,09/21/26
35874,0.29,Active,09/21/26
35878,0.25,Active,09/21/26
35879,0.39,Active,09/21/26
35881,0.25,Active,09/21/26
35884,0.29,Active,09/21/26
35886,0.29,Inactive,09/21/26
35893,0.29,Inactive,09/21/26
35895,0.3,Inactive,09/21/26
35899,0.29,Active,09/21/26
35900,0.29,Active,09/21/26
35908,0.29,Inactive,09/21/26
35909,0.15,Inactive,09/21/26
35910,0.29,Inactive,09/21/26
35911,0.25,Active,09/21/26
35913,0.3,Active,09/21/26
35918,0.25,Active,09/21/26
35919,0.29,Inactive,09/21/26
35920,0.25,Active,09/21/26
35928,0.29,Active,09/21/26
35931,0.29,Inactive,09/21/26
35932,0.25,Active,09/21/26
35933,0.23,Active,09/21/26
35934,0.2,Inactive,09/21/26
35939,0.29,Inactive,09/21/26
35940,0.39,Active,09/21/26
35944,0.5,Inactive,09/21/26
35947,0.3,Active,09/21/26
35949,0.3,Inactive,09/21/26
35956,0.25,Active,09/21/26
35960,0.39,Active,09/21/26
35966,0.39,Active,09/21/26
35967,0.39,Active,09/21/26
35969,0.25,Inactive,09/21/26
35978,0.25,Inactive,09/21/26
35988,0.49,Active,09/21/26
35994,0.29,Active,09/21/26
35998,0.29,Inactive,09/21/26
36011,0.4,Active,09/21/26
36013,0.25,Active,09/21/26
36014,0.29,Active,09/21/26
36016,0.29,Inactive,09/21/26
36029,0.25,Inactive,09/21/26
36031,0.3,Active,09/21/26
36033,0.59,Active,09/21/26
36034,0.29,Active,09/21/26
36038,0.29,Active,09/21/26
36043,0.39,Active,09/21/26
36045,0.39,Active,09/21/26
36051,0.39,Active,09/21/26
36053,0.2,Active,09/21/26
36055,0,Inactive,09/21/26
36056,0.2,Active,09/21/26
36058,0.5,Active,09/21/26
36068,Not Priced,Inactive,
36070,0.3,Active,09/21/26
36073,0.25,Active,09/21/26
36077,0.39,Active,09/21/26
36086,0.35,Inactive,09/21/26
36090,0.15,Inactive,09/21/26
36093,0.25,Inactive,09/21/26
36094,0.5,Active,09/21/26
36098,0.25,Active,09/21/26
36101,0.29,Inactive,09/21/26
36102,0.25,Active,09/21/26
36104,0.29,Inactive,09/21/26
36108,0.27,Active,09/21/26
36114,0.29,Inactive,09/21/26
36127,0.19,Active,09/21/26
36134,0.25,Inactive,09/21/26
36137,0.25,Active,09/21/26
36138,0.29,Active,09/21/26
36140,0.29,Active,09/21/26
36147,0.1,Active,09/21/26
36148,0.29,Active,09/21/26
36149,0.25,Active,09/21/26
36150,0.29,Active,09/21/26
36155,0.25,Active,09/21/26
36156,0.3,Inactive,09/21/26
36159,0.25,Inactive,09/21/26
36171,0.29,Inactive,09/21/26
36174,0.29,Active,09/21/26
36175,0.39,Active,09/21/26
36176,0.25,Inactive,09/21/26
36186,0.25,Active,09/21/26
36187,0.25,Active,09/21/26
36205,0.25,Inactive,09/21/26
36211,0,Active,09/21/26
36212,0.39,Inactive,09/21/26
36213,Not Priced,Inactive,
36215,0.5,Inactive,09/21/26
36221,0.29,Active,09/21/26
36224,0.4,Active,09/21/26
36225,0.39,Active,09/21/26
36227,0.29,Active,09/21/26
36229,0.25,Inactive,09/21/26
36242,0.29,Active,09/21/26
36244,0.39,Active,09/21/26
36245,0.29,Inactive,09/21/26
36246,0.29,Inactive,09/21/26
36250,0,Active,09/21/26
36256,0.29,Active,09/21/26
36261,0.19,Inactive,09/21/26
36262,0.3,Active,09/21/26
36266,0.39,Active,09/21/26
36267,0.2,Inactive,09/21/26
36268,0.25,Inactive,09/21/26
36277,0.3,Active,09/21/26
36278,0.4,Active,09/21/26
36285,0.29,Active,09/21/26
36297,0.29,Active,09/21/26
36299,0.39,Inactive,09/21/26
36302,0.2,Active,09/21/26
36303,0.45,Active,09/21/26
36304,0.3,Inactive,09/21/26
36310,0.25,Inactive,09/21/26
36312,0.39,Inactive,09/21/26
36313,0.25,Active,09/21/26
36329,0.3,Active,09/21/26
36330,0.25,Active,09/21/26
36331,0.3,Inactive,09/21/26
36333,0.29,Active,09/21/26
36335,0.29,Active,09/21/26
36336,0.49,Active,09/21/26
36337,0.19,Inactive,09/21/26
36338,0.29,Active,09/21/26
36342,0.25,Active,09/21/26
36344,0.39,Inactive,09/21/26
36346,0,Active,09/21/26
36349,0.25,Inactive,09/21/26
36354,0.35,Active,09/21/26
36363,0.29,Inactive,09/21/26
36374,0.35,Active,09/21/26
36375,0.25,Active,09/21/26
36377,0.3,Inactive,09/21/26
36383,0.39,Active,09/21/26
36386,0.29,Active,09/21/26
36392,0.5,Active,09/21/26
36396,0.29,Inactive,09/21/26
36397,0.29,Inactive,09/21/26
36398,0.29,Active,09/21/26
36399,0.15,Active,09/21/26
36400,0.19,Active,09/21/26
36402,0.39,Active,09/21/26
36403,0.39,Inactive,09/21/26
36404,0.25,Active,09/21/26
36416,0.25,Active,09/21/26
36417,0.29,Active,09/21/26
36422,0.25,Active,09/21/26
36426,0.39,Active,09/21/26
36428,0.5,Inactive,09/21/26
36432,0.29,Inactive,09/21/26
36441,0.4,Active,09/21/26
36443,0.49,Active,09/21/26
36445,0.3,Inactive,09/21/26
36448,0.25,Active,09/21/26
36453,0.39,Active,09/21/26
36459,0.39,Active,09/21/26
36463,0.29,Active,09/21/26
36469,0.25,Active,09/21/26
36470,0.29,Active,09/21/26
36481,0.25,Active,09/21/26
36482,0.29,Active,09/21/26
36484,0.25,Inactive,09/21/26
36487,0.25,Active,09/21/26
36488,0.25,Active,09/21/26
36489,0.25,Active,09/21/26
36492,0,Active,09/21/26
36493,0.3,Inactive,09/21/26
36496,0.29,Active,09/21/26
36497,0.35,Inactive,09/21/26
36499,0.25,Active,09/21/26
36504,0.29,Active,09/21/26
36510,0.15,Active,09/21/26
36536,0.29,Active,09/21/26
36538,0.39,Inactive,09/21/26
36540,0.29,Active,09/21/26
36544,0.3,Active,09/21/26
36546,0.39,Active,09/21/26
36549,0.35,Inactive,09/21/26
36553,0.3,Inactive,09/21/26
36556,0.39,Active,09/21/26
36557,0.39,Active,09/21/26
36558,0.39,Active,09/21/26
36566,0.23,Active,09/21/26
36567,0.29,Inactive,09/21/26
36569,0.29,Active,09/21/26
36574,0.49,Active,09/21/26
36579,0.39,Active,09/21/26
36584,0.29,Active,09/21/26
36589,0.39,Active,09/21/26
36593,0.25,Active,09/21/26
36594,0.39,Inactive,09/21/26
36603,0.25,Active,09/21/26
36605,0.29,Active,09/21/26
36608,0.23,Inactive,09/21/26
36611,0.54,Inactive,09/21/26
36612,0.29,Active,09/21/26
36615,0.39,Active,09/21/26
36622,0,Inactive,09/21/26
36629,0.29,Inactive,09/21/26
36634,0.29,Active,09/21/26
36638,0.39,Active,09/21/26
36646,0.29,Active,09/21/26
36650,0.39,Inactive,09/21/26
36667,0.39,Active,09/21/26
36672,0.39,Active,09/21/26
36677,0.25,Inactive,09/21/26
36681,0.25,Inactive,09/21/26
36682,0.25,Active,09/21/26
36685,0.39,Active,09/21/26
36696,0.29,Inactive,09/21/26
36705,0.2,Inactive,09/21/26
36712,0.25,Active,09/21/26
36715,0.3,Inactive,09/21/26
36720,0.3,Active,09/21/26
36729,0.29,Active,09/21/26
36733,0.25,Active,09/21/26
36734,0.45,Active,09/21/26
36735,0.2,Inactive,09/21/26
36737,0.49,Active,09/21/26
36745,0.25,Inactive,09/21/26
36748,0.39,Active,09/21/26
36750,0.3,Inactive,09/21/26
36752,0.29,Inactive,09/21/26
36754,0,Active,09/21/26
36761,0.19,Inactive,09/21/26
36762,0,Inactive,09/21/26
36763,0.29,Inactive,09/21/26
36765,0.29,Active,09/21/26
36770,0.39,Active,09/21/26
36779,0.29,Inactive,09/21/26
36782,0.25,Inactive,09/21/26
36792,0.2,Inactive,09/21/26
36793,0.29,Active,09/21/26
36799,0.29,Inactive,09/21/26
36804,0.25,Active,09/21/26
36811,0.45,Active,09/21/26
36814,0.29,Active,09/21/26
36835,0.3,Active,09/21/26
36839,0.25,Active,09/21/26
36841,0.2,Active,09/21/26
36843,0.25,Active,09/21/26
36846,0.39,Active,09/21/26
36862,0.29,Active,09/21/26
36869,0.15,Active,09/21/26
36876,0.25,Active,09/21/26
36882,0.29,Active,09/21/26
36892,0.29,Active,09/21/26
36901,0.25,Active,09/21/26
36903,0.25,Active,09/21/26
36908,0.39,Active,09/21/26
36912,0.25,Inactive,09/21/26
36925,0.59,Inactive,09/21/26
36926,0.29,Inactive,09/21/26
36937,0,Inactive,09/21/26
36953,0.35,Active,09/21/26
36954,0.35,Active,09/21/26
36956,0.25,Inactive,09/21/26
36960,0.25,Active,09/21/26
36962,0.35,Active,09/21/26
36967,0.2,Inactive,09/21/26
36971,0.29,Inactive,09/21/26
36973,0.29,Inactive,09/21/26
36977,0.29,Active,09/21/26
36983,0.29,Active,09/21/26
36985,0.49,Active,09/21/26
36991,0.5,Active,09/21/26
36994,0.3,Inactive,09/21/26
37000,0.1,Active,09/21/26
37002,0.29,Inactive,09/21/26
37008,0.15,Active,09/21/26
37009,0.45,Inactive,09/21/26
37011,0.29,Active,09/21/26
37016,0.29,Inactive,09/21/26
37027,0.39,Active,09/21/26
37028,0.39,Active,09/21/26
37029,0.29,Active,09/21/26
37030,0.29,Active,09/21/26
37033,0.3,Active,09/21/26
37038,0.25,Active,09/21/26
37045,0.25,Active,09/21/26
37046,0.39,Active,09/21/26
37074,0.25,Active,09/21/26
37078,0.29,Active,09/21/26
37082,0.29,Inactive,09/21/26
37096,0.3,Active,09/21/26
37102,0.39,Active,09/21/26
37103,0.3,Active,09/21/26
37111,0.29,Active,09/21/26
37113,0.25,Active,09/21/26
37116,0.29,Active,09/21/26
37117,0.25,Active,09/21/26
37125,0.29,Active,09/21/26
37126,0.25,Active,09/21/26
37129,0.25,Active,09/21/26
37131,0.39,Active,09/21/26
37132,0.3,Active,09/21/26
37134,0.25,Active,09/21/26
37139,0.3,Active,09/21/26
37142,0.25,Active,09/21/26
37146,0.25,Active,09/21/26
37150,0.29,Inactive,09/21/26
37155,0.29,Inactive,09/21/26
37156,0.59,Active,09/21/26
37165,0.35,Active,09/21/26
37172,0.25,Active,09/21/26
37176,0.19,Inactive,09/21/26
37177,0.25,Inactive,09/21/26
37183,0.25,Active,09/21/26
37184,0.29,Active,09/21/26
37186,0.15,Active,09/21/26
37187,0.3,Active,09/21/26
37189,0.25,Active,09/21/26
37190,0.25,Inactive,09/21/26
37193,0.29,Active,09/21/26
37196,0.25,Active,09/21/26
37206,0.75,Active,09/21/26
37207,0.25,Active,09/21/26
37212,0.49,Active,09/21/26
37213,0.59,Active,09/21/26
37215,0.29,Inactive,09/21/26
37218,0.29,Inactive,09/21/26
37223,0.29,Active,09/21/26
37224,0.4,Active,09/21/26
37229,0.25,Inactive,09/21/26
37235,0.39,Inactive,09/21/26
37237,0.3,Active,09/21/26
37239,0.49,Active,09/21/26
37243,0.29,Active,09/21/26
37249,0.15,Active,09/21/26
37252,0.25,Active,09/21/26
37258,0.35,Active,09/21/26
37263,0.2,Inactive,09/21/26
37264,0.3,Active,09/21/26
37265,0.29,Active,09/21/26
37272,0.25,Inactive,09/21/26
37273,0.3,Active,09/21/26
37294,0.29,Active,09/21/26
37302,0.29,Active,09/21/26
37303,0.15,Active,09/21/26
37305,0,Active,09/21/26
37306,0.29,Active,09/21/26
37314,0.3,Active,09/21/26
37346,0.3,Active,09/21/26
37347,0.5,Active,09/21/26
37348,0.25,Active,09/21/26
37359,0.29,Active,09/21/26
37374,0.25,Active,09/21/26
37376,0.29,Active,09/21/26
37378,0.25,Active,09/21/26
37382,1,Active,09/21/26
37385,0.29,Active,09/21/26
37386,0.49,Active,09/21/26
37387,0.25,Inactive,09/21/26
37396,0.39,Inactive,09/21/26
37397,0,Active,09/21/26
37400,0.3,Active,09/21/26
37411,0.35,Active,09/21/26
37412,0.2,Active,09/21/26
37421,0.25,Inactive,09/21/26
37425,0.29,Active,09/21/26
37426,0.29,Active,09/21/26
37431,0.15,Inactive,09/21/26
37443,0.29,Active,09/21/26
37453,0.29,Active,09/21/26
37454,0.29,Inactive,09/21/26
37469,0.29,Active,09/21/26
37479,0.39,Active,09/21/26
37493,0.29,Active,09/21/26
37494,0.29,Active,09/21/26
37497,0.25,Active,09/21/26
37500,0.29,Active,09/21/26
37505,0.29,Active,09/21/26
37508,0.25,Active,09/21/26
37509,0.35,Inactive,09/21/26
37519,0.5,Active,09/21/26
37522,0.25,Inactive,09/21/26
37524,0.29,Active,09/21/26
37528,0.29,Active,09/21/26
37565,0.3,Active,09/21/26
37566,0.29,Active,09/21/26
37567,0.29,Active,09/21/26
37577,0.39,Inactive,09/21/26
37579,0.5,Inactive,09/21/26
37586,0.39,Active,09/21/26
37589,0.25,Active,09/21/26
37604,0.29,Active,09/21/26
37614,0.25,Active,09/21/26
37623,0.25,Active,09/21/26
37627,0.29,Active,09/21/26
37640,0.29,Active,09/21/26
37651,0.25,Inactive,09/21/26
37659,0.49,Active,09/21/26
37663,0.25,Inactive,09/21/26
37679,0.39,Active,09/21/26
37692,0.25,Inactive,09/21/26
37700,0.39,Active,09/21/26
37702,0.39,Active,09/21/26
37718,0.49,Active,09/21/26
37755,0.39,Active,09/21/26
37768,0,Active,09/21/26
37792,0.29,Active,09/21/26
37798,0.29,Inactive,09/21/26
37804,0.25,Inactive,09/21/26
37816,0.29,Inactive,09/21/26
37833,0,Active,09/21/26
37835,0.15,Inactive,09/21/26
37852,0,Active,09/21/26
37856,0.29,Active,09/21/26
37871,0.29,Active,09/21/26
37872,0.35,Active,09/21/26
37875,0.4,Active,09/21/26
37876,0.25,Inactive,09/21/26
37889,0.29,Active,09/21/26
37899,0.19,Inactive,09/21/26
37918,0.3,Active,09/21/26
37925,0.3,Active,09/21/26
37926,0.29,Active,09/21/26
37935,0.29,Inactive,09/21/26
37939,0.25,Inactive,09/21/26
37942,0.29,Active,09/21/26
37944,0.29,Active,09/21/26
37948,0.39,Active,09/21/26
37954,0.2,Inactive,09/21/26
37956,0.3,Inactive,09/21/26
37958,0.29,Active,09/21/26
37972,0.15,Active,09/21/26
37973,0.25,Inactive,09/21/26
37985,0,Active,09/21/26
37987,0.3,Active,09/21/26
37988,0.29,Active,09/21/26
37996,0.5,Inactive,09/21/26
38015,0.59,Inactive,09/21/26
38023,0.3,Active,09/21/26
38024,0.25,Inactive,09/21/26
38033,0.49,Active,09/21/26
38042,0.6,Active,09/21/26
38045,0.3,Inactive,09/21/26
38050,0.29,Active,09/21/26
38058,0.29,Active,09/21/26
38072,0.29,Inactive,09/21/26
38081,0.25,Active,09/21/26
38086,0.3,Active,09/21/26
38099,0.25,Inactive,09/21/26
38105,0.39,Active,09/21/26
38131,0.29,Active,09/21/26
38180,0.25,Inactive,09/21/26
38204,0.29,Active,09/21/26
38215,0.29,Inactive,09/21/26
38231,0.3,Active,09/21/26
38243,0,Active,09/21/26
38268,0.49,Active,09/21/26
38307,0.25,Active,09/21/26
38335,0.29,Inactive,09/21/26
38349,0.29,Active,09/21/26
38360,0.29,Inactive,09/21/26
38378,0.25,Active,09/21/26
38415,0.39,Active,09/21/26
38433,0.39,Active,09/21/26
38435,0.39,Active,09/21/26
38452,0.29,Inactive,09/21/26
38459,0.39,Active,09/21/26
38464,0.29,Active,09/21/26
38466,0.25,Inactive,09/21/26
38475,0.3,Active,09/21/26
38488,0.29,Active,09/21/26
38490,0.29,Active,09/21/26
38491,0.25,Active,09/21/26
38495,0.29,Inactive,09/21/26
38503,0.25,Active,09/21/26
38520,0.49,Inactive,09/21/26
38522,0.3,Active,09/21/26
38525,0.59,Active,09/21/26
38535,0,Active,09/21/26
38538,0.25,Active,09/21/26
38545,0.49,Active,09/21/26
38547,0.39,Active,09/21/26
38555,0.35,Active,09/21/26
38556,0.25,Active,09/21/26
38566,0.25,Inactive,09/21/26
38593,0.19,Inactive,09/21/26
38594,0,Active,09/21/26
38601,0.29,Inactive,09/21/26
38607,0.29,Inactive,09/21/26
38609,0.29,Inactive,09/21/26
38610,0.29,Active,09/21/26
38616,0.29,Active,09/21/26
38618,0.29,Active,09/21/26
38625,0.25,Active,09/21/26
38627,0.29,Active,09/21/26
38631,0.39,Active,09/21/26
38632,0.29,Active,09/21/26
38647,0.29,Active,09/21/26
38657,0.25,Active,09/21/26
38663,0.25,Active,09/21/26
38679,0.3,Active,09/21/26
38711,0.29,Inactive,09/21/26
38714,0.25,Active,09/21/26
38715,0.25,Active,09/21/26
38721,0.29,Active,09/21/26
38724,0.39,Active,09/21/26
38735,0.59,Active,09/21/26
38736,0.25,Active,09/21/26
38737,0.29,Active,09/21/26
38747,0.19,Inactive,09/21/26
38756,0,Inactive,09/21/26
38758,0.15,Active,09/21/26
38759,0.29,Inactive,09/21/26
38760,0.25,Active,09/21/26
38765,0.29,Active,09/21/26
38784,0.29,Active,09/21/26
38788,0.29,Active,09/21/26
38792,0.25,Inactive,09/21/26
38793,0.25,Active,09/21/26
38795,0.25,Inactive,09/21/26
38817,0.3,Inactive,09/21/26
38838,0.25,Inactive,09/21/26
38840,0.25,Active,09/21/26
38841,0,Active,09/21/26
38844,0.29,Inactive,09/21/26
38845,0.29,Active,09/21/26
38850,0.25,Active,09/21/26
38857,0.29,Active,09/21/26
38877,0.25,Active,09/21/26
38881,0.2,Active,09/21/26
38888,0.25,Inactive,09/21/26
38898,0.29,Active,09/21/26
38907,0.29,Active,09/21/26
38908,0.29,Active,09/21/26
38909,0.3,Active,09/21/26
38918,0.15,Inactive,09/21/26
38919,0.45,Active,09/21/26
38929,0.39,Inactive,09/21/26
38942,0.3,Inactive,09/21/26
38949,0.29,Active,09/21/26
38955,0.25,Active,09/21/26
38956,0.29,Inactive,09/21/26
38958,0.25,Active,09/21/26
38960,0.39,Active,09/21/26
38968,0.25,Inactive,09/21/26
38980,0.25,Active,09/21/26
38983,0,Active,09/21/26
38987,0.29,Active,09/21/26
38997,0.49,Active,09/21/26
39007,0.39,Active,09/21/26
39008,0.29,Active,09/21/26
39016,0.29,Active,09/21/26
39017,0.29,Active,09/21/26
39018,0.3,Active,09/21/26
39019,0.39,Active,09/21/26
39022,0.29,Inactive,09/21/26
39025,0.25,Active,09/21/26
39032,0.25,Active,09/21/26
39048,0.15,Active,09/21/26
39051,0.29,Active,09/21/26
39053,0.75,Active,09/21/26
39055,0.15,Active,09/21/26
39065,0.3,Active,09/21/26
39080,0.59,Active,09/21/26
39086,0.25,Active,09/21/26
39087,0.29,Active,09/21/26
39089,0.29,Active,09/21/26
39091,0.59,Inactive,09/21/26
39092,0.29,Active,09/21/26
39095,0.49,Active,09/21/26
39097,0.29,Active,09/21/26
39100,0.29,Active,09/21/26
39111,0.45,Inactive,09/21/26
39119,0.25,Active,09/21/26
39132,0.29,Inactive,09/21/26
39134,0.29,Active,09/21/26
39138,0.29,Active,09/21/26
39144,0.39,Active,09/21/26
39146,0.29,Inactive,09/21/26
39147,0.25,Inactive,09/21/26
39148,0.69,Inactive,09/21/26
39170,0.39,Active,09/21/26
39179,0.29,Active,09/21/26
39182,0.3,Inactive,09/21/26
39188,Not Priced,Inactive,
39196,0.29,Active,09/21/26
39203,0.49,Active,09/21/26
39209,0.49,Active,09/21/26
39214,0.39,Inactive,09/21/26
39226,0.3,Inactive,09/21/26
39229,0.3,Active,09/21/26
39230,0.49,Active,09/21/26
39235,0.5,Active,09/21/26
39241,0.29,Active,09/21/26
39256,0.15,Active,09/21/26
39257,0.29,Active,09/21/26
39265,0.29,Inactive,09/21/26
39266,0.15,Active,09/21/26
39282,0,Inactive,09/21/26
39316,0.25,Active,09/21/26
39319,0.29,Active,09/21/26
39322,0.29,Inactive,09/21/26
39323,0.39,Inactive,09/21/26
39324,0.5,Active,09/21/26
39330,0.29,Active,09/21/26
39337,0,Active,09/21/26
39347,0.39,Active,09/21/26
39352,0.29,Active,09/21/26
39353,0.25,Inactive,09/21/26
39355,0.29,Inactive,09/21/26
39356,0.25,Active,09/21/26
39357,0.15,Active,09/21/26
39359,0.29,Active,09/21/26
39361,0.25,Inactive,09/21/26
39362,0.29,Inactive,09/21/26
39370,0.3,Active,09/21/26
39373,0.29,Active,09/21/26
39376,0.49,Active,09/21/26
39379,0.25,Active,09/21/26
39381,0.25,Inactive,09/21/26
39384,0.29,Active,09/21/26
39386,0.39,Active,09/21/26
39391,0.29,Inactive,09/21/26
39392,0.1,Active,09/21/26
39396,0.29,Inactive,09/21/26
39397,0.39,Active,09/21/26
39398,0.29,Active,09/21/26
39401,0.39,Inactive,09/21/26
39405,0.3,Inactive,09/21/26
39431,0.3,Active,09/21/26
39432,0.29,Active,09/21/26
39434,0.25,Inactive,09/21/26
39439,0,Inactive,09/21/26
39440,0.39,Active,09/21/26
39441,0.25,Active,09/21/26
39443,0.29,Active,09/21/26
39448,0.29,Active,09/21/26
39449,0.19,Inactive,09/21/26
39450,0.29,Active,09/21/26
39452,0.1,Active,09/21/26
39455,0.25,Active,09/21/26
39457,0.39,Active,09/21/26
39461,0.49,Inactive,09/21/26
39466,0.15,Inactive,09/21/26
39467,0.29,Active,09/21/26
39471,0.3,Active,09/21/26
39476,0,Active,09/21/26
39477,0.25,Active,09/21/26
39481,0.29,Inactive,09/21/26
39482,0.15,Active,09/21/26
39483,0.29,Active,09/21/26
39484,0.29,Active,09/21/26
39485,0.25,Active,09/21/26
39488,0.39,Active,09/21/26
39489,0.29,Inactive,09/21/26
39490,0.29,Active,09/21/26
39496,0.29,Active,09/21/26
39499,0.25,Active,09/21/26
39505,0.39,Active,09/21/26
39506,0.29,Active,09/21/26
39507,0.2,Inactive,09/21/26
39510,0,Active,09/21/26
39517,0.19,Inactive,09/21/26
39518,0.6,Active,09/21/26
39524,0.29,Active,09/21/26
39525,0.29,Active,09/21/26
39534,0.25,Active,09/21/26
39536,0.29,Active,09/21/26
39537,0.25,Active,09/21/26
39538,0.39,Inactive,09/21/26
39539,0.29,Active,09/21/26
39546,0.25,Active,09/21/26
39547,0.25,Active,09/21/26
39549,0,Active,09/21/26
39550,0.15,Inactive,09/21/26
39551,0.3,Active,09/21/26
39555,0.1,Active,09/21/26
39557,0.39,Inactive,09/21/26
39558,0.25,Active,09/21/26
39559,0.25,Active,09/21/26
39560,0.39,Active,09/21/26
39561,0.29,Active,09/21/26
39562,Not Priced,Inactive,
39563,0.25,Active,09/21/26
39571,0.29,Active,09/21/26
39574,0.25,Inactive,09/21/26
39576,0.25,Active,09/21/26
39578,0.25,Active,09/21/26
39579,0.29,Active,09/21/26
39581,0.25,Inactive,09/21/26
39582,0.25,Inactive,09/21/26
39584,0.25,Active,09/21/26
39585,0.3,Active,09/21/26
39587,0.3,Inactive,09/21/26
39590,0.54,Inactive,09/21/26
39591,0.29,Active,09/21/26
39592,0.29,Active,09/21/26
39594,0.29,Inactive,09/21/26
39595,0.39,Active,09/21/26
39596,0.49,Inactive,09/21/26
39598,1,Active,09/21/26
39605,0.29,Active,09/21/26
39615,0,Active,09/21/26
39616,0,Active,09/21/26
39617,0,Inactive,09/21/26
39618,0.39,Active,09/21/26
39623,0.25,Active,09/21/26
39626,0.29,Active,09/21/26
39630,0.29,Inactive,09/21/26
39632,0.45,Active,09/21/26
39633,0.25,Active,09/21/26
39637,0.29,Active,09/21/26
39639,0.29,Inactive,09/21/26
39641,0.25,Active,09/21/26
39642,0.39,Active,09/21/26
39644,0.1,Inactive,09/21/26
39645,0.29,Active,09/21/26
39650,0.15,Active,09/21/26
39651,0.29,Active,09/21/26
39664,0.1,Active,09/21/26
39670,0.29,Inactive,09/21/26
39671,0.29,Active,09/21/26
39672,0.25,Active,09/21/26
39674,0.25,Inactive,09/21/26
39675,0.49,Active,09/21/26
39681,0.39,Active,09/21/26
39685,0.29,Active,09/21/26
39688,0.4,Active,09/21/26
39689,0.39,Active,09/21/26
39698,0.25,Inactive,09/21/26
39703,0.25,Inactive,09/21/26
39704,0.22,Inactive,09/21/26
39713,0,Active,09/21/26
39715,0.19,Inactive,09/21/26
39717,0.25,Inactive,09/21/26
39719,0.35,Active,09/21/26
39725,0.29,Active,09/21/26
39726,0.29,Active,09/21/26
39728,0.29,Active,09/21/26
39729,0.35,Inactive,09/21/26
39732,0.49,Active,09/21/26
39737,0.49,Active,09/21/26
39740,0.39,Active,09/21/26
39743,0.29,Active,09/21/26
39744,0.29,Inactive,09/21/26
39747,0.29,Active,09/21/26
39749,0.4,Active,09/21/26
39752,0.25,Inactive,09/21/26
39755,0.25,Inactive,09/21/26
39761,0,Active,09/21/26
39768,0.29,Active,09/21/26
39769,0.29,Inactive,09/21/26
39770,0.19,Inactive,09/21/26
39771,0.29,Active,09/21/26
39776,0.3,Active,09/21/26
39777,0.25,Active,09/21/26
39786,0.29,Active,09/21/26
39793,0.25,Active,09/21/26
39797,0,Active,09/21/26
39798,0.25,Active,09/21/26
39806,0.29,Active,09/21/26
39809,0,Inactive,09/21/26
39814,0.25,Active,09/21/26
39815,0.29,Active,09/21/26
39820,0.29,Active,09/21/26
39821,0.2,Inactive,09/21/26
39824,Not Priced,Inactive,
39833,0.3,Inactive,09/21/26
39834,0.29,Inactive,09/21/26
39835,0.2,Active,09/21/26
39837,0.29,Active,09/21/26
39840,0.3,Inactive,09/21/26
39844,0.29,Inactive,09/21/26
39848,0.29,Active,09/21/26
39850,0.29,Inactive,09/21/26
39857,0.29,Active,09/21/26
39862,0.3,Inactive,09/21/26
39864,0.49,Active,09/21/26
39867,0.29,Active,09/21/26
39870,0.29,Active,09/21/26
39876,0.29,Active,09/21/26
39878,0.29,Active,09/21/26
39880,0.25,Active,09/21/26
39885,0.25,Active,09/21/26
39888,Not Priced,Inactive,
39893,0.25,Active,09/21/26
39899,0.25,Active,09/21/26
39902,0.39,Inactive,09/21/26
39903,0.25,Inactive,09/21/26
39905,0.6,Active,09/21/26
39906,0.29,Active,09/21/26
39909,0.39,Active,09/21/26
39912,0.2,Inactive,09/21/26
39913,0.25,Active,09/21/26
39914,0.29,Active,09/21/26
39917,0.39,Active,09/21/26
39921,0.29,Active,09/21/26
39923,0.29,Active,09/21/26
39924,0.29,Active,09/21/26
39925,0.49,Active,09/21/26
39928,0.75,Active,09/21/26
39929,0.29,Active,09/21/26
39930,0.39,Active,09/21/26
39931,0.26,Inactive,09/21/26
39932,0.39,Active,09/21/26
39937,0.39,Active,09/21/26
39942,0.29,Active,09/21/26
39943,0.25,Active,09/21/26
39952,0.29,Active,09/21/26
39954,0.29,Active,09/21/26
39955,0.25,Active,09/21/26
39956,0.25,Active,09/21/26
39957,0.25,Active,09/21/26
39958,0,Active,09/21/26
39962,0.2,Inactive,09/21/26
39965,0.25,Active,09/21/26
39967,0.25,Inactive,09/21/26
39971,0.29,Active,09/21/26
39974,0.69,Active,09/21/26
39977,0.25,Active,09/21/26
39979,0,Active,09/21/26
39995,0.29,Inactive,09/21/26
39996,0.49,Active,09/21/26
39997,0.49,Active,09/21/26
39998,0.29,Active,09/21/26
40301,0.29,Active,09/21/26
40332,0.3,Active,09/21/26
40339,0.19,Active,09/21/26
40357,0.29,Active,09/21/26
40360,0.29,Active,09/21/26
40362,0.19,Inactive,09/21/26
40374,0,Active,09/21/26
40406,0.25,Inactive,09/21/26
40407,0.6,Active,09/21/26
40409,0.29,Active,09/21/26
40410,0.39,Active,09/21/26
40419,0.25,Active,09/21/26
40421,0.25,Active,09/21/26
40422,0.29,Inactive,09/21/26
40425,0.3,Active,09/21/26
40430,0.3,Active,09/21/26
40435,0.29,Active,09/21/26
40438,0.29,Inactive,09/21/26
40439,Not Priced,Inactive,
40441,0.29,Inactive,09/21/26
40442,0.29,Inactive,09/21/26
40445,0.13,Active,09/21/26
40447,0.29,Active,09/21/26
40464,0.35,Inactive,09/21/26
40471,0.26,Inactive,09/21/26
40485,0.25,Active,09/21/26
40493,Not Priced,Inactive,
40496,0.15,Active,09/21/26
40497,0.25,Inactive,09/21/26
40500,0.29,Active,09/21/26
40502,0.25,Active,09/21/26
40508,0.29,Active,09/21/26
40509,0.29,Active,09/21/26
40516,0.25,Active,09/21/26
40519,0.2,Active,09/21/26
40534,0.29,Active,09/21/26
40538,0.29,Active,09/21/26
40539,0.29,Inactive,09/21/26
40544,0.29,Inactive,09/21/26
40552,0.2,Inactive,09/21/26
40560,0.3,Active,09/21/26
40561,0.25,Inactive,09/21/26
40562,0.29,Active,09/21/26
40570,0.25,Active,09/21/26
40572,0.25,Inactive,09/21/26
40576,0.3,Inactive,09/21/26
40578,0.15,Active,09/21/26
40585,0.25,Inactive,09/21/26
40588,0.49,Active,09/21/26
40595,0.35,Active,09/21/26
40596,0.39,Active,09/21/26
40598,0.29,Active,09/21/26
40604,0.29,Active,09/21/26
40619,0.2,Inactive,09/21/26
40621,0.47,Active,09/21/26
40627,0.25,Inactive,09/21/26
40630,0.29,Inactive,09/21/26
40633,0.3,Active,09/21/26
40635,0.29,Active,09/21/26
40636,0.25,Inactive,09/21/26
40642,0.25,Active,09/21/26
40645,0.39,Active,09/21/26
40646,0.39,Active,09/21/26
40649,0.25,Inactive,09/21/26
40650,0.25,Inactive,09/21/26
40654,0.25,Inactive,09/21/26
40655,0.25,Active,09/21/26
40668,0.39,Active,09/21/26
40669,0.29,Active,09/21/26
40671,0.25,Active,09/21/26
40684,0.25,Active,09/21/26
40688,0.29,Active,09/21/26
40689,0.29,Active,09/21/26
40691,0.25,Active,09/21/26
40705,0.29,Inactive,09/21/26
40707,0.3,Active,09/21/26
40708,0.25,Inactive,09/21/26
40709,0.25,Inactive,09/21/26
40718,0.29,Inactive,09/21/26
40720,0,Active,09/21/26
40721,0.25,Inactive,09/21/26
40722,0.29,Active,09/21/26
40726,0.29,Active,09/21/26
40731,0.15,Active,09/21/26
40733,0.25,Active,09/21/26
40735,0.25,Active,09/21/26
40746,0.29,Active,09/21/26
40748,0.25,Active,09/21/26
40752,0.29,Inactive,09/21/26
40757,0.39,Active,09/21/26
40758,0.15,Active,09/21/26
40760,0.29,Inactive,09/21/26
40762,0.4,Active,09/21/26
40768,Not Priced,Inactive,
40769,0.39,Inactive,09/21/26
40770,0.25,Active,09/21/26
40772,0.29,Active,09/21/26
40776,0.25,Inactive,09/21/26
40778,0.29,Active,09/21/26
40780,0.25,Active,09/21/26
40781,0.29,Active,09/21/26
40784,0.3,Inactive,09/21/26
40792,0.35,Active,09/21/26
40794,0.29,Active,09/21/26
40797,0.29,Inactive,09/21/26
40801,0.25,Active,09/21/26
40803,0.29,Active,09/21/26
40806,0,Active,09/21/26
40810,0.29,Inactive,09/21/26
40811,0.25,Active,09/21/26
40812,0.25,Active,09/21/26
40840,0.25,Active,09/21/26
40844,0.1,Inactive,09/21/26
40845,0.25,Active,09/21/26
40848,0.15,Active,09/21/26
40850,0.29,Active,09/21/26
40853,0.29,Active,09/21/26
40855,0.29,Inactive,09/21/26
40859,0.3,Inactive,09/21/26
40860,0.29,Inactive,09/21/26
40866,0.25,Inactive,09/21/26
40871,0.29,Active,09/21/26
40873,0.29,Active,09/21/26
40875,0.29,Active,09/21/26
40877,0.39,Active,09/21/26
40881,0.35,Active,09/21/26
40883,0.19,Inactive,09/21/26
40889,0.49,Active,09/21/26
40903,0.3,Active,09/21/26
40904,0.15,Active,09/21/26
40905,0.29,Inactive,09/21/26
40910,0.25,Active,09/21/26
40912,0.4,Inactive,09/21/26
40919,0.29,Active,09/21/26
40920,0.29,Active,09/21/26
40921,0.29,Active,09/21/26
40923,0.25,Inactive,09/21/26
40926,0.29,Active,09/21/26
40927,0.29,Inactive,09/21/26
40928,0.25,Active,09/21/26
40938,0,Active,09/21/26
40943,0.25,Active,09/21/26
40946,0.25,Active,09/21/26
40947,0.29,Active,09/21/26
40951,0.35,Inactive,09/21/26
40955,0.29,Active,09/21/26
40957,0.23,Active,09/21/26
40959,0.29,Active,09/21/26
40960,0.35,Active,09/21/26
40961,0.23,Active,09/21/26
40972,0.29,Active,09/21/26
40976,0.29,Active,09/21/26
40977,0.3,Active,09/21/26
40984,0.39,Active,09/21/26
40988,0.29,Inactive,09/21/26
40991,0.25,Active,09/21/26
40992,0.2,Inactive,09/21/26
40999,0.39,Active,09/21/26
41005,0.3,Active,09/21/26
41007,0.29,Active,09/21/26
41009,0.35,Active,09/21/26
41010,Not Priced,Inactive,
41014,0.29,Active,09/21/26
41015,0.39,Active,09/21/26
41018,0.25,Active,09/21/26
41021,0.29,Inactive,09/21/26
41024,0.39,Active,09/21/26
41034,0.29,Active,09/21/26
41035,0.29,Active,09/21/26
41038,0.25,Active,09/21/26
41042,0.25,Active,09/21/26
41043,0,Inactive,09/21/26
41045,0.39,Active,09/21/26
41048,0.25,Inactive,09/21/26
41051,0.25,Active,09/21/26
41058,0.25,Active,09/21/26
41059,0.3,Active,09/21/26
41061,0.13,Active,09/21/26
41068,0.29,Active,09/21/26
41069,0.25,Active,09/21/26
41070,0.39,Active,09/21/26
41072,0.2,Active,09/21/26
41074,0.15,Active,09/21/26
41080,0,Active,09/21/26
41088,0.3,Active,09/21/26
41095,0.35,Active,09/21/26
41096,0.29,Active,09/21/26
41104,0.25,Active,09/21/26
41105,0.25,Active,09/21/26
41107,0.29,Inactive,09/21/26
41108,0.38,Active,09/21/26
41109,0.29,Active,09/21/26
41116,0.25,Inactive,09/21/26
41117,0.29,Active,09/21/26
41123,0.29,Active,09/21/26
41124,0.25,Active,09/21/26
41126,0.25,Active,09/21/26
41128,0.39,Active,09/21/26
41129,0.29,Active,09/21/26
41130,0.35,Active,09/21/26
41132,0.25,Inactive,09/21/26
41138,0.25,Active,09/21/26
41139,0.22,Active,09/21/26
41143,0.29,Active,09/21/26
41144,0.29,Active,09/21/26
41145,0.1,Inactive,09/21/26
41146,0.29,Active,09/21/26
41151,0.2,Inactive,09/21/26
41160,0.19,Active,09/21/26
41162,0.25,Active,09/21/26
41170,0.39,Active,09/21/26
41171,0.25,Active,09/21/26
41172,0.39,Active,09/21/26
41176,0.33,Active,09/21/26
41180,0.5,Inactive,09/21/26
41181,0.29,Active,09/21/26
41183,0.3,Inactive,09/21/26
41184,0.15,Active,09/21/26
41185,0.29,Active,09/21/26
41187,0.29,Active,09/21/26
41188,0.29,Active,09/21/26
41192,0.45,Active,09/21/26
41196,0.29,Active,09/21/26
41197,Not Priced,Inactive,
41198,0.29,Active,09/21/26
41205,0.19,Inactive,09/21/26
41206,0.25,Active,09/21/26
41215,0.35,Inactive,09/21/26
41216,0.29,Active,09/21/26
41218,0.25,Inactive,09/21/26
41220,0.39,Active,09/21/26
41233,0.25,Active,09/21/26
41234,0.2,Active,09/21/26
41239,0.25,Inactive,09/21/26
41243,0.29,Active,09/21/26
41247,0.29,Inactive,09/21/26
41249,0.29,Active,09/21/26
41255,0.25,Active,09/21/26
41259,0.39,Active,09/21/26
41260,0.29,Active,09/21/26
41264,0.39,Inactive,09/21/26
41268,0.15,Active,09/21/26
41269,0.25,Inactive,09/21/26
41270,0.25,Active,09/21/26
41279,0.29,Inactive,09/21/26
41280,0.29,Active,09/21/26
41283,0.39,Active,09/21/26
41285,0.25,Active,09/21/26
41288,0.15,Active,09/21/26
41295,0.39,Inactive,09/21/26
41299,Not Priced,Inactive,
41306,0.25,Active,09/21/26
41312,0.39,Active,09/21/26
41316,0.29,Active,09/21/26
41318,0,Active,09/21/26
41320,0.19,Inactive,09/21/26
41329,Not Priced,Inactive,
41333,0.39,Active,09/21/26
41334,0.35,Active,09/21/26
41339,0.29,Active,09/21/26
41345,0.3,Active,09/21/26
41346,Not Priced,Inactive,
41351,Not Priced,Inactive,
41352,0.29,Active,09/21/26
41358,0.25,Active,09/21/26
41359,0.35,Active,09/21/26
41360,0.29,Active,09/21/26
41363,0.1,Inactive,09/21/26
41365,0.1,Active,09/21/26
41382,0,Active,09/21/26
41387,0.29,Inactive,09/21/26
41391,0,Active,09/21/26
41393,0.3,Active,09/21/26
41400,0.25,Active,09/21/26
41413,0,Inactive,09/21/26
41439,0.39,Active,09/21/26
41441,0.5,Active,09/21/26
43002,0.19,Inactive,09/21/26
43003,0.25,Inactive,09/21/26
43004,0,Active,09/21/26
43005,0.29,Active,09/21/26
43008,0.3,Active,09/21/26
43010,0.29,Active,09/21/26
43012,0.39,Active,09/21/26
43014,0.29,Inactive,09/21/26
43016,0.29,Inactive,09/21/26
43017,0.25,Inactive,09/21/26
43020,0.39,Active,09/21/26
43025,0.29,Active,09/21/26
43041,0.15,Active,09/21/26
43045,0.29,Active,09/21/26
43058,0.35,Inactive,09/21/26
43061,0.39,Inactive,09/21/26
43062,0.35,Active,09/21/26
43066,0.29,Active,09/21/26
43069,0.25,Inactive,09/21/26
43072,0.29,Active,09/21/26
43073,0.25,Active,09/21/26
43074,0.25,Active,09/21/26
43090,0.3,Active,09/21/26
43093,Not Priced,Inactive,
43095,0.25,Inactive,09/21/26
43105,0.39,Inactive,09/21/26
43108,0.29,Active,09/21/26
43111,0.25,Inactive,09/21/26
43112,0,Active,09/21/26
43113,0.29,Active,09/21/26
43117,0.25,Active,09/21/26
43119,0.3,Active,09/21/26
43121,0.29,Inactive,09/21/26
43128,0.3,Active,09/21/26
43130,0,Active,09/21/26
43132,0.29,Active,09/21/26
43133,0.35,Active,09/21/26
43139,0.25,Inactive,09/21/26
43156,0.29,Inactive,09/21/26
43161,Not Priced,Inactive,
43165,0.3,Active,09/21/26
43167,0.29,Inactive,09/21/26
43169,0.3,Active,09/21/26
43190,0.29,Active,09/21/26
43197,0,Active,09/21/26
43198,0.25,Inactive,09/21/26
43199,0.25,Active,09/21/26
43207,0,Active,09/21/26
43212,0.29,Active,09/21/26
43216,0.25,Active,09/21/26
43223,0.25,Inactive,09/21/26
43226,0.3,Active,09/21/26
43229,Not Priced,Inactive,
43230,0.29,Inactive,09/21/26
43232,0.2,Inactive,09/21/26
43236,Not Priced,Inactive,
43245,0.2,Inactive,09/21/26
43246,0.29,Active,09/21/26
43248,0.35,Inactive,09/21/26
43252,0.5,Active,09/21/26
43253,0.25,Active,09/21/26
43254,0.25,Active,09/21/26
43260,Not Priced,Inactive,
43261,0.29,Active,09/21/26
43262,0.39,Inactive,09/21/26
43271,0.29,Active,09/21/26
43274,0.25,Active,09/21/26
43276,0.39,Active,09/21/26
43277,0.49,Inactive,09/21/26
43287,0.29,Active,09/21/26
43293,0.2,Inactive,09/21/26
43295,0.29,Active,09/21/26
43296,0.39,Inactive,09/21/26
43299,0,Active,09/21/26
43308,0.29,Active,09/21/26
43319,0.49,Inactive,09/21/26
43325,0.29,Active,09/21/26
43327,0.25,Active,09/21/26
43330,0.25,Active,09/21/26
43339,0.25,Active,09/21/26
43343,0.25,Active,09/21/26
43344,0.29,Active,09/21/26
43353,0.29,Active,09/21/26
43354,0.25,Active,09/21/26
43359,0.25,Inactive,09/21/26
43360,0.25,Inactive,09/21/26
43361,Not Priced,Inactive,
43363,0.29,Inactive,09/21/26
43368,0.29,Active,09/21/26
43369,0.3,Active,09/21/26
43370,Not Priced,Inactive,
43378,0.25,Inactive,09/21/26
43380,0.29,Active,09/21/26
43382,0,Active,09/21/26
43384,0.29,Inactive,09/21/26
43387,0.2,Active,09/21/26
43389,0.29,Active,09/21/26
43390,0.29,Active,09/21/26
43391,0.29,Active,09/21/26
43393,0.1,Active,09/21/26
43404,0.29,Active,09/21/26
43420,0.29,Inactive,09/21/26
43432,0.2,Inactive,09/21/26
43433,0.29,Active,09/21/26
43443,0.29,Inactive,09/21/26
43448,0.39,Active,09/21/26
43450,0.29,Active,09/21/26
43462,0.29,Inactive,09/21/26
43463,Not Priced,Inactive,
43468,0.29,Active,09/21/26
43469,0.25,Active,09/21/26
43470,0.39,Active,09/21/26
43471,0.29,Active,09/21/26
43472,0.29,Inactive,09/21/26
43485,0.39,Active,09/21/26
43487,0.3,Inactive,09/21/26
43499,0.5,Inactive,09/21/26
43503,0.29,Inactive,09/21/26
43505,0.29,Active,09/21/26
43506,0.3,Active,09/21/26
43508,0.29,Active,09/21/26
43514,0.25,Active,09/21/26
43520,0.25,Inactive,09/21/26
43530,0.29,Inactive,09/21/26
43541,0.3,Active,09/21/26
43548,0.29,Active,09/21/26
43567,0.25,Active,09/21/26
43572,0.29,Active,09/21/26
43575,0.39,Active,09/21/26
43577,Not Priced,Active,
43589,0.25,Inactive,09/21/26
43590,0.29,Active,09/21/26
43591,0.4,Active,09/21/26
43599,Not Priced,Inactive,
43610,Not Priced,Inactive,
43618,0.29,Inactive,09/21/26
43621,0.35,Active,09/21/26
43643,0.29,Active,09/21/26
43659,0.49,Active,09/21/26
43672,0.25,Active,09/21/26
43680,0.25,Active,09/21/26
43686,0.29,Active,09/21/26
43698,0.29,Active,09/21/26
43700,0.39,Inactive,09/21/26
43701,0.29,Active,09/21/26
43702,Not Priced,Inactive,
43706,0.4,Active,09/21/26
43716,0.29,Active,09/21/26
43739,0.3,Active,09/21/26
43740,0.29,Active,09/21/26
43741,0.59,Active,09/21/26
43742,0.1,Active,09/21/26
43745,0.25,Active,09/21/26
43752,0.3,Active,09/21/26
43761,0.39,Active,09/21/26
43775,0.25,Inactive,09/21/26
43788,0.29,Active,09/21/26
43795,0.3,Active,09/21/26
43797,0.25,Active,09/21/26
43808,0.5,Active,09/21/26
43810,0.39,Active,09/21/26
43816,0.29,Inactive,09/21/26
43840,0.3,Active,09/21/26
43872,0.15,Inactive,09/21/26
43873,0.35,Active,09/21/26
43880,0.39,Active,09/21/26
43881,0.15,Active,09/21/26
43887,0.25,Active,09/21/26
43889,0.29,Active,09/21/26
43903,0.29,Active,09/21/26
43907,0.3,Active,09/21/26
43913,0.25,Inactive,09/21/26
43914,0.25,Inactive,09/21/26
43915,0.29,Inactive,09/21/26
43917,0,Active,09/21/26
43924,0.29,Active,09/21/26
43934,0.39,Active,09/21/26
43935,0.39,Active,09/21/26
43939,0.15,Active,09/21/26
43940,0.25,Active,09/21/26
43947,0.25,Active,09/21/26
43948,0.29,Active,09/21/26
43962,0.29,Inactive,09/21/26
43963,0.25,Inactive,09/21/26
43969,0.3,Active,09/21/26
43999,0.29,Active,09/21/26
44001,0.39,Active,09/21/26
44039,0.25,Active,09/21/26
44062,0.29,Active,09/21/26
44065,0.25,Inactive,09/21/26
44084,0.25,Inactive,09/21/26
44096,0.29,Inactive,09/21/26
44098,0.29,Active,09/21/26
44100,0.25,Active,09/21/26
44126,0.5,Active,09/21/26
44160,Not Priced,Inactive,
44200,Not Priced,Inactive,
44203,0,Active,09/21/26
44208,Not Priced,Inactive,
44222,0,Active,09/21/26
44249,0.29,Active,09/21/26
44298,0.25,Inactive,09/21/26
44322,Not Priced,Inactive,
44336,0.25,Active,09/21/26
44361,0.23,Active,09/21/26
44363,0.29,Inactive,09/21/26
44377,Not Priced,Inactive,
44413,0.39,Active,09/21/26
44455,0.29,Active,09/21/26
44494,0.25,Active,09/21/26
44510,0.3,Active,09/21/26
44517,0.29,Active,09/21/26
44532,0.29,Active,09/21/26
44626,0.39,Active,09/21/26
44640,0.25,Active,09/21/26
44796,0.25,Active,09/21/26
44814,0.25,Active,09/21/26
44831,0.29,Active,09/21/26
44882,0.29,Active,09/21/26
44994,0.13,Active,09/21/26
45000,Not Priced,Inactive,
45015,0.25,Active,09/21/26
45130,Not Priced,Active,
45167,0.25,Active,09/21/26
45261,0.4,Active,09/21/26
45299,0.29,Active,09/21/26
45342,0.25,Inactive,09/21/26
59109,1,Active,09/21/26
67890,Not Priced,Inactive,
70555,Not Priced,Inactive,
71248,Not Priced,Inactive,
80000,Not Priced,Inactive,
80121,Not Priced,Inactive,
80133,Not Priced,Inactive,
80167,Not Priced,Inactive,
80168,Not Priced,Inactive,
80169,Not Priced,Inactive,
80203,Not Priced,Inactive,
80205,Not Priced,Inactive,
80275,Not Priced,Inactive,
80276,Not Priced,Inactive,
80277,Not Priced,Inactive,
80554,Not Priced,Inactive,
80762,Not Priced,Inactive,
80776,Not Priced,Inactive,
80781,Not Priced,Inactive,
80785,Not Priced,Inactive,
81078,Not Priced,Inactive,
81089,Not Priced,Inactive,
81223,Not Priced,Inactive,
81243,Not Priced,Inactive,
81244,Not Priced,Inactive,
81245,Not Priced,Inactive,
81246,Not Priced,Inactive,
81247,0.29,Inactive,09/21/26
81252,Not Priced,Inactive,
81422,Not Priced,Inactive,
81532,Not Priced,Inactive,
82088,Not Priced,Inactive,
82100,Not Priced,Inactive,
82101,Not Priced,Inactive,
82102,Not Priced,Inactive,
82137,Not Priced,Inactive,
82310,Not Priced,Inactive,
82320,Not Priced,Inactive,
82330,Not Priced,Inactive,
82332,Not Priced,Inactive,
82339,Not Priced,Inactive,
82520,Not Priced,Inactive,
82610,Not Priced,Inactive,
84040,Not Priced,Inactive,
84776,Not Priced,Inactive,
85120,Not Priced,Inactive,
85590,Not Priced,Inactive,
86640,Not Priced,Inactive,
87410,Not Priced,Inactive,
87420,Not Priced,Inactive,
87900,Not Priced,Inactive,
88251,Not Priced,Inactive,
88710,Not Priced,Inactive,
88720,Not Priced,Inactive,
88740,Not Priced,Inactive,
89400,Not Priced,Inactive,
89960,Not Priced,Inactive,
89990,Not Priced,Inactive,
90009,Not Priced,Inactive,
90099,Not Priced,Inactive,
90990,Not Priced,Inactive,
91112,Not Priced,Inactive,
91113,Not Priced,Inactive,
92670,Not Priced,Inactive,
92680,Not Priced,Inactive,
92690,Not Priced,Inactive,
92700,Not Priced,Inactive,
92710,Not Priced,Inactive,
92720,Not Priced,Inactive,
92730,Not Priced,Inactive,
92740,Not Priced,Inactive,
92750,Not Priced,Inactive,
92760,Not Priced,Inactive,
92770,Not Priced,Inactive,
92780,Not Priced,Inactive,
92790,Not Priced,Inactive,
92890,Not Priced,Inactive,
93149,Not Priced,Inactive,
95670,Not Priced,Inactive,
95680,Not Priced,Inactive,
95700,Not Priced,Inactive,
95710,Not Priced,Inactive,
95720,Not Priced,Inactive,
95750,Not Priced,Inactive,
97130,Not Priced,Inactive,
97140,Not Priced,Inactive,
97150,Not Priced,Inactive,
99058,Not Priced,Inactive,
99087,Not Priced,Inactive,
99088,Not Priced,Inactive,
99093,Not Priced,Inactive,
99099,Not Priced,Inactive,
99111,Not Priced,Inactive,
99118,Not Priced,Inactive,
99119,Not Priced,Inactive,
99121,Not Priced,Inactive,
99122,Not Priced,Inactive,
99142,Not Priced,Inactive,
99171,Not Priced,Inactive,
99175,Not Priced,Inactive,
99210,Not Priced,Inactive,
99231,Not Priced,Inactive,
99816,Not Priced,Inactive,
99818,Not Priced,Inactive,
99900,Not Priced,Inactive,
99909,Not Priced,Inactive,
99976,Not Priced,Inactive,
99989,Not Priced,Inactive,
99990,Not Priced,Inactive,
99991,Not Priced,Inactive,
99992,Not Priced,Inactive,
99995,Not Priced,Inactive,
99996,Not Priced,Inactive,
99999,Not Priced,Inactive,
111111,0.3,Active,09/21/26
123456,Not Priced,Inactive,09/21/26
123457,Not Priced,Inactive,
222222,Not Priced,Inactive,
989898,Not Priced,Inactive,
999994,Not Priced,Inactive,
1212111,Not Priced,Inactive,
1234567,Not Priced,Inactive,
9999913,Not Priced,Inactive,
9999999,Not Priced,Inactive,
12419002,Not Priced,Inactive,
99999122,Not Priced,Inactive,
9999999100,Not Priced,Inactive,
